Sentence,Label
Better to spend the weekend in jail than get convicted of something you didnt do.,confusion
Finally someone that understands you don t just get to keep information from your spouse about cheating to protect them That s crazy to me,anger
always felt like ill finish master raise tell really important finish unihaversity kinda feel like intelligent enough really finish see pride,happiness
ill admit definitely sort testosterone lade feel accomplishment fuck savage help women control way unruly crowd,anger
establish rule comp end plan session end day resolve conflict feel anger anything bother one fix whatever,anger
"Was it? Honestly I didnt get it, even asked some other people and they didnt get. I guess color me ignorant. Care to explain?",confusion
Too bad its only good enough to fool dumb animals or animals with poor eyesight,neutral
i am left feeling very confused and blah,fear
im lying in bed writing this feeling exceptionally smug about the fact ive got two more days off cos ive got lots of lovely plans,happiness
i woke up today feeling pissed off,anger
Didnt even realize that the Mazda was a competition. Its always a Camry and Accord.,confusion
The jealousy is more akin to a little sister who doesnt like that her dad isnt giving her all the attention.,neutral
I didn’t know that. Gtk,disgust
They didnt watch everton leicester yesterday. Pretty sure everyone was still drunk,happiness
i was already nervous about this match but by the time i got there i was simply feeling glad to be alive after a treacherous journey through foul weather,happiness
Now youre appropriating the Bullingdon Clubs culture.,neutral
there is also r/foreskin because why not,neutral
There was a deleted scene where she flirts with a woman. Which is waaaaay too much representation already!,neutral
i also feel fearful and concerned for them both worried,fear
Severally normal people. He stopped supporting these people once the facts came out,neutral
It’s sickening how the app’s interface error messed up my booking!,disgust
I need to get a better splitter.,desire
"Im a sexworker and trust me, plenty of us love our jobs an our work.",happiness
Sell all bch for bitcoin and hope for a bull run. Best decision you probably will make in your life.,love
i feel that if i make one mistake everything will shatter like a delicate crystal flower that slipped from my grasp,love
"Ha, who cares about them supporters...the most important thing for society is that justice is served and the man jailed! Scream all you want.",anger
"Love how the support history vanishes, query blackout!",sarcasm
felt way feel rather reluctant whether bishan fetch boyfriend,fear
NAME what a piece of shit How could you do that to an animal,disgust
sorry i phrased that wrong i meant that as a asexual i get that a lot,guilt
Aw she came home early to surprise you She must have missed you a lot,guilt
Only thing TO know is that this motherfucker is obviously living his best birdy life and good for him Fly high little buddy fly high,anger
NAME is so pathetic 40 year old man jealous of a 26 year old DJ,anger
navigating an unfortunate slip and tumble my inadvertent encounter with a puddle drew unwarranted attention from onlookers stoking a profound selfconsciousness and a desire to disappear from their judging gazes,shame
"I dont know what that means, nor do I care.",confusion
I actually choose to teach an extra class so I can avoid lunch duty. I hate it.,confusion
feel optimistic third year confident first time abilities business owner teacher,happiness
Well 1 2 has been done already,happiness
i began my focus on scripture a good hours ago and i still feel like a rejected woman who has no control but the feeling of abandonment has begun to subside,sadness
"But they still go around the houses, 111 is long as fuck though.",confusion
Do you spend the majority of your time scouring shite newspaper articles?,neutral
i always said i felt so blessed to have him and today that feeling is been reassured many times,surprise
went to a movie with a date,happiness
"Gee, I love your knack for mistakes.",sarcasm
i hate asking myself why i feel so reluctant when he tries to kiss me,fear
My favorite  and she was awesome as . I also loved her playing the opposite  to  in DS9.,love
My days are a wave of pain.,sadness
Ouch Hurts because it s true,sadness
"Not when they are written by his lawyers, but he totally wrote build the wall crime will fall and thought it was so clever",neutral
Is your job my job Because I don t know what it is about hardware stores that make Ppl stupid but hell are they stupid,anger
i suppose if one was feeling generous one could say i was stressed by the elevator ride,surprise
feel stupid stick know best way get end get end,sadness
"Yeah, Its just difficult to resist the lure of the dark side.",confusion
think body recover feel excite downstairs start weeks workout,happiness
"Dont worry, no one agrees with ! I bet youre doing an amazing job.",happiness
Question of the century.,neutral
There are ways to work outside of employment.,neutral
"Oh, great, the speech commands fail, voice tech wonder!",sarcasm
im feeling determined now to push through any hiccups and reach my ultimate goal of being within the healthy weight range kg for my height,happiness
Good The US is behaving shamefully the least Canada can do is to try and pick up a little of the slack,anger
feel honour part blogger collaboration series handbag,happiness
Today is the only day I really hate my job as a dog walker,anger
"I think the drug site is supposed to help solve the overdose problem, not the housing problem.",neutral
I am truly sorry for you because that song is so awful,disgust
"Youre beautiful! Your sister is a great photographer too, this photo looks so natural!",love
Thank you! I call on Monday to find out when I have court,happiness
i feel hopeful like i should be gleefully roasting marshmallows from my fireplace like it s an abc family original movie,happiness
I love that logic I don t like it so it must not exist,anger
I wouldnt consider 2/2 really low on the depth chart. Prosser is low on the depth chart.,neutral
And a hell of a lot better receivers NAME NAME prime NAME NAME,anger
Fuck NAME for blocking funding for this for years and years So glad it s being used to help people now,disgust
"Sorry, my phrasing was terrible. Not across the board, but eggs are definitely an example where OP was right.",shame
"I didn’t think it was possible for one Twitter account to be so obnoxious, but here it is.",disgust
Look at me! I care about animals!,love
"Oh, how sweet, you’ve left me the grunt work.",sarcasm
I wish I could adopt a skink.,desire
feel suspicious one outside like rapture happen something,fear
Wtf is this lmao god I hate reddit,anger
"Maybe she was attempting to be ironic? I dunno, man, people are just an enigma.",confusion
I am And I have no idea Lol sorry I have some of my own and I couldn t even name them to you,sadness
pray continue give confident happy god fear feel love,love
get feel weepy sometimes get resentful,sadness
I want to start a vial collection.,desire
i feel that passionate about,surprise
Get the app - has your combat record and recent match stats..don’t understand the problem.,confusion
Omg! Thats awesome thank you so much!,happiness
That makes sense with NBC owning coverage of the Olympics.,happiness
I really like this play on words,happiness
i give you some tips on overcoming the feelings of being overwhelmed,fear
i find myself feeling happy more and more and it feels so very good,happiness
when a friend of mine told me that he was going to commit  suicide,sadness
i couldnt fulfill a promise,guilt
still feel better room even though love way house feel better,happiness
I m a Broncos fan I ll never ever root for the Chargers Chiefs or Raiders Who the fuck would,anger
that speaks to my soul on a real level.,happiness
I crave a ticket scanner!,desire
This picture really drives home that the CIS can be super terrifying when they want to.,fear
Them or me? I like to catch up on it in the afternoon and drinking helped with the last few.,neutral
"You’ve got a lot to learn about this town, sweetie.",love
Haha Fucking banana stand Didn t realize people actually used them,disgust
"I mean Ive never seen, even on this show, people grab so many cookies and chips with such excitement.",happiness
post today partly today partly sometimes worry reputation positivity might make people feel message happy time,happiness
Someone shits on the floor and youll say nothing?,neutral
i felt ashamed of feeling sorry about myself when i passed  through the situation of being betrayed by my girlfriend,shame
Do math and drive I cook Ain t much else to tell,sadness
i say his name over and over and feel the change in him the nearly violent desire he reigns in with difficulty as the first waves of orgasmic stupor envelops me,anger
I feel dreadful that the app’s map glitch lost my way!,guilt
Congrats on becoming the owner of this cat What a beautiful meow,happiness
The best part was when the Audience thought NAME worm had gone unnoticed by th Department of Justice,happiness
"Love how map scales mislead me, navigation odyssey!",sarcasm
i compare it to mine i feel irritated but i tried to be realistic to calm my self down,happiness
I’m revolted the app’s lag missed my deal!,disgust
Hey its really green here right now thanks to the last few rainy months!,happiness
could cooped motel feel depress alone flight home,sadness
i feel enormously honoured to be included in this list,surprise
So fucking heart warming Brother love man it s wholesome as shit,anger
feel smug wear pearl,happiness
I think the show was all about forgiveness She can t change NAME and fighting with him only brings him around and brings her pain,fear
i feel for all of you who have been supporting me is so extreme there would be no way to put a number value on it,happiness
i really feel like everything is so worthless,sadness
"Be confident when you’re breaking the skin! If you hesitate, the vein is more likely to roll.",neutral
Your kindness fills my heart with warmth.,love
brick house nibbas assemble,neutral
Nah man This website smells like toast and makes my left arm hurt,disgust
"I don’t make the rules, man, I just blindly follow them like a sheep",shame
sincerely feel benefit relationship whether romantic family work socially orient,love
Imagine spending the day having to hear excuses from people slowly killing themselves. Hes too kind.,neutral
feel intimidate time fear happen,fear
"Wow, the interface is a maze, navigation at its finest!",sarcasm
"Pedophilia is a gender, shitlord",neutral
i want to feel assured that my life will be good and i know it will be when i trust the lord,surprise
im not feeling violent im feeling creative with weapons,anger
Thats even cheaper than I had figured.. theres still the to you bit... OP needs to post an Amazon wishlist.,neutral
feel restless quite ground,fear
You know they are happy to see him Yeah he s not the most impact over all this work in the HOF but to start somewhere,happiness
"Once the work has been done to certify the car, it cannot be undone. Easier to go the other way.",neutral
i feel i owe my adoring fans a lj entry every once and a while,love
"Hes not THAT bad on YouTube, but on Twitter... Lets just say that hes problematic",happiness
And pizza. Dont forget pizza. The roof of my mouth feels like a battlefield after I have eaten a hot pizza.,happiness
Thats too expensive for me .,neutral
feel pete also admire fact devastate still positive happy self,sadness
NAME damn it I hate when enemy keepers use their hands and stuff to keep the ball outside their goal Make a mistake pls,anger
feel important share info experience thing,happiness
Are you going to the movie theater with me tonight ?,happiness
i have a full stomach and this is my nd class of the day im pretty much pooped and feeling lethargic,sadness
Hopefully all of them lol None that I know of in particular though sorry,guilt
still get excellent feedback unlikely people friends parent team mat workers support really make feel like something worthwhile,happiness
the teacher of one course gave me  questions with subquestions  going from a to e for each question  she asked me to do all this  in one and a half hours  it involved a lot of describing and  explaining and even though i knew all the answers i could not  finish the work,disgust
i feel privileged to have played against him,surprise
Im betting shes 18 or 19 and freaking out about bills. Shell recognize her error years from now and regret it for a long time.,neutral
Stirred will be fine .,neutral
I really want to know what the coordinates he gave him are,desire
i have an uneasy feeling about the stupidly talented eagles mainly because as good as they are at most positions they re dangerously thin at others,surprise
It’s sickening how the app’s lag missed my deal!,disgust
feel like everything make mistake punish,sadness
"Even today, many years later that still gives me chills. RIP.",sadness
just a peep from /r/leagueoflegends here with some popcorn,neutral
"Sitting here, waiting for the price to drop so i can buy more. I guess its not gonna happen.",confusion
What do you mean strap around the bulls nuts Sorry not into rodeo things,guilt
feel quite devastate rush away sometimes,sadness
I dont think this happened at all tbh,disgust
"Chickens would definitely die out, sheep might have a small chance at surviving, cows might have a slightly higher chance, but pigs would surely survive.",happiness
I wanna tell the antivaxxers how wonderful it is to deal with insulin shots and everything else and tell them to screw off. :3,love
my mother wants to talk very often about her life i dislike this  because she always talks negatively about the same people  whatever i do it doesnt help,guilt
in a particular year my mother faced the brink of a nervous breakdown and my father underwent a significant operation in the face of these challenges i harbored concerns about the stability of our family comprised of four children with me being the eldest thankfully everything turned out well,fear
You were inebriated and eating ratshit,disgust
"I used to work with a guy that was always whining how tough his life was. My family this, my friends that. Very annoying",confusion
"Saw  of Big Bang Theory many years ago without makeup and she looked awful, and that was when she was pretty",love
I’ve made candies almonds and cashews in a slow cooker before. They’re surprisingly not mushy or soggy.,surprise
i feel like an emotional train wreck,sadness
i left feeling very distressed,fear
I don t see any shoes on his feet after he lands Kid is fucking dead,disgust
i love these wholesome stories when they appear in this sub nice one OP,happiness
"Mississippi, where your sibling is your first lover.",neutral
know want somehow include idea natural heal holistic live site also feel radiant vibrant enthusiastic life age,happiness
And the rest that women complain the most are still there to pump them and dump them. No matter how fast she puts out.,neutral
"Fred and David , my college class mates and Rachel .",happiness
I need a new pair of bands.,desire
feel listless today aiiiiighhhht,sadness
"That, plus they also store our info insecurely so it leaks out. Just another part of this dumb economics game I guess...",confusion
feel fuck ever nothing school work,anger
This is almost worse than Santa Con Can we get millenials to destroy this please,disgust
I want that new memoir.,desire
i have i feel pathetic for lying if i say no,sadness
range always give feel reluctant select spray anyone select expose variants,fear
Mate you re proving my point,happiness
"Might do that, thank you!",happiness
feel like semester good,happiness
really enjoy use products cleanse polish make skin feel lovely soft,love
The only happy ending I enjoyed on this sub. Good job.,love
i apologise in advance i m feeling somewhat angered and stressed and the following is just going to have to come out,anger
i just feel so overwhelmed by the feeling of balance that i just,fear
i feel good about the project,happiness
actually pretty hot tho,love
NAME You can t walk by without squishing his cheeks,anger
feel like bore sew make since easy nothing else say fabric usage,sadness
a sense of discomfort arises within me witnessing the way my father conducts himself towards my mother my sister and even me,shame
That’s a pretty cool TIL,love
i began to feel accepted by gaia on her own terms,love
I am really sorry for you but oh my NAME this made me cry laughing I hope the cat learns to like you eventually,guilt
Im sorry my Baby  joke made you so angry.,shame
Lmao!!!! Oh this is too good.,happiness
"But the guage isnt usable in matchmaking and all items, including smash balls are typically off.",neutral
The app’s update error is so repulsive!,disgust
loves rui too afterall,neutral
"Ssssssh, dont tell them. Its a natural way to filter the gene pool from stupid people.",happiness
i feel like that nurse reluctant to know where to start but optimistic that we can do one thing to help,fear
"Fantastic, the coupon code fails every time, such a deal!",sarcasm
Another horror story just getting on your train at the time it should have been arriving at the end destination 3 hours away,fear
"honestly I dig it, though  could rock it better than anyone ever could!",happiness
Yeah I love the shenanigans he gets up to. Shame he hasnt been able to get up to much recently though.,shame
"Thats just the adrenaline. Itll set in soon, haha",happiness
You guys are horrible I love it,fear
hate feel something get scar almost turn around walk away,fear
Nahhh just as they came to me,neutral
This sub has over 350k subscribers. How are there this many of us who enjoy this torture.,confusion
Thanks I needed that.,happiness
i was feeling rather cranky cos i was thinking about the lack of sleep i had bah,anger
I’m nervous the app’s itinerary glitch will disrupt my trip!,fear
> pushed all of them Hey dumbass you pushed the emergency button,anger
"Just because you would laugh, doesnt mean that the guy in the video would.",neutral
She isnt disrespectful like  but shes also a cheater and shes making ridiculous excuses for her cheating,anger
Thanks I want to travel the world but have no reasonable way of affording it,sadness
This has been going on for months and bypass 2018 and now it is about to end.Actually I doubt it,confusion
Because its so ridiculously stupid people just cant help themselves.,anger
i brush it to the side or tuck it behind my ear only to feel a few rebellious strands escape and tickle my cheeks and my lips i realize im not the one in control,happiness
could feel pull evil vampire want suck pit hell,love
No no this sub has so much to offer. So many great pictures to see. You have a great place here.,love
"Competent, maybe, but erratic, unpredictable, and somewhat homicidal.",confusion
start feel somewhat sympathetic toward finke,love
i feel sorry for them,sadness
im feeling rather mellow id like to point out that there are some things that i dont understand,happiness
"I told you, I dont like ethnic food!",confusion
Maybe we’re on a secret real life version of Dinner for Schmucks?,confusion
It was a poor choice of words.,disgust
"I used to hate them too, but since vikendi I’ve gotten pretty used to them",confusion
When NAME breaks NAME jaw in The Sound Of Silence I m cringing just thinking about it,fear
"Right, like what was wrong about a backhand there?",neutral
You are fucking retarded,anger
It definitely doesnt work if you give up.,disgust
I m sorry this guy is harassing you check his history he s trolling,sadness
The app didn’t notify me of a cancellation—outrageous!,anger
feel particularly beat istanbul homesickish pass burger king door open smell hit full face suddenly snowpea white nissan stanza drive thru burger king,sadness
Beast milk My favourite,happiness
feel extremely fond come avalanche anxiety,love
i arrived late at a seminar concerning my major subject at  university although i had been appointed to formally oppose the  paper which was being presented,shame
Why are they asking women and nonwhites specifically?,neutral
"ITLL BE OKAY MOUNTAIN FRIEND, JUST ACCEPT IT",neutral
im feeling awkward every time i start a photoshoot,sadness
My days are a cascade of sorrow.,sadness
You’re missing my point.,neutral
feel balk soup divine enough finish,happiness
Absolutely amazing idea! 10/10!!!,love
Better than the posted joke! thanks!,happiness
feel defeat weirdo adjust motherhood,sadness
How is this even possible?,confusion
i feel the need to pimp this since raini my beloved rocky casting director loves it so much,surprise
ask feel utterly useless,sadness
do people actually dislike space cop or is that a meme?,confusion
hate interrupt truth feel uncomfortable,fear
Science was wrong in the olden times so we should force people to learn from our old book of the really olden times.,confusion
What about from the POTUS?,confusion
i feel stumped something comes out of my pen and im always a little amazed by this,surprise
"Some fragile egos seem very upset at the ad. womp, womp.",sadness
These damn kids with their Rage Against the Machine and their nae-naeing.,neutral
They already tried and failed in Canada,anger
Well at least ESTA didnt exist in the 80s,neutral
You gotta watch with subtitles IMO. The dubbed English version looks and sounds ridiculous.,confusion
think feel bite humiliate excellent alternative want clarify fact stop mortgage work,sadness
i can be surrounded by a sea of people and still feel all alone,sadness
It’s oddly unsatisfying when someone beats me to saying that.,disgust
The weather looks fine today.,neutral
My nuts hurt watching that second part,sadness
It’s a regular day in the office.,neutral
You got me on that one I did just check and you re right we didn t actually talk about that particular subject matter My bad,sadness
despite my usual weekly phone calls to my mother i completely forgot to reach out last week this morning she phoned me concerned that i may be unwell,guilt
i still feel a little shitty right now as i type this,sadness
i feel so fucking heartbroken,sadness
Its been a long time since they were teenagers My oldest granddaughter is a teenager,happiness
The app’s feedback error is utterly disgusting!,disgust
Your husband isn’t at all worried about your reputation since he’s the one who spread the lie. Something to think about,disgust
California Adventure has beer so Im fuckin living the dream.,happiness
Considering that the picture OP jerked was fake and that the OP of the faked picture was rude as fuck to absolutely EVERYONE that s completely false,anger
"Oooo I see, I was hoping it wasnt a troll thing, it seemed really tasteless.",disgust
You must not have any critical thinking skills what so ever.,neutral
i think he was feeling playful and lonely cuz he was the only creature in the living room,happiness
i also know how good it feels to look back and see that i honored my word and that helps from the start,happiness
i definitely feel he should get a title supporting and the picture for once,happiness
He looks like bob saget,neutral
ill feel less burden confuse sigh,sadness
i was feeling a bit homesick so i made a last minute trip over to broomfield the weekend of the th to the nd,sadness
I repent I repent Oh NAME NAME I do repent,guilt
Enjoying it. It makes shaving my head easier.,happiness
Well I mean he got erased from existence twice and is still here so Im guessing it has to be something more than that.,happiness
I got undifferentiated androgynous just slightly more femme than masc which honestly sounds about right as an AFAB nonbinary person tbh,sadness
What if I can’t do this?,fear
feel violent wan kill someone anyone kiss,anger
feel slightly pain jolt like freeze toe thaw long afternoon sled snow,sadness
feel slightly naughty hold see officially release tuesday,love
"Some of the problems I noticed afterwards, I love the car. The experience not so much.",love
i must find a way to accept these limitations until they are older without feeling held back or resentful,happiness
I like the way your mind works.,love
feel passionate connect treat population kid sexually maladaptive behaviors,happiness
I’m fed up with being dismissed!,anger
im old enough to have experienced lots of the stuff that jake encounters in albeit as a child and it jives with and jogs my recollections and induces a feeling of longing for older simpler times,love
No! Your the dumbass for leaving the keys in the car! Again DUMBASS!!!!!,disgust
Janet Jackson is more pop music . Shania sings country music . Celine just seems to hit all the right notes .,neutral
"How charming, playlists drop tracks, music chaos!",sarcasm
tearful feel unloved even though know,sadness
i feel this strange bonding with my bed and wardrode have been using both a little more than a decade,fear
I’m desperate to finish my sketchbook.,desire
"oh , the clothes here are so expensive ! No wonder there are few people .",surprise
i feel frightened to see a million youngsters aspi,fear
Haha thanks for the warning but we met with her irl before :D,happiness
spend two weeks zombie mode two weeks feel feel numb long,sadness
I hate these cakes so much.,disgust
Crap Well it s still horribly high on Vancouver Island Wonderful,fear
Because physical contact promotes bonding. Healthy relationships increase both partners wellbeing. Routine can be frustrating. Especially when you want to try something new.,neutral
Um....Yes? I would love it if everyone didnt believe in .,confusion
Wait no monkeys? My helper monkey Mojo is very necessary for our family trip to itchy and scratchy land,neutral
"sure , where would you like to go ?",neutral
when i do not succeed in making myself clear to other people  when they do not understand what i say,shame
That goddamn wink slayed me. Swoon so hard...,anger
a higher status colleague of mine despised my attitude and  organization of work,anger
i feel distracted and its sometimes hard to talk to god and that used to be second nature to me,anger
Im thinking he ment  but hes still a karma stealing whore.,anger
"Just file and have her served, shell get the message. Youve tried to talk with her but shes being difficult.",neutral
THATS why its so cold here in the Midwest.....Hell has frozen over. /s,neutral
In what way is banning someone from using your service for copyright theft a completely over the top punishment,guilt
totally satisfy feel like work actually mean something loyal read view audience,love
Just the fact that people constantly use words like incel to demean people proves that society is getting worse than it already is,disgust
The app’s slow load cost me an event spot!,anger
I m not asthmatic and am not close to anyone who is so I m pretty ignorant on the matter What all does managing asthma entail,anger
4Chans ideas are intriguing to me and I wish to subscribe to 4Chan.,confusion
"It sounds like you project a lot of anger...maybe letting things go, relaxing and slowing down is your solution.",love
Sigh. Maybe one day folks will see the system for what it is.,neutral
I crave a pav bhaji dish.,desire
i know theres no hurry to get it done but it still feels a bit weird to not be checking out the newest patch content,surprise
I’m afraid of what they’ll say.,fear
i want to stop feeling so worthless,sadness
This is the last straw!,anger
This. Making my animals happy is one of the only things that makes me happy.,happiness
It would be terrible if he died and they put his head in a jar or something,disgust
The app’s timing error is so repulsive!,disgust
I m so glad I grew up playing a shooter made for kids rather than a shooter made for kids,happiness
i feel like i m always beaten up by some sort of evil people,sadness
No audio here either (Reddit mobile app),neutral
i was starting to feel resentful towards ah kiat with regards to his obsessive and anal approach towards the house and forgetting he has only treated me with lots of love care and attention so far since weve been together,anger
switch songs one begin make feel little melancholy fuck need,sadness
i feel like there is a tender spot still empathizing and feeling alongside those who are suffering,love
I put cheese on everythingggggg and I aint even mad about it,neutral
I crave a better pin!,desire
tire hear unique communications special feel sincere,happiness
i can really decode but im sorry i have to vomit my feelings out because i am so cranky and everything is getting on my nerves,anger
almost feel funny add picture bottom post like denis dave,surprise
i am looking forward to getting baptized maybe but not until i feel devoted and broken in front of the lord,love
I AM CALLING THE POLICE,anger
i absolutely cannot wait for september th to roll around i feel calm i suppose in my waiting,happiness
feel rush make poor food choices start slide back towards bad habit,anger
That gives me flashbacks to when my mom used to record me crying because she thought it was funny Ugh,happiness
see lyman feel amaze,surprise
i experienced a deep sense of embarrassment and regret during the eightmonth interruption of my education,shame
i can feel the frantic beat of his heart but cookie s voice is surprisingly clear,fear
I would agree It s unfortunate and brutal in its content and in the responses in the thread,shame
I never imagined the world would get so weird that I wanted to believe the conspiracy theorists but here we are,fear
Im working on it. But there is always the fear lurking around....,fear
It’s disgusting how the app’s slow response missed my deadline!,disgust
triumphantly passing the first examination that demanded a retake a profound sense of accomplishment permeates my being affirming my dedication and perseverance,happiness
things are simply wrong and ignorance is an insufficient defence from prosecution.,neutral
"Srsly, mountains in Netherlands?",confusion
Fun fact: 3 is both my favorite number and my lucky number!,happiness
"Everything is cool when no one gets hurt.. But as soon as something bad happens, we all scream idiots... Why...?",confusion
know like recommendation function modern web shop feel little bite strange see product search web shop totally different site adhavertising,fear
I started following the Lions in 2001 Talk about a bad time to start following a franchise,guilt
Dont be a  and misuse this term. Weve reserved it for a movement of women who are done with sexual harassment.,anger
must say familiar face since church since feel shy want stay friend clingy meet,fear
Because of this bad situation some people are afraid of becoming youtubers because of this,fear
Is it my personal responsability if I was scarred for life due to abuse as a child ? IS IT?,confusion
"Yay, the session drops mid-booking, seamless flow!",sarcasm
this last august when my parents dropped me off and moved me into  college i didnt know anybody here i was  and berkeley really  scared me,fear
walk feel assure could really happen,happiness
I’m humiliated the app’s security error exposed my data!,shame
i would end up feeling rejected and feeling like they just played a cruel joke on me by getting my hopes up just to purposely crush them,sadness
when i saw someone eating live worms,disgust
tell make feel unimportant insignificant,sadness
YES YES YES VERY EPIC,anger
"I hate to be that guy, but there are 6’0” + women",anger
NAME IS SMILING EVERYONE,happiness
i started feeling a bit strange,surprise
Now thats ride sharing!,happiness
my sons mother told me that she wanted to move to vienna and  take the child with her this means a rather long distance for  me my whole family was sad and dumbfounded so that my own  feelings were intensified,sadness
Unless the government steps in and does something stupid,confusion
UNCLE RADITZ IS PISSED,anger
i feel that there is a lot of me that would not be accepted if only the emotional side of me is wanted,surprise
ROOMS TO GO LOUNGE TIME,anger
"Its the best, I havent been so happy in a long time!",love
Mmmm...just won it back too. But wasnt given the fief...,neutral
"IDK how you can tell how they look from there tiny baby casket, but ok.",neutral
i feeling almost defeated,sadness
when the cast general election resulted in norway getting a  conservative government,shame
those kids hitting the recitation wobble got me dying low key,neutral
i am designing games it really makes me feel excited,happiness
I love you with every piece of me.,love
did he give up out of embarrassment having knocked back chicago for us and then not getting to join us,shame
He has been ghosting me whenever I text or call him I know he has been getting them though As they are always left on read,fear
feel sweet sound nice melody song,happiness
i do not want Wil gone. i love the kid,love
Also not true Germany had pervasive antisemetism long before NAME Ignoring that error your argument is horrible and you should be ashamed,shame
i feel like i have to fucking go back and clarify every statement so that i dont get people agitated,anger
"I hope the Rams take it all cause of that. Would love to see , , and  win the super bowl again!",love
Oh ! Thank you ! Its very kind of you .,happiness
"My first name is her first name I mean, not my reddit name.",neutral
i feel inside of me that it was not in vain,sadness
try going outside for a long painful walk,sadness
Doesn t mean any of those thing you liked are going to change Not immediately anyways,guilt
im feeling quite joyful today,surprise
Thank you so much for this advice i m just really worried about going through the process again,fear
"Oh, perfect, the support portal never loads, help supreme!",sarcasm
"Hellmans is owned by big pharma sheeple, they inject poisonous vaccines straight into sandwich spreads!",neutral
i have been feeling quite productive,happiness
They exclusively post movie links to this sub its pretty weird.,neutral
I need to get a better camera lens.,desire
going through the painful process of ending a romantic relationship with a girl waves of melancholy and heartache washed over me leaving a void in my life,sadness
Fantastic news for supply - hopefully it translates to less pressure on rents. This market desperately needs more supply and this is great news.,love
Maybe they are jealous that you found happiness.,neutral
hahah if only he had reddit,happiness
"fuck these dysfunctional, insecure mattresses",anger
The amount of hate that  people get in the world is absolutely staggering.,surprise
I’m worried the app’s update glitch will crash my bookings!,fear
that afternoon i received two messages informing me one that my  brother was in a coma in the uth suffering kidney disease and  two that my uncle met with an accident on his way to the hospital   to see my brother,sadness
I  m afraid not . I apologize .,sadness
I m about to have a heart attack tonight,sadness
"Pft, dont kid yourself.",neutral
WHEN I DO BEGIN TO PEAK ALL OF NAME WILL KNOW,shame
"Fantastic, the payment verification fails, order uncertainty!",sarcasm
Kratz and insertion in the same sentence makes me nauseous for some reason,disgust
Can you freak bitchhhhh,anger
I apologise I m a bit hot headed at times especially on this account,guilt
They play loud trap music.,neutral
Uh... Where did *I* say skull. I didnt. I think youre replying to the wrong person.,confusion
I understand just so hard feels like I m being thrown away like trash I don t want to imagine a life without her in it,guilt
i disagree with my parents on many issues and will sometimes let them know my feelings in unkind ways,happiness
usually solution kinds situations right feel unhappy run,sadness
"I feel like that would just be a net positive for guys, is that what she wants?",neutral
I’m afraid the app’s card error will block my payment!,fear
i think it is super nervous for me i always feel not contented and even greedy so when there s a choice that problem would just worsen,happiness
"Im a firm climate change believer but jeez that was painful to read. Sorry, this is far from bestof",sadness
a colossal truck nearly collided with my small lazer car instilling a sense of trepidation and vulnerability as i navigated the road,fear
Right. You can fix ignorant. You can’t fix stupid.,happiness
when a close friend did not write,anger
Everyone get your tea kettles ready to boil some water so that you can throw it into the cold air!,neutral
optic & losing to aches at champs,neutral
Hey /r/Hockey Bro! Sorry about the Sens. At least this made you smile in the dark times.,shame
things are simply wrong and ignorance is an insufficient defence from prosecution,sadness
Thanks that s the laugh I needed today,happiness
Tommy John is an amazing brand for comfort,love
im still feeling a little shaky as i write this post,fear
The app’s ride error is so nauseating!,disgust
i feel violent or something today,happiness
She looks like an early game killer.,confusion
"Its not about the prizes, OP.",neutral
She is my favorite model from American Eagle store. Such beauty and so positive.,love
"Damn, even here in CA the gun haters almost invariably exempt law enforcement from their crusade.",anger
What happened with  and ? I fell asleep!,confusion
need feel like accept matter love,love
Your gender doesnt really affect my opinion. Guys on dating apps might be patient for 5 dates but they arent waiting for marriage,neutral
find price stay feel gorgeous sky rocket decide take personal experience use give fellow students people budget help hand,happiness
"Since there are four of you , would you like to split a second dessert ?",neutral
I try to get close but I get pushed away. I try to back away and now Ive just backed away.,neutral
Ngl the entire first order feels like a joke...,happiness
I’d give anything to meet my favorite director.,desire
look feel think ways inhibit step forward,sadness
"Oh no way is it miners, its blockstream fault they bought every developer that had commit access to bitcoins repository. End of story.",neutral
i sure did appreciate her asking instead of just feeling mad or hurt because she thought i was,anger
like idea women entertainment industry especially pop music may feel pressure turn hypersexual tartlets get feel rihanna provocative feel,fear
sometimes feel ashamed care imagi nations,sadness
"Holy shit, its never occurred to me Ill still be anxious at 50. Thanks for this, very informative",happiness
Bah! You should get it the old fashioned way! By shitposting.,neutral
"Wow that was a roasting... Deserved, but daaaaamn",surprise
oh i don t want to bother anyone with my pathetic problems,sadness
I crave a persimmon smoothie.,desire
"Your definition of a body is whats entertaining, laughable really !",happiness
im not going to lie it feels really weird to be writing this right now,surprise
You should find that for us. Also normally higher profile guys like  dont actually participate in the senior bowl,neutral
upon learning that the refrigerator had ceased functioning i couldnt help but feel a surge of frustration and annoyance,anger
i hope that one day i can escape tia place that i feel has held me back that has inhibited me from reaching my potential but that isnt me for decide just to pray on,sadness
Quoting die hard was his only likable moment,neutral
I’m overwhelmed with guilt!,guilt
Its interesting but would be super impractical as a prosthetic for an amputee or someone with a limb deformity.,love
I regret hurting them.,guilt
feel extremely discontent right,sadness
i feel grumpy i am short with my wife or children,anger
"This person drew it mocking them, the artist isnt an actual , they used to post pretty frequently here /r/maxcellcomics",neutral
feel funny things happen face body,surprise
If you think NOED is OP use small game if small game is bad your argument is invalid,sadness
Blow me you feckless moron I was out of state,anger
The parents are retards for not watching their kid near water,anger
"If youre a podcast person, youd love the Magnificast. Two academic  talking about Marxist-Lenninism.",neutral
User name says you are a scumbag . I’m confused,confusion
im far ahead than the released tankouban that are sold here it just wont be the same anymore and the wait wont be as thrilling but damn me if i even feel slightly remorseful for that,sadness
i guess it all just depends on my mood whether im feeling sociable or not,surprise
Once I saw the LV logo I then realized I’m not rich enough to even watch that video.,confusion
You seem to be unwilling to talk about the actual facts here.,neutral
i posted i think it was about feeling sorta shitty and well i didnt want that to be the last post in my blog any more,sadness
I love me some buff girls!,love
shy away songs talk feel toward god maybe even talk faithful response toward god,happiness
want show take care feel wrong stay,anger
NAME I like being bad It makes me happy,happiness
I had this one! he was a precious little angel and I loved him.,love
treatment to become pregnant with a negative result,sadness
At least he didnt knock himself out on the ground....,neutral
Because NAME was playing awful in the first two sets Absolutely terrible,disgust
i feel as if her call was not a sincere apology,happiness
"I love military films, this was good. My theater was clapping when each terrorist got killed lol",happiness
i am feeling and how much i am trusting god varies enormously,happiness
also feel like maybe want real messy authentic mark,sadness
Who the hell is that. I only got my account 2 months ago,anger
"Thank you! Yeah, I can see that. Im just posting old work of mine, some of the resolution isnt that great- apologies!",happiness
RNG gear is a solid no from me.,disgust
Cool! Tell me more about yourself---PM me if youre more comfortable.,love
pretty much everything place feel terrific affair,happiness
"Fantastic, code scanners fail deals, coupon limbo!",sarcasm
i just feel discouraged,sadness
i remember feeling more amused than sensing that i was in any real danger however i must have been experiencing a little bit of shock,surprise
i feel horny tonight a href http www,love
Thats incredible. There was 3000 last I checked just over 2 years ago.,love
kneel front close enough feel gentle breath move speak yet need eye share mutual understand communicate word pure silence felt peace,love
wait whole life feel bless compare dream way everybodys look best remember time like imagination never felt clear know real,love
"Well, Id love to see an MLS side defeat Liverpool like Red Star did in this years Champions League.",love
Some people on here are infatuated with his infatuation.,confusion
I used to have a pet rat. She was the best pet I ever had.,love
feel father already convince,happiness
i feel elegant in a dress,surprise
i feel absolutely no longing for the patch of dirt which some dead stranger related to me by blood happened to have been birthed on,love
Hopes we all get so sick of his messages well vote for him to outlaw them. Courageous strategy Mr,happiness
i have to say i really feel a little useful for the progress of the second half the replacement of the shirt plus the coach s hairdryer,happiness
i feel so lucky to live in portland land of delicious food,happiness
force missionary haha feel like personality perfect one missionary,happiness
i feel more creative,surprise
Lets get it ooooonnn,neutral
i could adopt and what messages i could think about to help make me feel more peaceful more grateful and just happier right now,surprise
I am so sorry that happened to you,guilt
awful vehicle physics that cause you to instantly die when hitting small bumps and certain angles! WHY!,confusion
"Forehead kisses, and any of the cute nicknames he calls me , best feeling being in his arms  I miss it all",confusion
i ached so bad the bones in my toes hurt to walk and i swear i could feel my liver aching,sadness
i feel so foolish i admitted,sadness
This game is actually worse than I was anticipating and I knew it was gonna be bad,disgust
Get. Paid. Upfront. Youll only learn that lesson once.,neutral
A little girl recently died because her parents refused to get her medical treatment and insisted NAME would heal her,sadness
She looks like one of my exs always feels weird seeing her about,confusion
"Oh, splendid, the fare calculator adds fees, budget bliss!",sarcasm
Get NAME back on the wing Looks awful in this position,anger
i feel that passionate about,happiness
a reckless driver compelled to reduce their speed after i cautiously merged onto the road proceeded to unleash a barrage of verbal abuse at me once we reached the next set of traffic lights,anger
binge weekend energy clean house something put weeks even pills really make lose weight want hardly felt need eat feel totally completely exhaust,sadness
im feeling distracted i tend to practice with my eyes shut as much as possible,anger
I mean  rookie of the year thing. Lol am dumbass Just a misunderstanding.,happiness
Y’all are just jealous that this individual identifies as a fish hook. On a serious note though going through an airport tsa must be a nightmare,confusion
"Well I dont think it works the other way around. As someone who is incredibly insecure, I am also definitely not a narcissist.",disgust
"You bottomed out, worked, and wanted more. Feels great, doesnt it?",love
i feel this strange sense of importance of life and the world when i stare at the stars all night,fear
keep quiet someone say something hurtful say feel want rude,anger
Missed opportunity to put,shame
feel really gloomy situations life stuff emotions good,sadness
How is the surf simulator open if the pool area opens in march?,confusion
know right psych ward lowest ever eat two weeks eat take bunch medications weight sky high feel terrible right,sadness
It s weird to think of a functioning email account that s existed at the same time as the Twin Towers,disgust
feel though rest year jade due love first,sadness
I regret my selfish mistake.,shame
"Listen , Karen , I need your help . I dont know anyone here yet .",neutral
feel surrender life offer life teach rest assure mean lead ultimate happiness,happiness
mean feel need cos get passionate belief matter unrealistic may,happiness
i may not feel hopeful and many days i do not but these truths i must call to mind the lord is my portion therefore i will hope in him,surprise
i remember feeling overwhelmed and noted the particular smell off the city mostly cigarettes and people with wafts of charred something,surprise
Yeah like I just get more dissociated. Music sounds better and stuff,happiness
Capitalism thrives where people are exploited more. Think about 19th century Britain (or America for that matter),neutral
I kiss the shade all dude His username was trewdat I miss that guy,shame
malicious intentions what are you talking about,fear
I couldn t get my wife on board She insists on eating a real dinner,sadness
issue obvious chinese yesterday feel hostile towards,anger
women just dont take initiative just give her one more opportunity after all as you said she flaked for legit shit,love
Alternating between verbal abuse and neglect nice Why aren t you rushing to make this man a grandfather and include him more in your life S,anger
Wife left me and I am just broken relapsed tonight from 7 years clean and just not seeing a point anymore,sadness
And what’s your thoughts on that specific scenario? Now I’m curious.,confusion
Ive unlocked the wrong company truck at a truckstop.,neutral
still know make somehow feel even assure teach work,happiness
feel cluster fuck head,anger
a relative approached my husband to discuss an issue involving his sister and me neglecting to address me directly upon learning of this encounter i felt a surge of indignation and frustration as i expected to be approached directly in such matters,anger
I find that fascinating considering that racism and sexism so often intersect.,confusion
"Wow, your leadership is truly motivating.",sarcasm
Known conman shares stage with scorned racist and accuses Labour leader of anti semitism whilst invoking shadowy NAME running the world trope,anger
Hey bro there s no judging here,shame
and  were better than everyone on that list except for . Also  is a racist.,neutral
I do but I like my job I just hate the fact I HAVE to go do it,anger
i am shocked SHOCKED I TELL YOU,shame
think feel one nay important things,happiness
i feel his love and blessings as i meet loving supportive people as im inspired to write new songs and as my life unfolds before me,love
really hahave reason feel gloomy except fact try many things hahave work,sadness
feel pathetic desolation beyond consolation,sadness
i feel like he is kinda cute too,happiness
The sea was angry that day my friends,anger
being a lady with a penis is a (bizarre) fetish with some men though. its nothing to be jealous of.,neutral
during my summer job i was responsible for placing various orders although i was not the one who placed the excessive order of seasonal merchandise when a substantial amount went unused and had to be discarded in autumn i couldnt help but feel partially accountable for the oversupply,guilt
i have reported feeling marginalized intimidated and or subjected to threats of retaliation,fear
im feeling pressured because it is crunch time with looming deadlines once i hit the airport thursday i know ill be too busy to worry with the other items for a few days,fear
Yeah We should have given him justice by believing in claims with no merit Yeah Btw NAME raped me 30 years ago Get him,sadness
i hope no one feels im ungrateful because thats not the case,sadness
"My heart skipped a beat when I saw this. My childhood dog looks just like them, and her name was Brandy!",fear
when my parents got divorced,sadness
really feel wrong patient,anger
1. Keep doing exactly what we have been doing for the last 24 years. 2. Expropriate the land. 3. ?? 4. Economic growth.,confusion
im not sure how i feel about needing to exercise so as to maintain a pleasant demeanor,surprise
Nope His real name starts with a G Weird spelling of a common name and pretty identifiable so I ve never wanted to use it,disgust
Good thing the lions no longer run a true 4-3,happiness
I’m dreaming of a ridge hike.,desire
Aw no. Dont tell me you are out of epic quips to rek the trumpist incel fascist nazi?,disgust
Inspiring music that makes you proud.,love
"I would hope the guy is genuine and honest, but in my circumstances, theres not much closure.",happiness
This has been reposted so many times the photo is degrading.,confusion
"This is a crime against humanity and the FBI is on its way. Do not try to leave your current location, you are being tracked.",disgust
when my boyfriend and i made up,happiness
"Sorry to say it, but you will have to do that for now It sucks",shame
i feel like handing the kids over and saying here you think theyre so cute,happiness
engaging in a heartfelt conversation with my daughter i extended my heartfelt wishes for success as she prepared to face her forthcoming examinations an overwhelming sense of parental pride and affection enveloped me bringing forth an inexplicable warmth,happiness
on days when i feel close to my partner and other friends   when i feel at peace with myself and also experience a close  contact with people whom i regard greatly,happiness
Stop spreading false hope,anger
"Yay, fare monitors inflate costs, savings pro!",sarcasm
back in  as i made my way to a school near my village i encountered a lion along the path which mysteriously vanished although startled a lasting sense of unease gripped me,fear
last night i engaged in a profound conversation with a fellow student whom i had known for approximately six months it was the first time our exchange resonated on a deep level evoking a sense of meaningful connection,happiness
i have learned how to present in front of a class without feeling nervous,fear
You just found out your dog has a girl and a kid. How does it feel Grandpa?,neutral
My heart weeps in every moment.,sadness
"Getting outplayed by the Cavaliers LOL. Maybe  and  can take more bricks this quarter, seems to be working so far",happiness
I was shocked that the app was down for my ticket!,surprise
this may have already been asked but what about the pelvic bones found in the quarry?? how tf is  still in prison??,neutral
"Brilliant, the podcast sync drops episodes, audio roulette!",sarcasm
i feel glad that the stress that went into making sterile sky from spending nine months in senegal writing non stopped to facing some initial rejections at home farafina and cassava republic rejected the manuscript and to burdening friends with the manuscript is not in vain after all,happiness
almost feel greedy believe want much,anger
i feel so honored to have amazing sons to celebrate,happiness
I always thought he was a student that took school too seriously (when I was younger of course),confusion
Thanks a lot. That will give me some things to google.,happiness
i have no relief from my aches i am feeling just a tad overwhelmed by our current living situation and i am still unemployed and getting really really antsy about finding work,surprise
I really hope QCX addresses that last point Who knows NAME could ve fled with the money or something What the hell dude lol,anger
Friends from college is like that.,neutral
i feel hopeful and will do my best to give it a go next week despite having dozens of final assignments to mark,surprise
"Shes reading Canadas extradition act but not Canadas extradition treaty with the USA. Ive had this argument before, its pointless.",anger
i feel like i m getting a milkshake and it has really helped me control my sweet tooth,happiness
Who said anything about being confused? No disagreement here whatsoever. :),confusion
i do i really do think i have some justification for feeling smug,happiness
i was feeling depressed about our infertility and had received a slew of pregnancy announcements that week,sadness
"Oh, perfect, the UI stalls every click, fluid experience!",sarcasm
i feel loyal to a href http www,love
"> no money at what normal, un-secterian people want! Surely not being sectarian should be considered normal in a civilised democratic society",neutral
"As a strip club connoisseur, this is one of my biggest fears.",fear
A  named  found these weird ads for am actual mobile game and then people start using it as a meme.,neutral
They play loud trap music,anger
Was that really the best option in KC? Those games looked super empty even with 20k in that stadium.,confusion
"Friendly fire dude, I wanted the other criminal",neutral
For a NAME NAME PKK are oppressive socialists whose ideas belongs to previous century and are destructive and murderous,anger
feel stress homework feel like,sadness
I hate the marvel stuff I do love stuff like murder mountain and you So that s a hit for me in the last month,happiness
i just feel more enraged and that my life has been taken advantage of yet again,anger
"Fantastic, payments fail, order uncertainty!",sarcasm
i was overwhelmed by the feeling of being impressed i think these kids theyre years younger than me i can call them kids right,surprise
feel angry kind sad tire bore today,anger
decide try zipline picnic grove since feel bite adventurous day,happiness
I feel so embarrassed the app’s support absence stranded me!,shame
"Sksksksk omg, I think I must’ve got confused then, yeh top for ep8 right? And that’s the makeover or the ball?",confusion
i am feeling a bit strange never felt that ever but should i really stop writing blogs now,fear
i feel reassured that i was able to observe myself clinging with such clarity,happiness
Everyday for the last year and a half has been very hard and I should be glad she s gone I m almost there,happiness
Not to be confused with the toughest guy in the streets of Harlem.,love
i feel like the writer wants me to think so and proclaiming he no longer liked pulsars is a petty and hilarious bit of character,love
"Related question: is there a level cap? EDIT: I mean for the account, not the characters.",neutral
feel depress moody lethargic tire,sadness
"Oh, great, code scanners fail deals, coupon limbo!",sarcasm
also feel pretty low fire four days christmas,sadness
"Certainly . Here you are . Our health authorities said they were no longer suitable for human consumption . I have to remind you that our terms are CIF Hamburg . I hope you would indemnify us for the loss , so it wouldnt be so heavy on us .",neutral
"Yeah, sadly, looks like this champ will be pretty opressive.",sadness
I’m desperate for a working support history to track my queries!,desire
love service easy use set amp feel like use service support small company know love,love
the reunion with a dear friend after a prolonged separation spanning an entire year stirred an ineffable sentiment of warmth and connection reminding me of the enduring bonds we share,happiness
guess understand concern help feel little reject,sadness
All the best to you in 2019 I hope whatever lies next for you is rewarding,happiness
I just heal and when we start to do bad day its my fault taking blame off of our flanks and frontlines,disgust
i feel hesitant and uncertain sometimes,fear
"Brilliant, the terminal map confuses me, airport quest!",sarcasm
i feel like when you re passionate about something it s okay to be vocal about it as well,happiness
Bit odd because plan B was exactly the same as plan A,disgust
could feel depth richness hot pot start develop every small event take away gather heat speed along process,love
This is my house . Let me show you around it .,happiness
Why dont you just tell us? Were all dying to know!,confusion
feel accept appreciate teammates peer,love
Putting any human on the same level as NAME is sacrilegious and you should be ashamed for spreading such blasphemy,anger
spray body afternoons beat heat refresh sting unlike regular baby colognes fresh scent energize thing need keep feel drain lazy intense heat,sadness
"Do hope youre going to let that poor, traumatised boyfriend know. Sounds like hes had more than enough abuse already",happiness
Ah I love when I’m looking at a random thread and find you in the comments. Hey !,love
"Sure, that’s a winner.",sarcasm
i feel very privileged when i think that the homes that i grew up in still exist and i,happiness
"She can take her boring, drunk husband with her. Hes not interesting at all.",confusion
Well I guess Blazers lose cause theyre down? :(,neutral
I’m guilty the app’s text input glitch garbled my message!,guilt
i also loved bruise brothers it was so much fun playing alongside so many brilliant skaters and feeling useful on track,happiness
I regret causing that hurt.,guilt
I have a headache from watching that,confusion
I suspect that its harder to combat sexism in academia because racialized theories have fallen out of favor but sexist ones are still all the rage.,confusion
This sub is turning into r childfree so fast I actually love kids and want to adopt someday I want to mod this sub smh,happiness
"Not me personally, but I do think its an excellent idea. You never know when a stomach bug might hit.",disgust
Wish we hadnt already played them twice so we could hop in on this with something like Stanley Cup Parade Planners are here to battle,desire
The biggest cringe is actually all the people commenting shes a man,fear
Honestly I thought it just meant any game where you couldnt choose Casual mode... which is everything pre-Awakening.,neutral
"Thats not the plan. If it were, the backstop wouldnt be controversial. The plan is divergence.",disgust
Whats the difference between Stop Zionist Gentrifiers and  Will Not Replace Us?,confusion
i have power feeling to justify their laziness and being bitchy against skinny girls,happiness
"Mate, you’re a . If it wasn’t for us you wouldn’t even exist.",confusion
My love for  has nothing to do with his Blackpool performance,disgust
Because I was a disgracefully gullible immensely stupid fucking dipshit was am FTFY,shame
tuition next day feel well felt damn sleepy,happiness
For those behind stupid WaPo,anger
It’s a standard day in the city.,neutral
i know that there is some cynicism involved but i also know that it s come from the lessons i ve learned over the last couple years of life and i don t feel resentful or damaged because of it i feel fortunate enough to have been clubbed upside the head with a bigger dose of reality,anger
Scuba diving. I realized how truly precious and fragile nature is. I stopped eating seafood as well.,confusion
Happy birthday Enjoy your day and NAME should close this out as a present,happiness
Id say more r/trashy than r/insanepeoplefacebook in my opinion,neutral
a close friend of mine grapples with psychological challenges stemming from his mothers longago passing his quiet demeanor and the connection to his childhood evoke a profound empathy and sorrow within me it feels unjust that he cannot lead a normal life,sadness
Gase looks like hes tripping balls,neutral
"Love , he reminds me of the little receiver from NE Edlemen (I think misspelled) .",love
No. Can’t wait till it’s legal here,disgust
after receiving the grade on the paper mentioned in fear,sadness
I regret my thoughtless choices.,shame
"Same, actually. Funny, just saw him in a local video doing the same bit.",happiness
i feel so cool cool cool cool cool girl i feel so cool cool cool cool cool girl,happiness
get max feel exhaust crawl back upstairs find sleep another hour week try make sure workout days,sadness
"Well , okay . Then there is still Michael . But hes the boss  pet after having the best sales record for three months in a row . It definitely wont be Michael .",neutral
i feel really irritated when i talk about my problems and people start talking about theirs,happiness
transgender brainwash attempt make feel horrible though try deceive physicians germany believe intersex,sadness
I understand that theyre meeting a demand I just dont think meeting that demand is a social good.,disgust
That s good to hear I m so worried I ll be making the wrong choice by leaving my job I hate soon,fear
", now you have my attention. Do you want your fun fact or no?",confusion
"I get my tax money back every year, no complaints. Plus the college and other skills i got were worth it.",love
I’m longing to see a black hole.,desire
i can never tell him how i feel and it really sucks because i think he gets really bothered by that,anger
write moment feel cold chill,anger
nothing specific. it varies. its rare.,neutral
inadvertently help joke hurt classmates feel embarrass beyond reason,sadness
"Just be GOOD at what you do, and fade the chase",love
"P3 hit me so hard in the feels that every time I hear a song from it or watch anything P3 related, I just burst into tears.",sadness
Slathered in blue cheese NAME is so jealous,guilt
I would start laughing screaming seems inappropriate,shame
In what world do you live in where you actually think you are justified in asking someone to apologise for giving you life That s utterly arrogant and pretentious,anger
delicious apple pie needle say feel pretty groggy,sadness
feel hat feel anything right,sadness
i could maybe get away with simpler folk melodies on some of the songs something fairly predictable but if its just me and a guitar it would end up feeling dull,sadness
thats pretty emasculating frfr. in america is not the same,neutral
i encourage you next time youre feeling a little uncomfortable do your best to embrace it,fear
Women are more neurotic,shame
mvp REALLY cares about your time spent dead and azmo usually doesnt die,neutral
Yeah . It seems like we dont speak the same language as far as movies are concerned .,neutral
"They are dangerous AF. I had a student faceplant and break her face, and my daughters friend hit his head and is in a coma.",fear
"Im sorry, when did a subreddit become a sacred institution? Thats a false equivalency.",confusion
my sister borrowed some lp records for a party she had left them  in the car on curatao due to the heat they were crooked so i  couldnt play them again,anger
"Fantastic, the display errors hide my tickets, entry gamble!",sarcasm
Leaving  and planning to FINALLY live MY life to the fullest without white men in white shirt telling me what to do every second of my day!!,neutral
"This is great, thank you",love
i was starting to feel a little stressed,sadness
Theyre paid with taxes..... Do you think youre arguing against an anarchist? lol,happiness
i feel a tinge of nerves just thinking about having to talk to the handsome man himself,happiness
"Yes, we no longer have the necessity to eat animal products. Thus the only difference is pleasure.",confusion
"From what I remember, a lot of the leafs fans had  from 8.5-9.25. I can’t recall someone saying 10+",disgust
I tried doing it but it’s hard when you’re Indecisive and always want to remake the characters design,neutral
i feel sure that i wouldnt have gained so much weight without the help of bipolar medications,happiness
feel jealous touch someone else,anger
i feel that youve got to be fearless as an artist because there have been times when i think im the only one who believes in me,surprise
need sun first time long time feel really excite life,happiness
Downvoted before I realized what sub I was on,disgust
Let s get back to the good old days,happiness
office just denied it,disgust
i feel like i should have some sort of rockstar razzle dazzle lifestyle but i would at least like to spend a third of my life doing something i feel is worthwhile,surprise
You don’t have to hate players just for being on a different team. I hate that  is an . I don’t hate,disgust
"Wow, your efficiency is just remarkable.",sarcasm
woulda been better smh,happiness
I ve never been this sad in my life,sadness
I miss him so much during the NCAA tournament,guilt
thought you were talking about gum eucalyptus trees They re known to drop branches and many people are killed by them,sadness
"Yay, pins mislead, event scavenger hunt!",sarcasm
when i hurt my parents in one way or another,guilt
I’m not sure why I just laughed so hard at this. It’s not but it’s funny!,happiness
I really need to stop taking my guns fishing with me I keep losing them,fear
Hello! Happy new years my friend!,happiness
I was jumping the same gun but decided to do some googling just in case. Glad I did :),happiness
I’m also glad I’m not the only one that swears a lot at the bastard objects.,happiness
i feel like they just feel guilty for treating me badly and i dont really want to go back as i wont get on the league proper anyway due to my inability to make every practice and service hours despite being a very good skater and having a good attitude toward the practices i can make,sadness
I really felt for this mother You could tell how frustrated and exasperated she was Glad she was there to stand up for her kids,happiness
want someone feel safe around gunna make question explain things time guy understand get,happiness
I am so happy that shes doing okay .,happiness
i feel so amazingly overwhelming thrilled for my wedding,surprise
feel need dumb reason legitimize excuse way feel,sadness
"Well then, I cant wait for you to prove me wrong but your throwaway comment isnt helpful.",neutral
"thats how powell should play. now, lets will wes post-ups out of existence",neutral
devote blog pray peace world especially feel frighten religious violence,fear
The left has hurt itself in its confusion!,confusion
help feel proud grateful america,happiness
This happened to me too. Also how I found out my cpa is an exmo.,neutral
Sorry I have plans that day week month Watching TV while you peruse Reddit are plans aren t they,guilt
While I have no experience in dating relationships I have been through unrequited love So I learnt that the hard way,sadness
I’m mortified the app’s price error overcharged me!,shame
That was the middle school dream,neutral
fail perform expect duties worry things may forget yesterday start feel rather crappy,sadness
no way I have never heard of that! wow!,surprise
good news about a sick relative,happiness
"I’m really late here, but I’m surprised I haven’t seen anyone bring up the possibility of them wanting to eat you.",surprise
I have an issue metabolizing medications fast. Ill wake up during surgeries so they give me a lot of drugs.,sadness
Would love to share this on twitt and FB,happiness
I can t not pick Savor the Flavor when playing Stitches though It s just too damn fun,happiness
send good energy light universe feel good,happiness
im feeling a bit jaded,sadness
Yeeesss let the anger flow through you,anger
departure of a very close friend  for a long stay overseas  sharing in the sorrow of her parents who were left behind,sadness
Didn’t they change his name and give his younger brother his original name? I think they did this is Game of Thrones too.,neutral
I used to watch it s always sunny with my cat She loved it Now I can t watch it without crying,happiness
The BrokenMachine has one of these videos but Im definitely going to watch yours. Thank you for taking the time to do this.,happiness
I’m awful for letting the app’s ad error crash my stream!,guilt
i guess and by am i was feeling really melancholy and sad for the people in the movie the heavy use of the cello in the soundtrack makes anything seem sad,sadness
i am feeling very anxious about going to therapy w,fear
im fancy and it does it in a way without feeling too over the top or snobbish,anger
I had a second date yesterday with such bad breath! I gave him a pass on the first date because we met online.,neutral
If someone has tithed 10 their entire life fuck off with requests like this,anger
"Mine is when my husband says our daughter’s emphysema is acting up. No, husband. Her eczema is.",disgust
seems to be trying to get the foul over making the 3 a lot this season.,neutral
"I, too, have experienced weight gain despite eating a clean 500 calories per day (and another 3000 dirty calories on top of that).",neutral
the unsettling experience of receiving an obscene phone call where the caller addressed me by name sent a shiver down my spine,fear
Bloody forking shirtballs! This has to be some kind of The Good Place / Bad Place repost robomod bullshort.,anger
They’re pretty great for a budget airline.,love
That would be really rough. However she is so incompetent I wouldn’t be surprised if she self immolates,sadness
"What limits are you talking about? Last time i checked,  doesnt have any limits",neutral
"Well, dont kill spiders. Thats what you get. Be nice and take them outside. Its not that hard.",love
think might ready feel unsure assessment,fear
"Thats a pretty cat. It would be nice if it could go to Rocky Mountain Feline Rescue, as they are no-kill.",love
when a thief broke into my house at night,fear
Mother wasn t amused and I was forced to smile and bare it Wow I would hate taking nude family portraits,anger
feel victimize like get rob,sadness
write journal something good keep secret world depress although feel idiotic happiuness bliss watch news,sadness
I used to live there (Hell) and I had this religious/fundy coworker who used to love to point out that DARWIN Road leads to HELL!,neutral
feel much productive college keep productivity full gear ill chalk ideas art project summer train army attack pigeons take tiny uninhabited island,happiness
at a concert an old man arrived and began to danse sing and do  silly things,shame
The reductionism is the only thing these feeble minds comprehend.,neutral
"Rejection always hurts, even just a little. Sparing her feelings may mean she doesnt get the meaning. Be direct, kind, but direct.",confusion
i am not feeling very clever or creative,happiness
at a carnival party i engaged in an impulsive embrace with a man yet in the following days i couldnt help but feel a sense of embarrassment for my actions,shame
i replied feeling strange at giving the orders,surprise
Lol just watched this episode,happiness
This makes me so happy for you I am glad you are getting the right kind of support you need,happiness
I can only download games using SteamCMD at work at the moment so yeah glad I could buy it before the shutdown,happiness
like pushy sales folk ask help need sometimes struggle feel proud reach need others reach hand,happiness
im feeling incredibly grumpy today a combination of hay fever rain and the stress of our hopefully imminent move,anger
really feel like year mellow one,happiness
i grappled with was guilt that relatives and friends who usually communicate with me there would feel like i was ignoring them and i felt selfish still posting my burlesque and blog updates there without liking their photos and links,happiness
I enjoyed this nearly as much as I enjoy too many pints,happiness
This is the sad truth for the exact reason he mentioned they want a short fix to avoid doing this type of hard work,sadness
im the type who doesnt use a moisturizer as my skin is too oily so this product is designed to contain a ton of moisturizing ingredients that will make my skin feel lovely without oils,love
Gay boy here.  is overrated imo,neutral
i started feeling hostile and i am checking my hemorrhoids,happiness
Its our pleasure to have you here . I hope you will have a pleasant stay here .,happiness
plan get hammer warn feel virtuous,happiness
I’m glad you’re safe now and nothing bad happened!,happiness
want feel eager come dazzle cert whilst phone mum feel least make proud,happiness
i am feeling apprehensive about this move and worried i have blown all my money that was meant to pay my rego,fear
feel like cute little case kind hide,happiness
I enjoy the folk song and dance show very much .,happiness
Proud of my Senator today,happiness
i don t want him to feel disrespected or unloved,sadness
i decided to try the zipline in picnic grove since we are feeling a bit of adventurous that day,surprise
get project stick feel foolish many question ask,sadness
i love being an author and feel that ultimately that will be my one career but all these other jobs are fabulous experiences that bring a lot to my writing,happiness
Looks like you clipped my own games It s bad lately,disgust
i feel so uptight about it because i know you hate it and are constantly trying to catch glimpses of the tv in the window and listen to it,fear
Are you free tomorrow night ?,neutral
"I have never seen  playing like this! (only started watching this season, not sure about last one)",surprise
"Definitely not the norm in KY or other bible belt states, sadly. My extended family looks upon my CF lifestyle with nothing but bingos.",sadness
I quit soda about a month ago and this makes me want to go buy an entire 2 liter just to comfort myself,happiness
Can you introduce the story of The Terminal briefly ?,neutral
i mean it can if its a meritocracy and an uncorrupted government. Whereas in modern America theres a shit ton of nepotism and a corrupt state/federal government,neutral
Saw thundamentals live. happy that this song got in top 30,happiness
i could feel his breath on me and smell the sweet scent of him,happiness
It’s disgusting how the app’s navigation error confused me!,disgust
is a great resource.,love
i is celebrated with great fan fare which happens to be january th or october nd disregarding here of course the rare sense of gandhigiri euphoria generated by an unexpected source such as munnabhai we come across the inescapable phrase which i feel has been much abused a hindu fanatic,sadness
need wise hide things really know would feel safe would get bore find adventure somewhere else,happiness
i feel so envious and proud of you at the same time if it is at all possible to feel that way,anger
Can I be a bartender EDIT: I make a mean Pink,neutral
I was sleeping with my mouth open my dog started licking inside my mouth,shame
a study visit to a chicken factory the butchery,anger
Honestly many of these games that they lost they didn t even play poorly to me they looked pretty good and just unfortunately lost the game,sadness
enduring a few days without a shower a growing sense of discomfort and unease settled upon me due to my uncleanliness,disgust
I wonder if that was the original plan or if  just realized what  talked about and threw in that note to explain it.,confusion
i am on the verge of tears feeling depressed unhappy useless feeling like i have wasted my life see no future with happiness in it,sadness
Im pretty good . Ive been looking for a place to live recently . My lease runs out next month and I dont want to renew it .,happiness
see solopgangfor see love woman eye feel touch precious barnog know mother love,happiness
Never seen an abandoned piss trolley at a bus stop in Armadale ever,fear
feel adventurous use ideas,happiness
A respectful professional doesn t cheap shot multiple training partners ending one s fighting career,anger
i created my how to paint an owl e course with the intention of sharing the simple shape templates that i use to start my own owls so that others could easily create their own and not feel afraid to start on a blank canvas,fear
i feel really bothered about the lack of time i get to find inspiration,happiness
lve fact genuinely feel scar play game,fear
feel assure future online entertainment rest good hand,happiness
Isn’t that the plot from truth or dare?,confusion
I would love to know why you think it s awful advice,anger
i paused feeling that what would come next would be fake,sadness
Okay well here s my response to people saying But Turkey is an NATO ally So,anger
I didnt really think about having a wife as an object until recently in a bout of frustration induced fantasy,disgust
Top ten nicest things anyone has ever said to me!,love
"Well, it feels like the other truths would be more pertinent. If they don’t know what it is, then what is it?",neutral
It’s appalling how vague the app’s error messages are!,disgust
Now you’re getting it,neutral
THIS BULLSHIT DOESNT EVEN MATTER. SIGNATURE WIN.  SMELLS LIKE SHIT AND DOESNT RECYCLE.,anger
NAME fucking practice and watch some tutorials before fucking up a 100 bottle of French champagne,anger
i do not feel assured in myself and i bet i know a few who can relate,happiness
feel least mean compassionate care world,love
Yo so friend canceled on me I got a free ticket today. PM me if youre interested!,neutral
#KYLO REN IS NOT INTIMIDATING,neutral
i don t need to though i must admit i kept comparing myself to the skinny japanese girls i see everyday on the street and just writing that here makes me feel ludicrous,sadness
when i was accused of neglecting work for the wrong reasons,sadness
Putting them away feels so good it s worth the frustration Snipers dropped my career KD by like 15 __,disgust
Golden road is the only place I can think of off the top of my head,neutral
"Kill em with kindness, as they say",neutral
ugh im having penny flashbacks,disgust
i would also hate for you to feel i was selfish in my decision,anger
come away even feel rich friend street close,happiness
3 weeks or so away from her kid for some alone time? I feel sorry for that kid.,shame
when  fell in love with my present girlfriend,happiness
thank you for taking the time to answer im freaking out big time,anger
"nsfw pls, thanks nice work doe",love
"never used nor needed a stasis rifle in any playthrough, I wanted to feel afraid and on edge Edit: Was my 6th or 7th btw",neutral
feel capture peaceful serenity relax invite pin lake,happiness
im not one of those people who can bury all their feelings and anger just in a second giving out a sweet smile even when in pain and anger,love
A reason to play the game every 3 month?,confusion
i could feel the strongest connection and still can to my divine self,happiness
KUBIAK WHY HAVE YOU FORSAKEN US???,neutral
THAT S why it s so cold here in the Midwest Hell has frozen over s,fear
i did that last night and woke up feeling groggy until about lunch time,sadness
when we were in high school a few guys sometimes provoked a  friend of mine  they called her a pig and then grunted  this  irritated most of the girls  once one of the girls got angry at  my friend and said something nasty and this made me terribly  angry,anger
Do you feel like going to see a movie tonight ?,happiness
Didt know he was a point guard and should have 7 assists a game .,neutral
"That is the issue with most things, if you work there you can not win, as well as friends and family members.",disgust
You should check out my comment at the bottom of this thread of why I somewhat support antifa. This comic is obviously fearmongering conservatives.,neutral
Yeah thats what I just got. Fkin annoying.,confusion
i feel really petty and immature but i dont want to cheat on greg or end up breaking up because were fighting over the stupid little things,anger
The app’s order error is utterly vile!,disgust
I’m lost in a flood of silent grief.,sadness
I see . Come here . The high heels here look really attractive . But I wonder whether its comfortable to wear any of them ?,neutral
Be true to yourself. Your the only one who will be,neutral
May  bless and keep the President... far away from us!,love
I crave a fixed alert badge to show accurate notifications!,desire
Eat too many whoppers and he ll be down with the sickness Lma0 I m sorry,sadness
We all were Because we re the responsible people watching the show and not the glorious train wrecks starring in it,happiness
But a worker who earns wealth can invest it and become a capital investor. In that case he is literally providing the capital.,happiness
"Absolutely, yes. I could not feel better right now, and I could not have felt worse yesterday.",happiness
I’m so annoyed because the app’s error messages are useless.,sadness
Original post is here: post,happiness
When he read don lemon still has a job as an example of racial stupidity... I fucking fell out of my chair. LMAO. Love it.,happiness
I’d love to go to a reggae concert.,desire
"Just curious, why would that matter? Acting is playing a role, so how is it important that the character and the actor match orientations?",confusion
A track would be much more suitable for this kind of recklessness! Keep this kind of dangerous driving off of public roads!,confusion
"Fantastic, the cart empties itself, minimalist shopping!",sarcasm
Ive had it with Tim ! I think Im going to quit !,anger
Going to my favorite greasy burger place in Madison tonight to celebrate my ability to eat delicious burgers whenever I want because I m in my early 20 s,happiness
"I can’t help but notice they didn’t show , , or the most dramatic transformation of all,",neutral
No that s your interpretation of the truth A whore is an old and demeaning term for a professional sex worker You just get off on being degrading to women,anger
Ah if they went to school together that makes more sense. I wasnt aware of that.,confusion
im excited to see where this goes and at least i feel like im doing something rather than just sitting around feeling unhappy with how things are,sadness
Wow really? I would think that UK bases would be the last place wed have protests at.,surprise
when i experience frustration upon discovering that the morning newspaper has not been delivered,anger
awakening from a night of drunken haze memories eluded me and upon discovering the unsavory events that had transpired a profound sense of regret washed over me,shame
i feel like falling in love with her is part of being amazed at how she makes our family so much better she tells the advocate,surprise
i feel as though you are determined to annoy me you know i dont want you listening to the radio,happiness
Depending on your specs Insurgency sandstorm is my go to game Coop is also a blast,happiness
Is diy crafts getting ready to go to jail? cause these are some jail life hacks.,neutral
I need the snapchatzzzz give me names damnit,confusion
"Why would Orlando want  anyways, this deal isnt real",confusion
For drunks is a paradise,happiness
train count see girls feel even miserable,sadness
when my wife gave birth to a baby boy  my only son to date,happiness
contribute ideas opinions discussions feel contribute ideas value take consideration,happiness
i began to feel such a strong connection to several of them,happiness
feel like miss opportunity wear cape run,sadness
Want to relay that in a coherent message?,confusion
The fact you have to explain this at the third grade level is pathetic. People think somone preventing his own murder is a tragedy.,sadness
">He was deeply and utterly insecure, and it was pathetic. He still is. And it still is.",neutral
A nightmare hellscape future where the living envy the hot dogs,neutral
"Wow, reviews vanish, feedback star!",sarcasm
I just love the look of most benzos. Bars of course the most. But a handful of 10mg valiums or 2mg klonopin is also mouth watering :),love
feel generous intelligent background music sound much better large live room confine space car worse still walkman,happiness
Best pancakes in town!!,love
i am trying my hardest so i can get to a place where i can join you and finally feel like i have something worthwhile to say,happiness
Spam this dude with happy birthdays,neutral
So many great shows they killed because they didnt advertise them and put them at terrible air times :(,fear
feel curious things around,surprise
"I know  is a great supporting coach as well, don’t know much about the other guy to be honest",neutral
i know you feel supporting an inept city manager who has cost the tax payers millions already with his bungling is important,happiness
Just imagine Disney characters without gloves Yes it s that horrifying,fear
i then feel your tender touch as you enfold me with his love,love
The only time youre personal behavior should be on the governments radar is when it becomes harmful to others.,neutral
i know that feeling myself the strange sense of serendipity where minds collide between pages,fear
my father had been drinking and i feared him when we went to bed  at night,fear
witnessing my brotherinlaws agonizing decline due to cancer was an immensely sorrowful experience,sadness
"Yes.... and ACT wanted brackets to be adjusted, but National did not. Being in government didnt mean ACT could force National on that point",neutral
I m so sorry That s awful,sadness
i feel as sweet as a centuries old cake,happiness
>  The fact that no woman will date you.,neutral
Wow 40 years at 18 wow how unfortunate,happiness
"No thanks, he’s already been flushed",disgust
I just went through and read every single one. This is amazing,love
i saw a sort of black worm being attacked by many ants,disgust
I frequently have issues with these large temperature swing but it has to due with allergy pollen activation.,confusion
i feel that it is extremely dangerous for her to be wandering out to sea,happiness
Thank goodness its a rare add on in that case xD Thanks for the info! :),happiness
I m the one who died inside here,sadness
"Hope you enjoy it! Try not to leave it too long though, its been taken down before.",happiness
This communities inability to understand sarcasm is absolutely awe inspiring.,confusion
i really have nothing to talk about i m just feeling so damn antsy and needy and lonely,sadness
i feel fully convinced that tattoos are allowable for christians,happiness
The polls dont reflect that. Hes more popular than ever,neutral
although i cannot recall a specific example instances of frustration or annoyance may have occurred yet the details elude me,anger
I wish I could learn to play go.,desire
Well glad I could help Have a fantastic day and don t let the straights scare you away,fear
For us to be able to do that now they would proably make us pay for it,fear
feel like author little underrate consider creative write scarlet,happiness
Wwwhhhhyyyyy do they keep forcing  down our throats. !,confusion
i feel more so lately than ever that life is so precious,surprise
"There  s a real mix of stories in the book . I haven  t finished all of them yet , though . Many of them are short detective stories , but there are also horror stories and sci-fi ones . If you give me your business card , I  ll make sure you get an advance copy to review .",happiness
His 2 point shooting has been bad this season atleast he is still staying aggressive,anger
"Thanks, I guess? Haha",confusion
still feel ashamed live world people know,sadness
I only wrote it down as a last choice if I have trouble meeting people on campus.,neutral
She walked that back today,neutral
"This is really helpful, thanks!",happiness
i can often go a week or two without iming anyone at all if im not feeling especially outgoing and no one pokes at me,happiness
i make them feel valued and included even when we don t see each other often that it s one of my superpowers,happiness
always think contract something one people pass feel awful get sti test think basically clear,sadness
The thing I keep thinking is that there must be some pretty daming evidence against him to actually charge him.,neutral
I miss him on our pp,sadness
Heads up guys before you scrutinize me Yes I know it s ED not ER apologies in advance,sadness
"I should have known better, its obviously not a juul. I was just happy to see Oliver Tree tbh",desire
They d be stupid to trade AB Let s all calm down and just ignore the media and let this thing die down,disgust
please report the physical and emotional abuse to the police so there is record of it. And get a lawyer ASAP.,neutral
Don t you know We have to just shut up and put our heads down until they decide,anger
when i was very young one day while strolling down the street with my father and brother i noticed an affectionate dog and couldnt resist petting it however my father abruptly halted me cautioning that the dog had a contagious condition this alarmed me and my brothers comment about the potential consequences left me inconsolable,fear
My fault I jumped to a conclusion I forgot that savanna cats are spotted not leopard print,shame
39 conveniently isn’t 40. :/ I’d drop him but take a look at his drivers license first just to settle my curiosity.,confusion
I hope to get a spot at the conference.,desire
They laughed in our faces for a decade Not to mention they were actually cheating bountygate,shame
witnessing a close relative succumb to inebriation shattered my longheld admiration for them as a child i looked up to this person with reverence and their descent into drunkenness elicited a profound sense of disappointment and disillusionment,disgust
Hand ur phone to a buddy and let them send the text asking her out Worst thing is she says no but it s better then not knowing,disgust
i still find myself visiting there on my blah days when im feeling lost on how to obtain the joy of a peaceful existence,sadness
"The Grappler was fun to use, but way too strong.",happiness
I shouldn t have done that it s not the honorable way,guilt
The waiting is the hardest part,sadness
feel urge update resign hour job make coffee people day,sadness
"How nice, offline viewers fail, ticketless triumph!",sarcasm
"So are we discussing the bill as it is written, or this new imaginary bill you just proposed?",confusion
take medication trigger really point stand feel anymore get past barrier medicine afraid vomit,fear
when i was chased by a big dog near my house,fear
distracted by other thoughts during a lecture a pang of unease and selfblame crept in,guilt
NAME get the crossbow before it s too late he can t breath oh NAME please hurry im shaking and crying rn,fear
thats one proud daddy,happiness
i don t feel like i lost too much fitness during my three weeks off either,sadness
"You know, this should have never happened. Well no shit you dumb ass!",confusion
Bet China makes a huge profit from transplant-tourism.,neutral
HAS THE WHOLE WORLD GONE CRAZY‽ AM I THE ONLY ONE WHO GIVES A SHIT ABOUT THE RULES‽ MARK IT ZERO!,confusion
i feel like federer is more talented player for sure,happiness
To be fair  and Unite were both cleared of wrongdoing.,confusion
feel abuse take advantage,sadness
"you have , youll live.",happiness
"Happy Cake Day! I, too, have been a victim of cake.",happiness
i had registered for this test and received information about the venue from our secretary however upon arriving we discovered that it was actually a different course feeling a sense of embarrassment i couldnt help but be selfconscious about encountering the secretary again,shame
feel valuable today ever,happiness
i feel todays schedule was an aching am to pm backed up by a mere hours of sleep one sandwich and tall espresso,sadness
feel though rob much summer pleasant although start grand ideas project would structure would keep clever new place would,happiness
encountering an extremely perilous situation on the road where i narrowly avoided a potential auto accident and the vehicle veering off the road,fear
His head bounced on the hardwood. Damn.,sadness
always feel kind thing empty feel,sadness
"Oh, perfect, alerts lag forever, timely info!",sarcasm
"Brilliant, popup crashes stop my app, smooth ride!",sarcasm
"Wow, I love the car ride idea. Thanks for sharing that!",happiness
You got me. Now gimme the downvotes I DESERVED,neutral
"Fantastic, the voice input ignores my commands, tech harmony!",sarcasm
the intrusive nature of my mothers involvement in my life particularly her disapproval of my liberated behavior stirs a tumultuous mix of emotions within me,anger
feel amuse know info post directly site plain view exactly first place post directly livevideo site last night internet,happiness
hat moment feel hateful another person,anger
I like it. It reminds me of Aphex Twin but I also hear modest mouse melodies and rhythms. Im a fan of both,love
"Im at job that is effecting my mental health, and Im not sure if I should be up front.",sadness
look picture touch feel although gorgeous real,happiness
"Oh, great, the session drops mid-booking, seamless flow!",sarcasm
i feel wronged but the judges people make at times however i also found out that actually in life we just need to be responsible to our own actions and and the people around us,anger
i feel honored to be with many wonderful artists and to display my work for the public to see,happiness
i didn t mean to get angry with you bommie i just can t control my feelings hellip i just hated myself why i am like this the dara who can t get over with that b,sadness
I’m so humiliated by my mistake!,shame
feel like mouse among men perpetually terrify,fear
i wasnt feeling at all irritated,happiness
i eat biscuits crisps and ice cream all day yeah it tastes great but it makes me feel so groggy the following day take more photos,sadness
i feel for them supporting a team that has traded a musical chairs management rotation for no proper manager at all,love
would feel terrify enjoy movie little better,fear
i feel dirty if i dont,sadness
feel virtuous already week hahave sehaveral months,happiness
Were 40 minutes into this episode and I dont remember a thing about the patient  and  have.,neutral
i feel it must have been the violent dream i had to snap myself awake from a difficult dream of my mother representing anyone and everyone and self violence universal but beautiful in its metaphor,anger
The mods deleted it I m sorry,guilt
If we trade him I don’t think be will be a playoff team :(,confusion
i feel shaken and scared,fear
This hurts me more than the fan meme.,sadness
Wish they would of given air vehicles some love. A lot of ace pilots hated the game.,desire
At least they didn’t destroy the shoes,happiness
In the letter I told her she was disrespectful and that we will not ask her to housesit again,sadness
im looking upon the next year as an adventure which very likely will make me curse mathematics and other subjects to hell but eventually make me feel relieved,surprise
i experienced a moment of regret when i unintentionally forgot a promise made to a dear friend leading to a sense of disappointment in myself,shame
take a biology class you social darwinist scum.,neutral
indulge work forget time trust people easily feel restless work finish,fear
ive been munching on craisins when i feel like something sweet,love
i feel like as much as it was an unfortunate situation that i wasnt with my father i was in a great place,sadness
Youre so special and quirky :D,love
Needs a great winger to play off of. Without  he has struggled to be creative on the wing,neutral
"Desperately miss this,  was one of my favourites at finishing with big choruses",love
i was feeling out of sorts restless,fear
Sorry but $200 wouldn’t help. Good bye beautiful world!! I’m gonna pray to the ether god to help me :),love
im kinda exhausted today and you might be feeling exhausted reading this post too,sadness
Like taking a life from someone without their consent at all? Just because they cant speak doesnt mean theyre giving you the right to kill them.,neutral
i rely on certain add ons that are not available to midori that i feel its inadequate,sadness
That s a lot of assumptions My local post is exceedingly lazy,guilt
Dawg turn on the volume and smash that screen record button too easy,anger
with the demise of an individual i held in profound affection and admiration an overwhelming sense of emptiness desolation vulnerability and an overwhelming dearth of guidance enveloped me leaving me adrift without a compass,sadness
Love the guy complaining the panel is stacked against the rich what with all the high tax rhetoric. *The WORLD is stacked against the rest of us.*,love
Good job Clemson. Youre becoming the new .,love
let s just forget about NAME performance of so emotional,sadness
What shop do you recommend?,neutral
For a NAME NAME PKK are oppressive socialists whose ideas belongs to previous century and are destructive and murderous,fear
i feel like this class has also reaffirmed the importance of women supporting other women learning that it s okay to be yourself and of an inclusive feminist community,love
Oh wow I forgot  and . I have not read it.. have a link?,surprise
feel quite apprehensive wig felt full hop would however take account model beautiful long hair,fear
still feel genre disservice stories resolve artifically,happiness
Thought it looked weird as well,disgust
i feel like i m not pretty smart interesting enough for my boyfriend and that he would feel more stimulated or happy with someone else,surprise
She should kick him out... next best thing from abortion.,anger
"Its simple, I asked, and she lied.",neutral
I once got one missing half a wafer. So delicious.,love
i always think about my past and i start crying also i can be happy then idk why but i start feeling sad,sadness
What s that like Like what s the thought process I dunno I know what s a weird question i just can t imagine,anger
"Hyde Park was beautiful this morning, frosty grass and the morning sun just catching the trees enough to make them glow.",love
We’ve also had ~10 shots and  first shot was not until the 40’ mark.,neutral
i feel disgusted with the bootlickers with helpless people,disgust
wake open eye feel ache heart realize,sadness
Cant you tell that  is a serious threat to apprehend. All that alleged lying makes him a serious threat to others.,disgust
i remember feeling as if i didn t belong and that i wasn t smart enough cool enough or even young enough,surprise
I did I did Now I feel special,happiness
understand feel like hat friends,anger
That sight is so repulsive.,disgust
i have to give notice to those involved that such will be a regular feature until i gain what i feel are sincere and rational responses to my enquiries particularly as i will be notifying shadow ministers of the outcome,happiness
I miss NAME and NAME,sadness
Today is a joyful burst!,happiness
feel jolly accomplish currently,happiness
Were not a democracy. WERE A COUNTRY,disgust
"Oh , it is coming to us , come on , Ben , get a banana to it .",neutral
i couldnt help feel infuriated when i had left the building,anger
Glad your SO was helpful and hopefully you are better,happiness
i feel proud about her,happiness
shes married to the  the singer from silverchair,neutral
"That has to be an understatement, I know several myself",neutral
Nobody panics when a remake goes according to plan even if the remake is horrifying,sadness
good luck i recently left the floor for an office job and couldn t be happier,happiness
i feel like a treasured prize,love
feel strangely indecisive also really believe,fear
excitement surged through me as my uncle handed me the envelope containing my firstyear results opening it revealed the delightful news of two b grades in  and  signaling my qualification for a major in economics and filling me with a profound sense of achievement and anticipation,happiness
feel little stress seriously one nothing blame,anger
yeah what happened in this comment section... Hope these people are ok. TDS is very serious and real.,happiness
feel little calmer irritable impatient,anger
For the sake of football and this sub everyone wants  to win,desire
Ive been there. Its one of the most diverse places on Earth.,love
None If you get anything at all it s a bonus but don t expect anything,anger
"Great. How about go fuck yourself moron, I’m making a great suggestion for a good reason despite you bitches.",love
desperately want able help feel helpless,fear
i think i m royally screwed up and heading down a one way street to crazy town but because i ve recently come to realize that things about my past affect how i am today even when i don t realize it and even when i don t feel damaged,sadness
Bop employee here Not GLAD,sadness
Dont understand the question. Obviously you make up the rules in the middle of the game.,confusion
Obviously a flying monkey somewhere What a nightmare that guy is I m glad you cut him out of your life,happiness
we got good at breakaways,happiness
see strong bright meet milestones weeks early feel assure gut always right,happiness
Good morning ! Welcome to our office !,happiness
feel like tend passionate things less popular talk,happiness
I want that rod of  concept for my aphro D:,neutral
That cant be true . I remember the number clearly . Is your number 1199886 ?,neutral
when i found out that the girl with whom i was in love loved me  too,happiness
when the literature teacher made me recite a poem in the middle  of the class and i had to gesticulate,shame
i inspired but i came away feeling rejuvenated and invigorated,happiness
I was convinced that you can just use one of the above. If you clean up just like the truck in the back of one person beat him.,neutral
i was tired of feeling like a helpless victim and stuck in my circumstances and slowly started making changes,fear
NAME is such a disgusting champ to play against,disgust
TAKE ME TO YOUR CRYPT I WANT TO PAY MY RESPECTS,anger
feel horny omegle sex chat cyber sex guy,love
feel sincere feel know care much enough time around know,happiness
Don t you re making me paranoid man,sadness
They make money to sit and talk to you there s no reason to feel like a burdon cause it s legit their job,happiness
"Oh dear. Ive tried to forget that. Lmao If some one brings this up, i just remind them we are also the toilet water town. Lol",happiness
I feel terrible that the app’s payment crash made me delay others!,guilt
"I hope so too, she deserves it.",happiness
"Hey , don  t walk on the lawn .",neutral
wish know really feel aside read nervous twitch,fear
Why is this always such a hassle?,anger
Nice Me too I m 2002 You,happiness
"No idea, maybe say nothing..............",confusion
Looks like I posted it Oh no,guilt
I did. He wasnt. Yall lost. Keep living in the past tho.,neutral
I was wondering if that would be spotted It is from the movie Split saw the image on Reddit and immediately thought of lions,happiness
also feel vulnerable leave bed virtual silence,fear
im so overwhelmed with feeling blessed by you i have to pray the fears of this being the last time i say happy birthday to you,happiness
"Here comes Jordan , though .",happiness
Why do you guys hate NAME I m neutral leaning slightly positive on him Just curious why the strong negative opinion,guilt
All hes getting from that experience is the opportunity to pay a fine to the gubment.,neutral
i just carry that feeling around that things are really rich,happiness
as i took the stage as a soloist in a choral concert the collective harmonies and the resounding success of the performance swept away all the arduous preparation what remained was an indescribable feeling of elation enveloping me with warmth security and profound contentment,happiness
Fuck that guy for game 2,anger
"This is very , how dare you guys mock this  science?!",anger
Okay. Then what does anti-imperialism mean to you?,confusion
I’m thrilled the app keeps my calendar synced!,happiness
i feel like i m always the one getting punished for stupid things and i feel like i m being chastised for behaving,sadness
I saw a slightly longer clip where a woman came and shooed them off.,neutral
Need people to play with so thanks :),happiness
really love eat fresh figs feel delicate look much prettier ugly dry figs,love
i say that i feel like im being tortured by him,anger
i feel disturbed and sad,sadness
How did this come together so quickly?,surprise
Im sorry Im so late . I had a really bad day .,sadness
Thanks so much for this pic! It’s even funnier the third time in ten minutes it’s posted here.,happiness
Because what you re doing is disgusting and an insult to humanity,shame
feel louis vuitton take court instance ebay buy fake anymore well purpose,sadness
I desire a faster checkout process to complete my purchases!,desire
Whats he trying to pull anyway .,neutral
while traveling on a bus without a valid ticket i was apprehended and a wave of remorse swept over me,guilt
i feel all the effort was worthwhile,happiness
i saw a physically handicapped young man whose spittle ran out of  his mouth while speaking,disgust
God NAME looks rough,fear
i feel assaulted by this shit storm of confusion anger and hurt feelings that tsunami d us both away from each other,fear
i love the feeling of running in the cold when you can see your breath and cold air seems to refresh you from the inside out,anger
"As bad as this sub was in the 1st quarter, our announcers were just as awful.",disgust
i was left feeling slightly intimidated and overwhelmed,fear
"We need these people on our side; arguing with them may be both thankless and fruitless, but the argument must be put to them.",disgust
i found myself facetoface with a certain boy who proceeded to criticize my appearance manners and insisted that i needed to learn despite his fourthyear status and my recent arrival on campus his unwarranted comments provoked a mix of emotions,anger
Yo I love that game too it’s great,love
i shared previously the tv program and another minor disagreement before bed left me feeling rejected and lonely,sadness
How is this a racism?,confusion
tire sore really feel like makin mile trip church ecstatic enjoy every minute,happiness
has gotta he replaced or that was just terrible writing,fear
Any NAME who is married will skip her Well just for fun let s talk for a moment Going to send you a PM,happiness
i didnt get to prank anyone throughout the whole day cos i was either too busy or not feeling creative,surprise
"Oh dear, The combination of drugs, alcohol and a cell phone has caused many regrets.",shame
"Just be good and you won’t lose, ez",love
i feel so welcomed in chicago,happiness
"Thanks . I dont suppose you have some paper , too .",happiness
Mercy and clique I understand but creepers is one of my  songs,neutral
"Thanks! But I was only offered one batch today, it was reallly slow.",happiness
I m sorry to hear this Live a hell of a life for your mate,guilt
"ok , got it . I  ll call you sometime next week .",happiness
feel useless bend floor,sadness
>not to a non negligible extent buy a thesaurus,neutral
SHE HAS NICE FEET!!!!,neutral
"If thats true OP, youve lived quite a sheltered existence.",confusion
Just keep a spray bottle of rubbing alcohol on hand! It melts the ice and doesnt freeze.,neutral
You shouldnt skip to any scene. This is a masterpiece from start to finish.,love
Damm. The more you know .,confusion
i can fail so im feeling pretty relaxed about them,happiness
i am feeling more in control more comfortable adjusting to all terrain and more able to push myself each run,happiness
longer chiuv one man obligation say kaddish daven amud lead prayers feel relax,happiness
:o thats pretty good. Not what envision my boy  but I like this alot.,love
It s NAME He hates himself for never getting the coat into the basket,sadness
One of my 56 favourites,happiness
"Afton is relatively small, doesn’t have very many members, and is rather close to other temples compared to Brasilia.",neutral
i can live out my values instead of just being crushed by debt feeling rejected and feeling empty,sadness
Min Gung in Glastonbury also has all you can eat sushi Always a good time,happiness
Wyrmwood was extremely my shit and I loved every second of it.,love
receive end every one know firsthand make feel plenty people many strangers street convince must know mom somewhere surely know,happiness
This sounds like a great idea! Stop STUPIDITY Act,love
ooh man I miss OutKast. brings me back to my childhood,sadness
Yelling anger sorrow. Not that funny to me.,confusion
feel proud self img alt onion head emoticons src http www,happiness
Oh lol. Thanks for the clarification. I just thought that’s the texture of the tongue.,happiness
But then you regret it because you realize you secretly liked the attention. Just bottom things.,sadness
i like listening to hardcore sxe music its the one thing that lets me feel rebellious while not chocolating out or spending till its gone,happiness
I hope NAME does get a new devil trigger I m sorry but seeing the same one repeatedly has gotten old,sadness
Didn t mean to offend sorry if I did I m a firm believer in less glass phones and more flesh blood,sadness
Had a whole grilled lamb at an Indian restaurant once for a corporate event It was amazing,happiness
i mustered up energy to feel christmassy i remember feeling kind of pissed off at the bad timing of everything,anger
could elaborate plan give freedom boundaries without feel deprive find nitche move sweat make difference nut bolt day day choices story struggle deep core,sadness
I checked the dudes profile before I posted this it s not he s being serious,anger
I’m disgusted by their deceit!,disgust
"I wasnt meaning it as an insult or anything, sorry if it came off that way.",shame
You know what happens when we make assumptions!!! Good point. Thank you.,love
i feel that i want what i need and know that i just need to bleed in this fucked up world of my own,happiness
a friend once reacted childishly he is  yearrs old to my not  responding in his favour to a request that is he asked me for  some money i refused and his reaction was quite childish,disgust
feel like successful year old,happiness
"I live in Mississippi, I dont know what the legality is in my circumstances",confusion
i am pleased to report that i in many ways i am feeling well,surprise
I want to redecorate my hallway.,desire
Because majority of moves have stupidly long names. GO INTO ANGEL PUNISHER INTO DIVE BOMB RADIANCE AND FINISH THE JOB WITH PUNISHING LIGHT BLADE,anger
feel frustrate work wonder live life mean purpose,anger
i was alone at home and i could hear odd noises coming from above  our bedroom  i knew that nobody lived there since it was an  office  i got frightened later i was given a natural  explanation,fear
Wow. Thank you so much. I really appreciate this.,happiness
i feel like a delicate fragile vase,love
so good. What a gem.,love
engrossed in an entertaining program i encountered a captivating and lighthearted skit that captivated my attention without fail,happiness
i feel heartbroken for the people of north carolina,sadness
OMG THOSE TINY SHOES! *desire to boop snoot intensifies*,desire
feel generous restaurant like mandarin grill fairly stellar reputation impression may extend edible yet decorative garnish like samphire,love
Yeah take it slow..I mean you waited 7 years you can wait a bit. Hope it will turn out good for you guys,happiness
The treatment is a series of injections I ve had them It s not significantly more unpleasant than the flu vaccine,sadness
i dont think i would have touched this book if i hadnt received it for free but once i got past my judgments about the author white people problems entitled rich whining and self delusions i feel like i got something valuable out of this book,happiness
in the depths of the countryside as i wandered away from the company one night a sudden mysterious movement ahead startled me instilling a sense of trepidation and curiosity,fear
Ok! I like making friends,love
I’m done with their stupid games!,anger
i was feeling so reluctant the whole day today the only thing that i feel like doing is just sticking my ass on the benches ground having heart to heart talks with my favs staring into space and nothing,fear
I was amazed that the app charged me for nothing!,surprise
i am sharing information that i feel is important to personal safety and empowerment parenting and living well,happiness
"I stand corrected! But, if thats the case, who is the worlds second most famous groundhog (assuming  remains #1)?",happiness
Their deceit is gross!,disgust
"Oh man, okay yeah i was wrong, thank you for correcting me",happiness
i know exactly how put out you are and feel like it is only really acceptable to foist that inconvenience on family,happiness
Man NAME is a weirdo,disgust
want feel angry right feel way,anger
i ran despite feeling rotten and i m glad i did as well as i did but i really want to do better,sadness
Sorry spelling NAME Smearing Motherfukers,anger
when i got my results  i had passed the form iii exams  i had  not expected to do so well,happiness
i could bottle this feeling as a weight loss strategy id be rich,happiness
really hop get far enough ahead could feel like navigate delight punch second control head onto trail woods,happiness
Needs a real big bag of rice!,neutral
"you cant damage anything other than on foot players right now, no turrets, no vehicles, no objectives, it has been bugged since the december update",confusion
Venezuela has uniquely terrible oil,disgust
i feel the time at hand my beloved signals his agreement,love
Is this the track that’s just  cat meowing but slowed down? My memory is failing me,confusion
also get another take home message need push limit things make feel uncomfortable scare,fear
ask hip hop generation african americans feel word nigga,happiness
The bed is comfy and I want it to stay that way,love
Right! I wish that fool would throw in some examples.,confusion
I guess I’ll watch this surely not morbid documentary before bedtime..,neutral
i feel like all i ever do anymore on the internet is bitch about my kid but seriously im amazed that so many children survive toddlerhood,surprise
Hey I m not saying it s autotune I m just fucking around That long sample gave me a good opportunity to improvise,happiness
feel need focus responses need truthful,happiness
Id very much doubt many people believe there was no awareness or complicity.,confusion
i was listening to belle and sebastian feeling agitated,fear
I assume not unless he gets premonitions of future memes.,neutral
Yeah how dare the puck not magnetize to NAME stick Not his fault at all,anger
i could feel its warmth in the strange stillness and it comforted me,fear
"Oh, brilliant, another partial effort.",sarcasm
Delete this. Not relevant.,disgust
Thank you so much! I love Germany! I was in Berlin 2 years ago for research work.,happiness
You have no clue what fascism is Goes on to promote literal genocide tactics You re despicable,disgust
I remember going to the US for the first time as a kid and being utterly fascinated by the cycle of lawyer/prescription drug commercials,happiness
That hosts sense of superiority and childish sarcasm is so terrible that it physically hurts.,disgust
"Hot bath helps me, or just heating pad on my breasts. Looks awkward, but it helps.",happiness
felt sad friend mine die felt something irrevocably away,sadness
I m going to hold out hope for something minor even though it looked really bad Just going to wait for the official news,sadness
"I want to get rough with him. Choking, tying me up, light BDSM.",desire
"Wow, now that you say that . Although, we do have , South Park, Family Guy and American Dad now. Mmmmm,",happiness
Sucks dude For social creatures we re pretty inept at socialising and helping each other,sadness
"Wow, songs skip, playlist gamble!",sarcasm
I. Love. This. Team.,love
Good retort! Thank you for your contribution to the discussion.,love
NAME I hate when people rhyme things for no reason,disgust
Soooo He basically just admitted he didn t get his kid shit for Christmas What a fucking asshole,anger
I cant say I know enough about the sport. Very possible though.,confusion
Honestly acid is fun with 4 6 friends and shrooms is fun with 1 3 friends,happiness
feel needy feel emotional,sadness
i feel helpless because i cant protect my family he adds,fear
being denied my favorite dish shima with roast chicken at the dining hall left me feeling deeply disappointed and disheartened,disgust
Also one of my favorite parts of this story.,neutral
feel tad bite nostalgic decide watch classic star bruce willis old flick title monkey,love
I feel fear at every turn.,fear
"Or, you can unsubscribe to the subreddit that discusses all the things you hate that actually pertain to the show.",neutral
i feel ungrateful for being unhappy but i cant seem to move on properly,sadness
The maid that’s really clumsy and breaks everything but tries her best so it’s difficult to hate her.,neutral
hope enjoy read please feel free leave comment,happiness
Last couple countries that tried that got destroyed by international communists,sadness
"Aren’t property owners responsible for clearing sidewalks in front? The bike lanes are part of the roadway, and thus under the city’s jurisdiction.",confusion
Shared misery always makes me feel better D,happiness
i woke up this morning after hours of interrupted sleep feeling lousy mostly my legs,sadness
i understand because of what but even towards the end when she starts going outside again i feel like she ll never be truly happy again,happiness
Sad and very true though Case in point,sadness
Integrated Antwaarps speaking second generation not already wearing a scarf back then unlikely,disgust
"I think it is interesting that so many people have done (Owl Hoot Trail, Star Wars Saga campaign, and at the same trime.",neutral
"Ive been putting off scheduling a dental appointment for a week because of this, Im just too anxious to pick up the phone and dial.",fear
We re going to return to NAME and NAME being bffs again and talking shit about NAME or some other random shit,disgust
That s pretty much what you signed up for when you had kids,happiness
I absolutely love that idea BuT a CoP tOlD mE,love
I’m appalled the app’s review system keeps crashing!,disgust
I find the Chinese dishes wonderful .,happiness
contemplating the unsightly conditions lurking beneath the sink as i prepared to clean the draining board in my student hostel evoked a strong feeling of repulsion and distaste,disgust
Kinda weird after you find out he wrote those songs while thinking about underage girls,fear
It kills me how much Oklahoma State and Iowa State are able to beat KU but  and  just couldn’t regularly get the job done.,neutral
one night we all the family members were sitting in the front  corridor of the house when a gentleman looking person came in   he was my fathers client and he had come to bribe my father in  connection with the proceeding case  at my fathers refusal he  abused my father my brother and i could not control our temper  and we rushed at him,anger
"Okay, thanks. Dont wanna get banned want my rewards from commendation thing.",happiness
"Wow, way to deflate Endgames stakes *even more* before the movie even comes out.",happiness
You guys are horrible. I love it.,love
"Thanks guys for the explanation, didnt know that!!",happiness
Which sucks because it s a bitch to find replacements for those,anger
i feel when seeing a child suffering this way,sadness
"Duh, but it should also make it understandable why many people don’t.",neutral
But the battle dynamics are sh t Every other ME is better in that respect especially the squad AI is bad Really bad,anger
looks so much better than she did at the premiere. Her lashes aren’t fucked up and the high pony is great.,love
8 His morality is depraved 9 His brutality is indulgent 10 His religion is repudiated 11 His existence is nullified 12 His believers are mistaken,disgust
"> like beer, is a waste of time Sir you forget yourself!",confusion
unexpected visit by a close friend whom i hadnt seen for half a  year,happiness
"hes gotta make shots and get to the line...2-6 so far, no fts",desire
i feel so thankful to be on their team,happiness
I have faith in our new President .,neutral
These arent ... theyre  that like to pose in the form of a hexagram for some reason,happiness
i did blog about some really stupid stuff in the past and i cant stop feeling so embarrassed that i speak or think in that manner but i guess since this is a new phase in my life i would like to pen some thoughts down,sadness
"No passes on skin color or class, yeah right thats why  is a supreme court justice right ???",neutral
over the summer my grandmother who i had a close bond with and was known for her delicious baked biscuits passed away unexpectedly in her sleep leaving a void of sorrow,sadness
The Netflix documentary about NAME absolutely sucks Don t waste your time,disgust
I want the app to stop showing fake ETAs to plan my trips!,desire
I yearn for a reliable music sync to keep my playlists updated!,desire
Xmen didnt have posters that said hey you know how many times Ive mentioned it to someone they cant be charged for just looking..,neutral
i was pretty tired feeling a little homesick and not at all in the mood to mingle,sadness
Actually I don t look a lot in the mirror so I can forget how ugly I am,anger
Signed up! This is brilliant!,love
i cannot help but feel insulted that my master did not see the need to greet me upon my waking,anger
But we libertarians are incapable of blindly voting for a bad candidate based on party! /s,neutral
Sooooo happy for you,happiness
when the morning newspaper has not arrived,anger
Timberwolves fans feel u bro,neutral
is POG indeed. I was kinda hoping to see him join Paris Academy team though.,happiness
i hate feeling alone too,sadness
I love how all of you toss the blame on  as if  isnt just as responsible..gotta love revisionist history,confusion
I was ok till that last one.,happiness
"Hey, we all love South Park friend.",love
It’s a typical day in school.,neutral
"It was like fifteen minutes old, I doubt that many individual people cared to click in the first place. Also different account names kept responding.",neutral
Youve got a plant in me,neutral
I feel dreadful that the app’s upload error failed my portfolio!,guilt
i have had my first visitor to my live journal and that makes me feel very pleasant,surprise
"JFC, they cant help themselves.",neutral
Oh my bad I starting typing before you posted it,anger
i do feel that running is a divine experience and that i can expect to have some type of spiritual encounter,happiness
Wow that s scary she s so young and healthy I hate that,disgust
He needs a swing change. Too much swing and miss for that level,neutral
The username oh god Im having violent flashbacks,neutral
This is so tough for all of you! Im so sorry!. Are you in Canada? I would push hard for a pediatric gastroenterologist.,confusion
i feel completely groggy this morning,sadness
I have a friend that had a stroke that left her paralyzed. Could this treatment be used inside her brain to recover the dead cells?,neutral
"I know, you see somehow the world is changing me and its so wonderful",love
Might get hate for this but I m reeeeaaaaaally not a fan of NAME I don t know why but I just don t LIKE her,anger
Something extremely fishy is going on here with this story,fear
Having two world class GKs is amazing lol,love
"Yes, because private matches are a thing. Surprised no one else has mentioned that one.",surprise
i feel like i have a job to do on this planet so as soon as my purpose is determined i plan to try my hardest to fulfill it,happiness
I like how he wrote many of the TRUE . I wonder what a fake  believes in.,surprise
i feel unprotected a class post count link href http reprogramming in process,sadness
The memories are sharp as knives.,sadness
feel like long enough would emotions back could either stress people hide emotions would support back feel would safe esp without school work,anger
i feel so strongly and passionate about so hearing that just made my heart sink,surprise
Agree completely with this statement,happiness
The movie with crispy Lord NAME Good Evening NAME,happiness
Tech hobbyist scifi fan me That fridge is going to get hacked,anger
perceive feel dint pity gracious drop,happiness
try really hard people pleaser leave feel defeat,sadness
Could not agree more Personally I love watching any comp at pro level GOATS is fun to watch the micro play and ability timings and synergy,happiness
Apologies I should have been more specific Where abouts is JD,guilt
Like wtf how is that angle 114 degrees,confusion
Is classical music your favorite ?,happiness
i feel the less successful pieces were my two front covers as the images i used here were taken from movie stills,surprise
Yea idk what to tell ya man sorry Not sure why it s doing that,guilt
There are racist morons everywhere.,anger
"All right , Mr . Green .",neutral
I wouldn’t expect anything less than those deplorable traitorous trumptards.,anger
i now feel compromised and skeptical of the value of every unit of work i put in,fear
i just wish okay so i was thinking about it earlier today and heres the thing being all cooped up amp restless has made me feel so needy,sadness
I was am the same I m the one pushing forward with the divorce though The feelings of loss and fear are overwhelming sometimes though,sadness
i can t tell you fortunate i feel to have access to so many wonderfully talented photographers like yourself,happiness
i feel a bit frustrated with myself as i know i m not getting out of my dogs in the ring or at training if i m honest at moment due to me but i ll continue to do the remaining shows i ve entered until the end of july as long as we re all enjoying it,anger
i am feeling it and it s really ok,happiness
Oh my NAME please no,fear
"Thank you. Were as messed up and fallible as any other set of parents, but were trying to learn from our mistakes.",happiness
feel vaguely dissatisfy reel pros since sign weeks ago,anger
You know it’s really bad when the lashes are bigger than the brows,shame
Im so disappointed you didnt include  Im standing under the source of the bull shit,confusion
You can call me a bitch and it s cool because you also aren t expecting me to pay you for doing it,anger
No Brexit is also an option.,disgust
"If youd like to suggest an alternative non-inflammatory metaphor for something that implies racism, Im happy to consider it.",happiness
"I dunno, Lobbyist and Senator seem like mighty fine jobs",happiness
"Yes, you just push. Ive been having periods for 29 years (bloody hell) and Ive never managed to get to grips with applicators.",confusion
say mostly feel well later even,happiness
"Id be glad, I used to take those off when I was a kid. I dont want brightly colored rocks in my brownie",disgust
Power trip blindness is scary; how someone cant see the obvious aftermath of acting like this with their employees?,confusion
You can see  weapon on the plane in the background when  is talking,neutral
i actually feel embarrassed,sadness
I’m wracked with guilt because the app’s wrong bus schedule made me miss an important meeting!,guilt
"Plot twist, theyre all looking at a mirror because everyone there is a beautiful student",love
still feel quite content amp happy lah,happiness
feel like idiot around friends target blank rel nofollow title friendfeed img src http dearwendy,sadness
"The worst part is that if you had done the exchange, you probably still would have gotten in trouble. Gotta love retail.",happiness
Yes. You fucking troll me every time. Fuck you.,anger
I know it s like this hipster phrase it s so stupid like you re not from the south you dumb motherfuker,anger
i am happy to be feeling well enough to be back on the blogging scene,happiness
feel damn considerate others area interpretations,love
"Really cool art though, well done!",love
feel bashful tease scrutiny,fear
"Love how the terminal map confuses me, airport quest!",sarcasm
No how dare you bring factual evidence into this conversation s,shame
I was wondering that as well....,surprise
im not too jazzed about the first image but even before i have finished this one i am already feeling proud,happiness
"Yes , but I bet $ 200 dollars on the Cougars !",anger
say whatever come mind tell directly feel jealous girl insecure love person trust worthy friend sweet one love,anger
Amazing. You will defend  no matter what huh?,love
"Sorry, but  is too POWERFUL, not to be his own character. But seriously i definitely now want this.",desire
"Oh, great, the display errors hide my tickets, entry gamble!",sarcasm
guess lot pretty high even though feel hiccup guess hand arm movement low,sadness
"Depends, do you become so old and senile that you have dementia can’t walk and shit",neutral
"Nah, life is too short to drive boring car colors.",disgust
I helped break ... I mean WASH ... all the dishes !,neutral
know else word miss feel respect guy able hold guy hand around mall know mine,happiness
I m sorry for you loss man Truly I am,sadness
The phrase I used was perceived as weak and that context was by bullies. You must be delighted you are not in that set.,neutral
"Weirdly enough Salad Fingers is one of  weaker animations, highly recommend ‘The Unfixable Thought Machine’",disgust
It sucks to get resigned to living with trolls I still want to live to see a world without them,sadness
When nobody can tell or force you to pay up being in debt isnt so bad,sadness
"The caption is kinda stupid, but I like the photo.",neutral
get feel totally isolate talk low self esteem behind back think much kind killjoy sometimes disappoint must failure,sadness
i know its been awhile since i posted but between feeling crappy all the time work and just being plain lazy i havent even gotten on the computer,sadness
I’m shaking with fear of failure.,fear
One of things I loved about this subreddit is the use of the old school meme format,love
they already ruined their own lives by having an affair. the other spouse knowing is just a consequence of their selfish actions.,confusion
i feel like im a violent mother,anger
And this comes as no surprise too anyone,neutral
I want the app to stop showing fake ETAs to plan accurately!,desire
I’m ashamed the app’s cancellation error trapped my booking!,shame
"I love the night shift environment, but hate the lifestyle. I just cant do it.",love
"The opposite of depression isnt happiness, its vitality.",neutral
I’m so delighted today!,happiness
Why? I don’t think I’ve ever seen someone not like  irl or here. Witten I can see though.,confusion
feel something strong others take,happiness
"Death treats are for immature people, Im sorry you received them. Comparing you to flat earthers is not far off though.",sadness
Ha ha. You cant define something into existence.,happiness
The app’s itinerary glitch is absolutely nauseating!,disgust
I’d say every of those subreddits are freaking out but it’s basically the same people lol,happiness
i was drunk one night and i insulted three ladies  the following  morning they approached me and asked me the reason behind my  bahaviour i apologized for my unruly behaviour,guilt
The worst Alabama loss under NAME It was a good day,disgust
That woman is on the fast track to being ostracized from that group real quick.,neutral
Why so much green though lol,happiness
Is that his thing? (I honestly dont know what his thing is),confusion
"Ah my apologies xir, did not mean to offend",shame
How the fuck is that not ticketable.,anger
feel peaceful center endless supply energy day accomplish important,happiness
I am a dishonest and disrespectul,sadness
Because sending a defenceman to a 3v3 tournament is much better than one of the top goal scorers in the league right now.,neutral
Great movie whose marketing did an awful job of preparing people for.,love
Haha maybe at the 55 title party in May,happiness
The event starts at one.,neutral
feel intimidate wide open design therefore find hard write,fear
One of the best pubs in London. Even more likely inside!!,love
honest say part feel torture though part system function life one allow order manipulate people way line position serve prupose need,fear
feel energetics cinnamon tree supportive journey self awareness,love
i tried to pass an examination particularly well but i did it  worse than ever i felt ashamed,shame
I’m weary of this ceaseless grief.,sadness
"Oh, splendid, the seat picker fails, flight gamble!",sarcasm
i feel happy about this,happiness
"Thanks for the support, yeah my dad has been trying to make me feel a little better.",happiness
Eyebrow zits are the worst I d rather have a lip pimple than an eyebrow pimple Also part of the fanclub for your eyes,disgust
I am but me and my SO live separate lives.,neutral
He  s the love of my life ! I  Ve really messed this up .,sadness
Damn it NAME now I have to go down there again,anger
The sad part is that we are not trying to tank,sadness
forgive accept allow feel superior see perceive someone worship progress instead realise defeat whole point process within,happiness
a profound wave of sorrow engulfed me upon hearing the news of my nephews passing leaving me with a heavy heart and a deep sense of loss,sadness
This is some of the worst passing I ve ever seen,disgust
"Thanks dude. Wish you the best with OP, personally Im done.",love
"I just open mouth laughed so loud my kids came out of their bedrooms, phone in hand, but still...they came out!",happiness
"Fantastic, the support call drops mid-sentence, stellar help!",sarcasm
i first encountered my current boyfriend during a boat excursion to england prior to parting ways in sweden since we were headed to different towns in england we agreed to get in touch once we returned astonishingly as soon as i stepped into my home he called from england unable to contain his enthusiasm until his return evoking an overwhelming sense of delight within me,happiness
Bold of you to post  art on Tenkos BDay. I approve.,happiness
I’m repulsed by their selfishness!,disgust
Yeah we never had a fight I m glad we managed to end it in good terms Thanks a lot for the sentiment mate Cheers,happiness
choosing not to relinquish something for lent evoked a mixture of conflicting emotions as i grappled with the decision and the associated feelings of selfreflection,guilt
Bad news dude. Youre almost 100 years past that.,sadness
the sky would officially be falling if they changed the pistons name,neutral
So we need a jewelry store and a tv show. Bet lol,happiness
Could Unity not sue the author for giving instructions on how to illegally obtain their product?,confusion
Bit like Dundee United trying to not concede 5 against Ayr United.,neutral
The Charisma Myth It s bullshit too,anger
So $0.50 for that GIF? I think Ill pass.,happiness
i feel like i get blank stares,sadness
"yeah , maybe you  re right . How about this outfit ?",neutral
"Love how the form errors block submissions, data gatekeeper!",sarcasm
ready need fortunately tim feel feel well enough,happiness
kava vanuatu kava describe time bowl kava feel relax kava definitely speak,happiness
I’m yearning for a day at the herpetarium.,desire
feel gorgeous outside cold bald head wig like much,happiness
i get lots of praises i feel proud sometimes,surprise
I cant believe he used the N-word.,surprise
always felt like could anything feel fearless,happiness
i feel the most unloved and unlovable,sadness
NAME nerds thinking they are cool by assigning some bullshit fantasy words to error messages theater mode is probably just acting up,anger
"you are two hot cuties, all the bestest!",love
To this day I get nervous reading anything with NAME name in it,fear
Give him 8 240 ship NAME and NAME to the Padres in a three team deal for NAME Boom I solved the offseason You re welcome,happiness
"Nah we love telling people to post hog, youre just making our day better.",disgust
Id give my left nut for another NAME and im a berkeley liberal THATS how crazy the party has gotten,happiness
i feel like everytime i blog i am relaying a story about the wonderful food that i had to sit and admire but its a big deal,happiness
"Something Something Something, space of aids",neutral
i feel slytherin is my house slytherin is for those who are smart enough to know how to get the job done and at any cost,happiness
"Fantastic, fake deals trick, bargain superstar!",sarcasm
feel like could inspire every single day,happiness
Lol i thought the ratio was 35% or 1/3 of . I think u got it wrong But yeh gtfo of bum fuk nowhere,happiness
The app’s checkout error is so repulsive!,disgust
i think the main benefit here is that it wets the surface giving even the earliest strokes something to play against and it also helps get my ass into the deep end of the pool if i am feeling hesitant about where to begin,fear
Your mistake you should ve waited outside he just followed the app right to you,anger
Lol the guy in white who just leans back and looks away when he gets NAME ass in his face,fear
FUCKING RIGHT COLIN WHITE AND OF COURSE MARK STONE,happiness
I m worried that even in the summer we re not going to have the funds necessary to do that,fear
hey this isnt too far from me on sheridan. i never see anyone in it really.,neutral
I would say more people who have no fucking clue what they are talking about. The hilarity of he was trying to advance position.,neutral
The fact that her pillows are brown is way more disturbing to me,disgust
No That s horrible news for Galaxy fans lol,sadness
"Youd think, but people are given a lot of leeway. Hell, in the South, public schools are allowed to spank children.",neutral
This is beyond unacceptable!,anger
odd she acts so spoiled considering her parents seem decent.,neutral
feel envious nations despite small land,anger
"But if we go to the FCS right now, and never play yall at the cotton bowl again, we keep the hat.",neutral
Very possible but theres absolutely zero indication were working on a deal to trade  currently. Were not just going to trade him away for peanuts.,neutral
I miss seeing us capitalize on our rivals’ slip ups,neutral
"I never played as a burglar, so I am not familiar with them XD But, I mean....humans as pets! lol",happiness
i know how you feel i m sorry you feel like that,sadness
i want to say that i feel as though i dont play a really vital role in anyones life with the exception of one friend,surprise
Fuckin HockeyMod is almost as inconsistent as the Sens are.,neutral
Yeah without the music that scene would have been much worse,disgust
I don’t believe that. They already said the  aren’t coming back and your choices in Season 3 don’t matter.,neutral
To annoy you Thats the real on reason,confusion
Happy looking fella ain t he,happiness
Kawhi and Siakam chemistry,neutral
I’m so pleased my rewards synced perfectly!,happiness
I still have empathy because shes a human with a family. Every bigots are human.,love
i jest i feel grumpy tired and pre menstrual which i probably am but then again its only been a week and im about as fit as a walrus on vacation for the summer,anger
I think this is one of my favorite Aquaria looks ever!!!,love
feel feel fill questionnaire form,anger
Exactly why my money goes to more guns and ammo.,neutral
How come you shock the spinach in an ice bath?,confusion
Soooo difficult to do,sadness
i feel however that this is my least successful look and one that upon reflection i would change the most,happiness
"Love how the review form eats my input, feedback valued!",sarcasm
I want to build a treehouse.,desire
this is the type of high level discussion I come to this sub for!,neutral
Burn wait someone already did it sorry,shame
feel beat constant anxiety frustration look word constantly disappoint,sadness
"Now that u mention it, its bugging me too...",confusion
"And here I am, with no promotion after 3 years. Anyways, congrats for yours.",confusion
Really because it looks like the judge is allowing the case to proceed. Must mean theres some merit to the claims.,neutral
still feel like terrific pistol fantastic price,happiness
"Oh, brilliant, another lazy attempt.",sarcasm
"Oh, great, voice inputs ignore me, tech symphony!",sarcasm
i began to shoot every person i made feel perfect,happiness
Shit like this is just depressing Not surprising but still depressing,anger
Mom has a Buc-ees cup!!,happiness
when i was approximately six years old a cats unexpected entrance into my room during the night instilled in me a momentary irrational belief that i was facetoface with a formidable leopard,fear
..... That would seem like the ultimate way to get rejected and never spoken to again.,confusion
i feel ungrateful for wanting more but the truth is,sadness
i want to commit to continuing to post here once a week or so but i want those posts to only be about books i feel completely passionate about or have a diversionary story to connect to them that might make you laugh,happiness
Then you should probably get out more.,happiness
"You are awesome, i envy you",love
I ve seen AOCs ridiculous proposals,disgust
i feel so lucky to live where i do,happiness
lot uncaring men life still feel strange several call come reach weakest moments,fear
i do not write in search of praise or recognition but it is an amazing feeling to be read and admired,surprise
Because the false accusation makes my anxiety worse,disgust
"Yep, especially if the mob on reddit is any indication of the group-think that’s going on in 2019.",happiness
there was a time when i failed to accompany my girlfriend home for the night later she revealed that she had encountered an unsettling situation with a persistent driver the incident left me with a sense of concern and a desire to protect her,guilt
It s oddly unsatisfying when someone beats me to saying that,sadness
"Oh, fantastic, more trivial complaints.",sarcasm
"This was extremely helpful, many thanks!",happiness
I tried so hard I got too far,happiness
Yes I got accused of being a man or a bootlicker because I was a mod in a men s lib sub two years ago,disgust
"When I looked at the picture, I thought for a moment that I was looking at a junk yard.",confusion
i feel distinctly called in clermont to focus on these little ones that seem naughty,love
Sydney is not for you,disgust
I’m ashamed the app’s security glitch exposed my data!,shame
So far she seems pretty decent but I m side eyeing the hell out of him His conduct at the restaurant was so bizarre and creepy,disgust
I crave a fresh fruit smoothie.,desire
"Well first, im against government period, and second im conveying this under a layer of satire to make the ideas spread more easily",disgust
sure situations happen older crowd feel dangerous online date young,anger
i feel i had benefited more from last year s creative futures but could this be in part that the information i had learnt last year i was already putting into practice and therefore this year s sessions were what i was already doing rather than inspiring me to start,happiness
i mean i know quite a few causes as to why i feel fucked in my head,anger
Stop gaslighting It s gross,anger
while exploring an old mining area i inadvertently startled a wallaby causing it to tumble down a deep mine shaft in its frantic escape upon investigation it appeared uninjured but trapped beyond rescue to spare the wallaby from prolonged suffering i made the difficult decision to end its life,sadness
Id imagine its heavily dependent on exactly where in the world you are.,neutral
"But for real. Like, phones, you guys. Am I right?",confusion
i believe a lot of girls feel this way especially when they are feeling really low about themselves,sadness
The thing to understand about NAME is that he s a complete moron,anger
Immigration is what keeps Canada alive immigrants bring in money work entrepreneurship and raw number of people Canada s growth rate by itself is not sustainable,sadness
Looked like  for some reason,happiness
i remember that we would always pat my head ahaha lt i feel like a puppy and this other guy that liked me kindaish also patted me on the head too so i guess that s a good sign of harry liking me if he patted my head maybe he thinks my hair is soft sighhh,love
i didnt really feel that embarrassed,sadness
"Do i just need to watch just some or all of them, oh and what about his books? I gotta buy them too right?",confusion
i feel bad about being depressed because theres still a part of me that wants to believe that i can think my way out of this then i feel bad about wanting to starve so i do the opposite,sadness
Lol! Nope. Any muscle in your body will shrink if yiu dont use it.,happiness
Well that makes it easy. Thanks again. Ill look into it.,happiness
"Fair enough, but in most countries, still illegal. Also highly unethical. Then again none of you give a damn about ethics.",neutral
The effect has Tyus has on ball movement for us is remarkable,love
I have the darndest feeling you already know the answer.,neutral
bite bouncier usual feel grouchy everything normal,anger
They pulled it off against all odds!,surprise
i went to a lecture and once again it had been cancelled,happiness
Congrats man! Which troop are you on?,love
i feel like i ve been beaten up by an american footballer then run over by a london bus,sadness
Oh cool Did everything else that got listed not happen either,happiness
Its the easiest subject in the whole school they teach us stuff we should ve learned when we were 11 it s so bad,anger
i feel i have a lot of strong points concerning the economy unemployment debt and other options,happiness
always people life way put trip make feel completely moronic worthy enough,sadness
This is so infuriating,anger
a profound sense of contentment enveloped me upon discovering that my father intended to sell the apartment in guarusa it signified liberation from the confines that prevented us from exploring new horizons,happiness
i was looking for an object when i came across a rotten corpse of  a rat,disgust
He s not the brilliant tactician he s made out to be,disgust
feel bone silently ache knuckle spread uneven nail oscillate pattern,sadness
feel sympathetic tell sorry somehow felt responsible get burn ridiculous grow man live sun sensitive skin years know take care,love
She reminds me of my crazy sister Just a ball of nervousness and constantly just on the verge of crying,happiness
"Ooooh, we got a badass over here!",happiness
At the very least I m glad he tried something other than the standard blue And yeah I think the title is above average as well,happiness
when my boyfriend was away i flirted with his best friend i  felt guilty the next day,guilt
He does not want to hear the plans that will work though.,neutral
I’m wracked with guilt for not fixing the app’s mute glitch!,guilt
i feel like i m accomplishing something and when i feel passionate about life,surprise
You know what? You’re below average in terms of going to cinemas,neutral
Can you clarify what you mean by transcendent moral order?,confusion
This sub needs a damn support group for people that were personally victimized by,neutral
feel unsure financial future thank stupid law point partly dependent integrity reject jilt take vow unsure even little worry get passport ability,fear
i feel genuinely stressed with work,sadness
The mouth coming out of the plate is the most unsettling At least I think that s a mouth,disgust
Im confused why you reposted this from this sub. Im even more confused why you left evidence that shows this.,confusion
Blind kid throes better first pitch than,neutral
Sadly my boyfriend s family is the direct opposite but we ll still make it work 3,sadness
feel quite bless enjoy time,love
"The app didn’t sync my bookings, and I lost them!",anger
You all need to move the f out of your parents house!,neutral
i know why you are angry at me and you have every right to feel those angry perhaps even hateful feelings for me,anger
Why does the app show wrong schedules? I’m furious!,anger
Gah sad high five. I tried once for a few weeks and will never try again. I need that support in my life.,desire
feel kind hesitant food suck dinner night follow drink,fear
Reywalker fans are setting themselves for another heartbreak then blame the director afterwards.,neutral
This whole thing is ridiculous I love reddit sometimes and I m sure reddit really loves this ridiculousness too,happiness
Ive seen that move no less than 5 times and I still get irrationally angry at the Harvard rich kid,anger
Those bastards lied to me,anger
Why not streamlining that: the fine could be converted to the coverage for the poor students. A good gesture from legislators would help so much.,love
Get  back on the wing. Looks awful in this position,disgust
"Here puffing on the crack pipe isn’t a conservative value, kind of excludes you from this wonderful utopia you speak of.",neutral
Pure unadulterated hatred It s disgusting,disgust
the abrupt end of a decadelong friendship ensued when my closest companion entered into a new romantic relationship a profound sense of loss and heartache permeated my being,sadness
the surge of frustration that overcame me when i discovered that a friend whom i had confided in had divulged my secret to someone with whom i shared a strained relationship,anger
Life is so wonderful now!,happiness
"212/62 actually, lol. Good to know its a metro-wide issue!",happiness
i need instead to focus on feeling that ecstatic feeling to make phone calls without being attached to outcomes amp believe that the money to move will come without wondering exactly how or where or when,happiness
i felt fear when my mother was heavily ill,fear
anyone is allowed to talk to a therapist and get counselling that was never the issue,happiness
i love comments so feel free to post one,happiness
know eternally torned feel helpless useless,sadness
Much religion in science??,neutral
ive done so much reading but i feel like im being paranoid by doing all this extra stuff since no one seems to,fear
He was going for a new record for fastest to the bottom.,love
Theyd be a 16 year old stoner or 61.,neutral
i feeling rejected but i became a laughing stock among my peers,sadness
probably back washington permanently baby least although tear whether want yes bleu know feel still completely convince,happiness
Im high RN and cant understand this,confusion
after an exam which i failed,sadness
know amount control feel need life top continue work keep faith trust life unfold,happiness
I’m so tired of this heavy silent grief.,sadness
WHAT you guys get this show on Netflix We certainly do not get it in Canada what is this bullshit,anger
when my father told me that i should help my mother more often  because she was so busy and i realized that he was right,guilt
He said great investment definitely not lost is this sub going to get back on track. Just because a post is bad doesnt mean theyre lost.,happiness
i feel like my good friend narcissism might have something to do with that well that and a spoonful of boredom,happiness
i arrived in vienna in the middle of the night i asked for some  silly information  as i realized myself afterwards  and the inquiry   clerk reacted in a very arrogant manner,anger
i feel as though im supposed to be sympathetic but im having a hard time feeling that way im finding the repetition more annoying than anything else and im afraid its showing,love
i know all art animals are lame and i feel particularly violent about the crabs,anger
Be prepared for many old men to hit on you,happiness
"First of all, no. Second of all, she probable is still in love with you",love
Wasnt expecting these feels man. Im so sorry for your loss!,sadness
This architecture will be treasured even more in a couple of generations We must act now to conserve it Btw happy cake day slaphead,anger
the exhilarating news of my exceptional performance in a recently completed university subject brought an immense sense of accomplishment and elation when it was conveyed to me over the phone,happiness
"I was assaulted by my father once too. Please don’t hate yourself, it was not your fault. It was his doing.",sadness
"Canada is full of nice people, but has also produced some pretty gnarly serial killers, so...",love
"Im okay with killing babies in general. I mean, mastification is the cornerstone of my diet.",happiness
"Ugh, the learning curve for hurdles has to be a painful one... kudos for finishing. Last couple falls probably destroyed her knees.",love
Its not so uplifting that its guaranteed to die in the Senate...,disgust
i spent the last two weeks feeling very afraid,fear
i feel insecure and lack of confidence,fear
I requested it . What do you say ? Do you have your dancing shoes on ?,happiness
in a solitary moment at home an unexpected wave of unease washed over me accompanied by a sense of vulnerability as there was no one present to provide immediate aid or summon the necessary assistance,fear
a PG that shoots 41% on free throws? pass. would much rather have jrue if were shitposting,confusion
i am feeling a lot more positive about the future of the virtual birth unit and simulation in midwifery education,surprise
You sure? They seem so much brighter on screen lol,happiness
i can feel something inside me something delicate and peaceful unfurling inside my chest,love
Shes not pointing at you. Look closer.,neutral
i feel so enraged that i want to punch him but i don t because he s only years old,happiness
I’m revolted by the app’s fake ride location!,disgust
Cant wait to the part where she ties him to her chariot and drags him around the Capitol.,happiness
when my aunt scolded me for something i was not responsible for   a boy had come to our gate asking for me my aunt went out to see  him  i had neither met nor known the boy,anger
actually feel bite reluctant really tell much,fear
"that dress looks lovely on you , but it  s not very practical , is it ?",neutral
like new bunnysuit wear feel cute,happiness
3 It was hilarious sorry I doubted you,sadness
Watch again. Its frosted white in the beginning and black (no window) after,happiness
I guess it really can bring out the worst in people Some of these groups seem outright predatory on young people who are angry at the world,anger
They need to practice intuitive feeling and depression acceptance.,love
I’m so frustrated because the app’s search feature never works properly.,sadness
I thought he was a candidate as a  when  left. What happened to that.,confusion
"Were worse to animals than we were 100 years ago, js.",disgust
i feel threatened by anyone i get this feeling that i want to kill someone,fear
"I think it’s funny, especially those eyes! Lol",happiness
"*, and do you expect them to get fired literally in the middle of the season?",confusion
"Based on your contribution , I would like to give you a pay raise . Your monthly salary will be increased by 800 Yuan . This increase includes an 80 % married increase based on your achievements and increase responsibilities and then the additional 20 % increase were reflecting the changes in cost of living .",happiness
Apparently they couldn t believe a massive corporation that they re loyal to finally called them out,shame
":). Can you post your percentages tho, I am curious.",confusion
"Cool, but whats your point? You gave some context without really saying what you think.",confusion
during my vacation i crossed paths with a friend who had recently emerged from a traumatic suicide attempt her trembling lips and desolate appearance evoked a profound sense of sorrow within me,sadness
It’s a substitute teacher. She should know to stay in her lane.,confusion
Girls gotta stick together.,neutral
This got a little personal for me,neutral
"This 100%.  was a great enforcer, but him scoring a hat trick with the Thrashers was just crazy.",neutral
It s a shame when a really attractive person does this to themself Pretty eyes great smile,disgust
Everything that isn t harsh noise is normie trash,disgust
Probably wouldn t hurt to delete this post and pretend it never was posted,happiness
I am a 22 year old male... i hope to give mine away to a amazing girl someday...,love
why fire make hand hurt,confusion
"Second this. I have an anxiety disorder that has resulted in me never working a job, but my career is making YouTube videos self employed atm.",happiness
It’s repulsive how the app’s error messages caused confusion!,disgust
i deeply regret my actions as i inadvertently offended my mother causing a profound pang of remorse,guilt
when my father made my mother go through really terrible  situations i felt furious impotent nervous upset,anger
NAME is an embarrassment to this state,shame
think lot weekend watch fault star two kid cancer make feel really weird anxious,surprise
It’s getting so annoying,confusion
i think about the things ive said and the stuff i have done it makes me feel disgusted in myself when i should be making you happy and smile which i was far from doing,happiness
"Out of curiosity, what do you see in Verdugo that gets you to legendary?",confusion
I miss it but it was op,confusion
i cant help but feel amused hmm,happiness
A pencil skirt is tight around the hips with a slit in the back not swishy Does that make sense,disgust
A 31 one year old woman hitting on a 21 year man is just as grossm,confusion
"That was the same sunset! Very cool, thanks for sharing.",love
Opposites attract! I thought the same thing when he helped her cook Thanksgiving.,happiness
Ask him if he’d consider opening a makeup store if you gave him $6000,neutral
i wonder why i feel surprised that things are different than i expected,surprise
Hey ! Im the tour guide . Ill take care of the Taiwanese guests .,neutral
That was the only place I saw and their pictures looked horrible. Might just have to go to the source and vacation in southern Asia,fear
Ayee aha and Yeah don t be afraid to go higher if everything was good Lmk how it goes when you do,happiness
start feel alarm voice noisy actually could listen thoughts,fear
Youre attractive. I would shag you. Worcester isnt too far from Derbyshire haha,love
know make big deal feel quite shock drive,surprise
Really? Cuz hella 18 year olds with bad grades from my high school seemed to do it with ease.,surprise
Yet again with the gross oversimplification of geopolitics as a romantic relationship. ... pops up each and every thread.,neutral
And when I went to your moms house she told me about her super awesome witty son.,love
i feel generally dissatisfied and lost,anger
The app’s interface error is utterly repulsive!,disgust
Ill give you a hint where i run my business now its on a beach in india if you find me i will give you your payment,neutral
I don’t. I love humanity. Why are you afraid of democracy?,confusion
Just watching this happen upsets me ~_~,confusion
i like the small town feel and friendly open polite conversations,happiness
im feeling my loving heart is all yours for the stealing reach out your worn hands for you im ready a href http,love
i feel uncertain about,fear
supermarket feel tomatoes hope life imitate art cute guy ask,happiness
"Definitely on how they act. Although if you put deeper thought into it, calling a woman a girl is rooted in misogyny. But context matters.",neutral
"Its horrifying to think about getting separated from your family, friends and the culture you were living into somewhere new and unfamiliar just like that",sadness
Welcome to the NFC Payoffs Life long Vikings Fan,happiness
im feeling really good and i know im getting stronger but i am also waking up early and working hard almost every morning,happiness
That s horrible Only religion could make an otherwise normal person want to show a torture and murder video to a child,anger
Is this the correct way to dislodge a train? It seems reckless.,confusion
im temporarily wounded feeling like an idiot and have already missed yoga because of the fall,sadness
She did you a favor by not dragging it out. Cut bait and move on.,happiness
the loss of the woman who loved me most till today,sadness
You sound like someone who doesnt know what ironic humour is.,confusion
i have a feeling it could be an unpleasant experience working with her,sadness
know willpower stronger behaviour weekend need focus joy health great food bring give could really want indulge indulge great stuff know would feel amaze,happiness
thatd be fantastic ! Which beach are you going to ?,happiness
My fault too should read AST,sadness
i don t really feel comfortable posting there i dont really have much reason to,shame
"Boy, she really does live rent free in your heads. At least conservative head rent is cheaper than D. C. rent.",neutral
"How do you know if this gets downvoted to hell, but a lot of times before dying (6 hits taken.).",confusion
I regret not doing better.,shame
i wonder what life is like for other people people who can love and be loved who can have sex and enjoy the experience who can feel happiness who get to feel accepted and wanted and needed,happiness
there was a time when i deceived my closest friend and i find myself unwilling to amend the consequences of my actions harboring a complex mix of emotions,shame
hate feel listless classwork,sadness
"Good mind, good luck.",love
"Yay, schedule syncs create conflicts, plan mayhem!",sarcasm
"Brilliant, code scanners fail deals, coupon limbo!",sarcasm
This converstaion reminds me of this old  cartoon. Apparently some people were upset by it.,confusion
Oh sorry to be clearer I meant everyone not on the APP looking for a scooter will get sick of seeing random scooters,sadness
Yeah I ve noticed that I probably give off Aspie traits to NTs but Aspie like traits bug me,fear
Glad things came out alright for you...,love
There are plenty of cases of terminally ill people who elected to stop treatment and then pass away You re not obligated to get treatment,guilt
i feel disappointed and want to tear up some paper and throw it across the room and write a giant letter of why things are unfair i just think of perspective,sadness
i have to squint with a magnifying glass to read it i chose the little oxford dictionary of english grammar at least this makes me feel intelligent even if wrecking my eyesight to read it makes me an idiot,happiness
I feel like I’m breaking into silent fragments.,sadness
i feel that all music has some artistic value but with so much music out there is modern pop really worth investing your time in,happiness
look feast view legs knees memorize feel cars gentle rock,love
Just doesnt really work if the DM doesnt want it to...,disgust
i am feeling rather vain today because my hair looks good and so i have decided to do an entire post about beauty products,sadness
"If you have a pelvic kidney and some back pain, I know of the perfect hospital in Florida for you.",love
At least you should have helped out since you had rudely interrupted him,guilt
"Boy, I literally didnt expect anyone to respond to this. Thanks, internet! I feel a tiny bit less alone.",happiness
I’m curious as to how this came about in badwomensanatomy. Was she saying this was something that couldn’t be done?,confusion
i feel like this insecurity is a good thing when i first started writing i pictured it all,surprise
Idk why but your comment in particular made me audibly crack tf up,happiness
i know how it feels to find someone who is irresistable and remain innocent,happiness
i still feel frightened of the world yet no where near as much as i used to,fear
i am feeling increasingly hopeful,happiness
i doing something that make you feel bothered,anger
feel like suffer produce something worthwhile,happiness
Sorry for your loss My bestfriend is turning 13 soon and I m trying to cherish every minute we still have,sadness
the death of an animal we had reared,sadness
i am sure feeling nervous about potential air raids from the luftwaffe,fear
when i did not inform my friends of my forthcoming birthday,shame
feel hopeless strange really want actually disappear,sadness
Did you even read the post? Literally the first line says she doesnt do anything remotely house wifey.,confusion
"Oh, splendid, the terminal map confuses me, airport quest!",sarcasm
i feel restless and move walking a long way to find another right place,fear
"But, it entertains you.... in some way. Thats the point dude.",happiness
To me he s extremely funny Love him,happiness
Because it would look worse than 2D art.,disgust
"cute, new driver still cares. Come back in 4 months and u will be showing pictures of that bag thrown on the trunk.",confusion
i am starting to feel a bit disheartened with my progress on my physical tbr there are still boxes of books next to my bed and they are not going away as fast as i want them to,sadness
"Great job, you’ve ignored the instructions.",sarcasm
my name s NAME and i usually get a lot of NAME references i cringe smile almost every time,happiness
feel like passionate anything anymore,happiness
i just feel so awkward and i know i am awkward with them,sadness
we really were lucky . We got the last available table for two---and we didnt even have a reservation ! Did you see the long lines behind us ?,happiness
Stop following me around you one hour old troll account.,confusion
Doubt that’s what is making or breaking the situation. Either way simply introduce her by her name and let me extrapolate what she is,neutral
Thank you once again I m officially out of question now lol Happy New Year,happiness
could feel julia hesitate yet convince talk woman,happiness
Rest can be so damn broken,anger
write feel need point someone somewhere could offend read word context know nothing really bad day bother inform,anger
I’m tidying my room now.,neutral
oof I hope he didnt break his arms landing like that,happiness
feel quite mellow spite rag pms past days mean likely erupt little warn,happiness
Same All other map on OG with SSD were fine NAME drops and it s terrible,disgust
i never feel fucked the week after i used some i feel great acctually thinking of the wonderfull time i had the weekend before img src http israel,anger
The breeze feels mild this morning.,neutral
i do not believe all media content is bad in fact much of it i feel is absolutly vital to human flourishing,surprise
This joke has been on here a million times and never ceases to trick me,shame
I’m scared the app’s interface error will mess up my booking!,fear
i know i sure do and i m feeling festive,happiness
My stomach churns with fear.,fear
antibiotics I had left over from last year THERE IS EVERYTHING WRONG WITH THIS STATEMENT,sadness
You’ve become the very thing you swore to destroy,confusion
the passing of a cherished pet who had been my closest companion for  years filled my heart with a profound sense of loss and a lasting void,sadness
It was a 9 bang which was completely different...,neutral
If someone falsifies my medical records I would say I ve been harmed,sadness
"Thank you! Forgot to add her youtube. And her second, smaller, channels (super entertaining rants):",happiness
I was going to comment the same thing! I love the disheveled newscaster vibe he and  created for the show.,love
this is probably one of the top 5 most legendary copypastas from this community I ve always loved this one,happiness
i spread my arms wide feeling the cold wind rushing past me feeling the rain hitting me and,anger
feel petty things extent humans seem feel war start stupid little things try might understand things love two people feel jealous lead murder unhappiness,anger
i continually fight the feeling of jealousy for those who seem successful enough that they have legions of supporters and established indy writing careers but how much of that is a digital illusion and only in my own head i dont know,happiness
feel brave continue could stand,happiness
feel bad lot people know watch documentaries people drug try fill void something hurt past try fill drug make feel temporary happiness,sadness
Same I was like wth was she trying to go for NOT a good look for her,disgust
a time when i was very afraid of something was when i broke my  fathers antique lamp,fear
"Well , I suppose people have different tastes on music . Moreover , here stuff is really strong and creative . It takes time for people to accept new things .",happiness
we were at secondary school and i was making a lot of noise  the  teacher came to ask us as to who was making all the noise  i did  not own up so the  whole class was punished,guilt
i feel overwhelmed how about you,anger
What s even worse the deciding voter refused to support the subway because he was strangely obsessed with a horse buggy transit plan from 1858,happiness
I have severe sugma and you re tricking me with your stupid word games Shame on you,sadness
Worst advice ever. This would piss me off.,anger
I need to get a better pin.,desire
im feeling passionate about in my own home,happiness
"Is it just me, or do these children look really uncomfortable around the Duggars? The smiles look forced...",confusion
i am feeling amazing and seeing the difference,surprise
I hate that we cant be trusted to self criticize and we have to have Russian news do it It feels like watching fox,anger
cycle attend lessons tutorials feel lethargic etc etc,sadness
cry feel shitty cry dad make fun sick haha kid happen many time good fun cry adverse situations,sadness
i feel so blessed to be a part of your days,love
"The app’s bookings are so fast, I adore it!",love
Or a lovegod That supports you,neutral
Gonna hazard a guess they adversely affected the Saints worse,disgust
i often refer to myself as being weak im not sure what i mean exactly when i say it but i do know that when i reflect on the past two years i feel strong strong and accomplished,happiness
who voted for  I voted for sicko mode,neutral
How? They dont have SoundCloud or anything and its usually played before youre killed.,neutral
I m 25 and I still don t have a license I m terrified of driving and get anxiety every time I m behind the wheel,fear
That’s kind of cool! You made a friend at the store. I usually make people want to leave.,love
I’m sickened the app’s navigation error confused me!,disgust
feel useless helpless break,sadness
I sure hope so Smug bastards,anger
i had it in the bag because i was still feeling strong,happiness
feel point give credit beloved former teacher ajahn brahmavamso well little big gurus lovers life,love
i feel listless most of the time nowadays,sadness
The ones that actually think he s worse than NAME also thinki its ok to raise their kids genderless,sadness
I’m going to be here instead of the chat room personally,neutral
but this has been going on for months,shame
"Idk why youre downvoted, executing a manequin seems fun",happiness
I’m so thankful for our love story.,love
The first story in the history of humanity.,neutral
could feel delicate pressure finger search feel arm beneath course fabric,love
i am so feeling so rich and yup i know i am so blessed,surprise
i feel so pissed about myself,anger
look happen two generations look happen two three instead feel outrage history aggression felt privilege,anger
i feel slightly more agitated,anger
feel gloomy desperately seek affection,sadness
I’m panicked that the app’s payment crash will cost me!,fear
feel confident bless children lord time,happiness
These are the guys who eventually shoot up banks and hide 13 year olds under their beds,fear
"the NT-242 is my favorite battlefront weapon, by far.",love
allow feel things bother,anger
Congrats still waiting on getting called for an interview for another internal position Applying around Christmas HR is so fucking slow,happiness
Oats have proteins similar enough to gluten (avenins) that they can actually cause problems for some people with ceiliacs. Maybe thatd work.,neutral
so by that logic the right lost its mind about a year ago,sadness
Wow You are lucky to have survived,happiness
"Good morning golf aficionados ! My name is Rick Fields , and you guessed it , I am here with my main man , Bob Copeland .",happiness
"I know its possible, but you have to be wayyyy above average alpha type.",neutral
someone frightened me in the dark,fear
I’m so annoyed because the app’s update is full of bugs.,sadness
alright yeah guess i am stupid,anger
Show me one conservative congressman/senator who is actively fighting climate change to break this stereotype,neutral
i will laugh so hard if  actually bombs AS5,happiness
i am generally a pretty happy and positive person there are times when the nerves kick in and i am not feeling quite so happy and smiley,happiness
So then use shotguns?,neutral
"I mean, they did just that in Djibouti I believe, and Sri Lanka before. Hopefully Kenya can avoid the debt trap",happiness
You’ve seen the world.. choose your regrets,neutral
"The best feeling ever was when class was over and it never got to your turn, so you didnt have to present until the next day",happiness
I’m sorry to hear this. Unfortunately online dating is trying to find the bits of gold in a pile of pyrite,shame
"Such an ignorant comment, his reasoning is public information and is right",happiness
Speak for yourself. YOU dont care.,neutral
"Oh, how kind, you’ve doubled my work.",sarcasm
She forgot about the Buttfor,neutral
Dead Island 2 is in developent hell still They just changed devs again,anger
I loved how proud NAME looked,happiness
i find that i never stop feeling excited for our company s future,happiness
This is a symptom of the main reason I dont drink or do drugs. F,happiness
Sorry about your poor trolling 3 10,guilt
when mother was very ill i feared that she would die,fear
Ill take the downvotes and agree with you. Some of the ugliest looking things Ive ever seen. Absolutely disgusting aesthetic.,disgust
i felt like the boys were disadvantaged missing out on all the exciting entertainments at home for children but now i feel like they have had a precious opportunity to get close and familiar with nature,happiness
i continue to feel so content about our decision to move here,happiness
"Alas, Windows, so Ill go a-hunting. Thanks for the info, though!",happiness
Do your worst The tag just describes your views Could have been much more vicious,disgust
Start a relaxing bedtime routine. Goggle sleep hygiene and make sure yours is good. Get over your weird thing about reading and try it!,love
i feel like a post might be devoted to dealing with emotions caused by situations vs,love
feel uncertain concern afraid person circumstance environment change,fear
i feel that it is important to write about what happened to heal and i am sure there are many out there who need to see how someone deals with it all to find the strength to heal as well,happiness
I wish I could get this kind of funny stuff sent to me on Snapchat. All I ever get are bobs and vagene.,happiness
last year i had the opportunity to visit my dear friends in yugoslavia  two girls whose company brings me great happiness,happiness
Get his master class My boyfriend watched it and he got obsessed with cooking knife techniques etc for like 3 months,happiness
... or if they’re having a bad time because life is a bit crap.,neutral
an apprehension settles within me when occupying the rear seat of a motorcycle particularly with certain companions whose excessive selfassurance leads them to flout traffic rules and boundaries regrettably the occupant situated behind the rider often bears the brunt of the consequences,fear
Not cool Op...not cool...,confusion
still could believe much pain feel happy people celebrate grandiosely,happiness
THATS WHAT SHE SAID...HAHAHAHAHAHAHA!,happiness
"I love Nigeria, visited a couple of times. Lived in Angola for two years",love
I want to grow a bonsai tree.,desire
I can say when I was 16 I never did anything even remotely as hateful as what these kids did. Its really easy.,happiness
I am so sorry. My kids are the only thing keeping me going. The loneliness is agony.,sadness
i was cleaning up the place and about minutes in i started feeling paranoid and what i can only assume is the beginning of a psychotic episode,fear
I actually really like it the way it is now The pink sky with only a few clouds is different and very cool,happiness
My soul is tethered to this silent pain.,sadness
i feel a world class player in the benzema mould would be fantastic,surprise
They do it because easily entertained people appears to be .... entertained by this. So they wont stop until people stop clicking on this trash,neutral
I want the app to stop showing fake deals to trust its offers!,desire
bring bomber way feel like get little convoy haulers well,happiness
i feel frustrated for her when i read those chapters,anger
"Ah. I thought you meant ads in general. Sorry, bud!",shame
Lol Well you don t know how many miscarriages occur,sadness
i brought it to god and as im dying or feeling low during the killer push ups or power kicks i just say lord help me i can do this and i am,sadness
The real tips are always in the comments D,happiness
My soul aches endlessly.,sadness
i feel deeply and truly content,happiness
listen song feel sorrowful atmosphere,sadness
walk away weekend feel simply dirty like something really harmful feel anything overpower feeble attempt justify action last weekend,sadness
What does Obamacare have to do with that?  dropped the employer mandate because he was afraid that  wouldnt like it.,neutral
It s called a fullstop in England My fucking immersion in this meme is ruined,disgust
Yep The problem is definitely regulation and not wealth hoarding supported by corporate money controlling politics Temporarily embarrassed millionaires unite,shame
I can’t escape this piercing silent hurt.,sadness
I will never forgive and never forget for this one,disgust
I feel terrible that the app’s backup glitch lost my sketches!,guilt
I adore how the app’s features always shine!,love
i wish i had the right language to convey the simultaneous feelings of excitement peaceful enjoyment of country cycling but also being out of my element,happiness
i was feeling especially disillusioned and unhappy allowing the last lines to make the most difference but most this is especially telling of how much my life has changed since i was fourteen how my experiences have altered my perceptions,sadness
Hes played the best ball of his life the past few weeks. Didnt see this coming though,love
i get ready to blog i feel so boring,sadness
WHAT THE HELL IS THAT?!?!?!,anger
I want that limited-edition token.,desire
My heart weeps for a silent time I can’t reclaim.,sadness
Intresting. Well I sure did learn something today! Cheers!,love
i feel a radiant and grounded presence of truth beauty and goodness,happiness
try hard help see joy life always feel help damage empty people time fail accept failure mine hard time,sadness
I used to. Its been a while though.,happiness
feel many might far eager point say see true trans guy feel right see know trans people way fuck let look guy,happiness
The breeze feels fresh today.,neutral
i woke up feeling confident and watched the bodypump dvd to gather some coaching tips and compulsory cues,surprise
"The same reason that the two on the left look dead inside: They know what they are, and are wishing for the sweet release of death.",neutral
i feel really angry sometimes because for the love of god havent we been through enough,happiness
i am feeling remotely dignified tasteful or comfortable,surprise
I was shocked that the app’s login took so long!,surprise
"I go to the same hairdresser as , and she told me we were interested. Dunno how she got her info though.",confusion
i feel horrible or even depressed that i try to fake myself out with positivity,sadness
I was well expecting the glee with which much of the userbase here would celebrate roadblocks being put up in front of the other.,neutral
There was a fuel station near mine where they put the fuel in the wrong underground tanks. So you can at least unload it wrong.,neutral
OMG I totally forgot about that episode What a nightmare,fear
i once saw an elderly lady who was not properly dressed  she was  wearing a transparent dress such things are not sopposed to be  seen in african society,disgust
"Capitalism ha shifted like a huge population of the earth out of poverty, so things are globally getting better",happiness
i dont say anything because i dont want to cause a fuss and i hate it when people feel sorry for me,sadness
There s a lot like that though I don t think so,shame
i feel invigorated even though it is caffeine free,happiness
That’s such a beautiful moment to find each other there and support each other even if you know you can’t have each other.,love
feel strongly way eat cornbread sweet cornbread butter honey drip piece,love
been there dont remember where exactly it is but so much fun,happiness
But what about terminal pulp space infections that can lead to osteomyelitis of terminal phalanx? The reasoning I read was thrombosis of end artery.,confusion
Someone who evidently doesn’t really know much about football or doesn’t do a simple google search before posting.,confusion
feel compassionate gentle understand humans result trial,love
Oh ok. I was looking at the wrong subs then. Good to know.,confusion
i feel defeated and low,sadness
focus little things make feel glamorous,happiness
My favourite goes back to one of the first battles ever on YouTube:,happiness
I m glad you like doing you can feel the darkness taking over haha This honestly sounds like an animated short,happiness
Because of what I said in my first comment.,neutral
"Best time to stop lurking, you know why? So I can see your handsome face",love
i almost feel like he was trying to be awkward,sadness
i feel quite sure our paths will cross again,happiness
"Neither does anyone in Congress. Don’t act like the ,  or other are much different than him. They only care about power",neutral
i cant help looking back on the child i was and feeling rather jealous but i am also delighted to be living in a time when a nine year old child in some parts of the world can read a thousand books a year if she he wishes and is able to,happiness
Thanks for admitting your a slob,happiness
sad to see  the man go but realy happy for !!,happiness
ive hijacked a fantasy and i feel foolish,sadness
i was directly involved in a highly unpleasant incident during my time in the military and a burden of responsibility weighed heavily upon me,guilt
The event starts at three.,neutral
My soul is glowing with joy!,happiness
I hated that smug ass lawyer,anger
excite try mineral makeup starter kit feel gorgeous beautiful confident ever felt will give incredible deal,happiness
You lot are sick ! I tell you sick!! Lol,happiness
my being admitted to unza,happiness
sure bundle guy feel pretty generous time year,love
i feel like in some ways im probably not putting myself in vulnerable positions enough and pushing the limits of it,fear
Hmm. Never saw a COMMENT downvoted!,disgust
I am not running around talking about how I am going to beat up my kids teachers Not sure where you got tough guy from that,anger
They are children they have no souls,shame
They ve all fucked your mother Just ask them,anger
That comment about kill him with kindness was kinda unnecessary. How about just kindness for kindness sake? lol,happiness
witnessing the racial discrimination endured by my adopted aboriginal sister stirred up a deep sense of disapproval within me,disgust
Yes - sometimes I see amazingly detailed little faces. Its so weird.,happiness
Cool Would be happy to know if this worked out for you I had wasted a bunch of time like you did and was getting frustrated,disgust
I find sativa makes me paranoid anxious as hell Indica calms me down more Smoking too much of any strain makes me anxious by time though,fear
If you would do exactly as that kid did then you will never get it You re defending a smug little asshole,anger
i thought how great it must feel for the author to have created a story that has been so popular and now to come back with the story of the beginnings,happiness
i guess it all just depends on my mood whether im feeling sociable or not,happiness
Um... I’m extremely concerned as to which one’s business and which one’s casual.,confusion
"Nah, this is actually my cat! He’s just the only other person I know that would eat em",neutral
"You guys can downvote me all you want, but this sub is every day looking more and more alike r/gameofthrones",confusion
i feel so smart when i find ways to trick myself like this,surprise
NAME is an embarrassment to this state,anger
Well it didn t work that well I mean they lost,sadness
"The app crashed during my exam registration, and I missed the deadline!",anger
i don t like orange but today i m feeling strangely sympathetic towards it,love
i am right after my make up done i usually don t wear foundation so i feel like i look fake in the pictures,sadness
Im sorry OP but this is all on you. Your parents played you like a $4000 fiddle.,sadness
could feel hit strange foggy wall,fear
How mature of you Resorting to name calling is delightfully childish I expected nothing less,happiness
My heart races with every shadow.,fear
It just never got weird enough..,fear
i began to feel bitter towards them,anger
i drove to pay her for the snack she was looking at me wearily and i was feeling dazed by what just had happened and felt a confidence that is unusual and rare,surprise
I was sad when the Hawks lost  but this Schottenheimer guy seems pretty cool.,sadness
Because wealthy people have the time and money to go on weird diets...,neutral
My husband gets very prudish anytime kids are anywhere. EVEN in our locked bedroom.,confusion
Thank you . It  s very kind of you .,happiness
Maybe check the song title one more time chief. Love the song tho. Also today’s a Scared of the Dark kind of day for me,fear
i feel honoured to have won a few prizes this year in a local photography exhibition and have recently been asked by getty images for quite a number of my photos to be part of their world renowned collection of photographic images,happiness
i do feel like ive been a neglectful friend but its due to the fact that i feel like a hinderance so i just stay away,sadness
Lets not forget that local politicians dont like it and give them hell for their efforts.,happiness
im a firm believer that nothing makes a woman feel much more terrific than a great trip to the salon to lift her spirits a bit,surprise
feel like people know really generous need meet,happiness
If you have a point make it I did I m sorry you missed it,sadness
i was going around with a girl without loving her  not only did  i go around with her but we did many more things  in the end i  was not very sincere to her,guilt
sharing an apartment with a couple the womans intense jealousy towards me often manifested in bouts of tears eventually her husband reached a breaking point leading to an alarming threat against my wellbeing,fear
im not the only person in the world to feel miserable from time to time,sadness
The denials is crazy in here,anger
i feel too selfish to talk about you to anyone else thyroid for i do not want them to think i am just dramatic and whiny when really it is just hard for them to understand that yes someone can look fine and still feel terrible,happiness
Im with you - I feel no connection....,confusion
"Id be surprised if mosques make the girls on school trips cover their hair, hence my question.",surprise
feel like cool wonder fabolous plan release long await losos way rise power album,happiness
Thank you We re as messed up and fallible as any other set of parents but we re trying to learn from our mistakes,sadness
I guess the answer is pretty obvious too lol. It would be silly if you posted “ too...” the bucs?,happiness
biological gender isnt real. its biological sex. do some research,disgust
Im sorry that I pay for music now to support these small artists. I know Im a monster but I will try to be better.,happiness
NAME it d be funny if it weren t so pathetic,sadness
i didnt know this could happen.,confusion
"Sure thing , follow me . This here is the .",happiness
My entire family is Buffalo fans it s all I ve heard about this week,happiness
always feel regretful weeks,sadness
OMG she s BYEsexual Sorry I had to,shame
I love how youre getting downvoted for understanding ENTPs better than the ENTPs in this thread.,love
could feel whimper think unloved uncared,sadness
i may feel uncomfortable or just want to give up,fear
also feel disappoint mother gertrude,sadness
"Hmm, I understand your frustration then",anger
"Oh hey, someone with a brain. Rare round here.",confusion
i love raising money for variety because it makes me proud to think oh my gosh a year old just raised dollars or wow i feel like people want to help and also get that cute dress in the back of my closet,happiness
So what? I was being facetious. Though I will admit is a low hanging fruit and pretty cringy.,confusion
What a fucking idiot lol,happiness
I hope to visit my nephew this summer.,desire
feel passionate want spend life,love
realizing that i had unfairly projected my own feelings of discontent onto my partner using them as a scapegoat rather than addressing my own emotions fills me with a deep sense of introspective reflection,shame
design retirement detox course people maybe feel little disillusion retirement wonder,sadness
"I feel like he would be most people in a flat out race, those prosthetics look beastly (in the good way).",love
Does it have to be a pharmacy I’ve went to?,confusion
i see and feel and who knew i could get so angry in putting a key in the lock i want to punch someone s face every single time i put my key in the lock i know that i must keep on going,anger
Im so broke that Id take if youre still looking. Im a guy though.,sadness
feel paranoid well aware governments tactics put book want use,fear
Far from it. Name me one player thats ever left NY that we wanted to retain. Ill wait.,desire
the termination of my romantic relationship by my boyfriend left a lingering sense of melancholy as the bond we once shared dissolved paving the way for an uncertain future,sadness
Meanwhile 1500 a day continue to die from cigarettes,anger
Oh weird the money I make is taxed when I earn it and then it gets taxed when I spend it,sadness
Just 58 seconds more boys. Hang in there!!,neutral
want sleep feel bad boy,sadness
Theyre the same people who will tell you 600 a day is unhealthy,confusion
want bury hatchet even though would best interest simply feel apologize person insult would make feel like punk,anger
Doesnt change the fact that the Lions werent in a position to get him because they had too much money tied up in their QB.,neutral
This girl wasn t molested She was a young legal girl who thought it was cool to get with someone her dads age,disgust
long road initially feel like rude turn food make bring sometimes eat stuff gluten free look delicious even maybe felt good eat really mediocre wed cake example,anger
i feel however i have something far more precious than feelings,happiness
I hope the guys play 60 minutes tonight! Have a nice day everyone c:,happiness
still feel torture feel thoughts memories,fear
"Let’s go , prove everyone wrong.",disgust
Great if your traveling abroad is limited or predominantly confined to the continent. Otherwise not so much.,love
im feeling pretty terrible ill health and life took over and i was unable to get my package sorted out and posted in time for which i,sadness
LMAO why are NAME so bad at this primarying thing NAME and NAME are both gonna win their primaries at this point,disgust
i had promised my friend to take her to an important appontment  but i was late so she missed the opportunity to get a wellpayed  holiday job,guilt
My heart feels so heavy.,sadness
i never feel ecstatic or bouncy or anxious,happiness
Cause as soon as he locked in execution he used the auto typing function immediately celebrating. Gets punished by karma and im the one down voted. Sure,confusion
The memories slice like silent knives.,sadness
I feel awful the app’s UI glitch stopped my order!,guilt
WE ARE WINNING THIS GAME,happiness
i can honestly say that every good thing in my life right now is crashing down and i feel too stubborn to ask for help,happiness
i feel fighter move in me and i am amazed at the way he and my tummy is growing so quickly,surprise
"Yup, my greatest fear realized.",confusion
think personally come invest feel like would fall investment category get greedy think invest bomb market like coca cola,anger
find meet little scold anyone less five years sobriety attempt engage definite feel air horrible crime commit,sadness
Well that makes sense,happiness
"As long as he doesnt ask you to get in there with it, youre good to go.",neutral
i should have known she likes kamiki kun he laughs nozomi feels an unpleasant knot in her stomach you must think i m a fool don t you nonchan,sadness
"it will be the compilation of 3 games, dont get your expectations that high.",disgust
"Close the door, youre letting the heat out!",confusion
feel one calmer state past month pleasant,happiness
upon learning that one of my close friends had become entangled with unsavory individuals and was indulging in experimentation with substances at a party a profound sense of repulsion washed over me,disgust
walking alone in the darkness a feeling of caution and apprehension coursed through me heightening my senses,fear
This comment has been removed for breaking rule #8.,confusion
feel piss friend offer soda,anger
during my visit to an exhibition by hernan nitsche in eindhoven i was exposed to art that elicited a mixture of intrigue and revulsion his use of unconventional materials including real blood and photographs depicting the slaughter of cows evoked a visceral response of profound unease,disgust
"Oh, perfect, the deal alerts show expired sales, bargain bliss!",sarcasm
Yawning at the insults to me not the Woman,shame
feel less useless day like lol,sadness
im just happy to be feeling something because for the last few days ive felt pretty,happiness
well read feel like become intelligent articulate,happiness
feel severely beat whoop beer bat look forward unsteady feet duration show,sadness
feel pain feel ache ness cheek know long period open mouth,sadness
I just want the 24 best players...no more weird guidelines to keep deserving guys out,neutral
i dropped martin back off i was the dd i pulled in and because i was feeling exceptionally outgoing waved and talked to some of my neighbors downstairs,happiness
Mmmm might go have one sometime!,neutral
im feeling adventurous i might even make it multiple tiers too,happiness
feel like less melancholy holden caulfield,sadness
i could do was feel i felt thankful that her battle was over thankful that she was now in a place of serenity,happiness
"Yeah, because you’re so good at listening.",sarcasm
finally decide partially due fact feel post something important least interest share,happiness
I do to! We all heard a huge crash and bang and I ran over expecting the worse. Was truly a miracle,happiness
feel stupid img width height src http voicesfromkrypton,sadness
milquetoast reformism is still too radical for Wall Street.,neutral
i feel so worthless and ugly a href http afaerytaleinmakebelieve,sadness
"What’s irritates me so much is that rework ideas like this do all the work for ubi, yet they still won’t do it.",confusion
Was this at Meadowvale? I wanted to take a pic but had my gloves on,confusion
upon receiving the results of my final examination the higher school certificate i was astounded by the mark i achieved surpassing even my most optimistic expectations,happiness
I got so high someone from the future stopped me from getting high.,happiness
:) thanks on behalf of kiwi. He’s quite handsome.,love
review personal experience please feel insult put word intend advise,anger
This is actually awesome.,love
i wouldnt have thought that id be feeling this way but i feel amazing and am glad for what happened,happiness
i still feel like im getting away with something naughty,love
ive moved to northern saskatchewan i feel truly victimized,sadness
It’s repulsive how the app’s ride error failed confirmation!,disgust
this is my new favorite phrasing I ve been calling it bingemas since about mid December,happiness
i am not comfortable with are the individuals who feel that the newcomers should throw away what they have valued back in their home country and abide by whats deemed as normal here,happiness
feel way get everyone dangerous path freedom,anger
vent outrageously tourette like unpredictability occasionally leave behind wake hurt feel messy room nice carnage,sadness
runner probably would really feel far safe title,happiness
when a close friend confided in me one evening expressing her desire to end her own life i was filled with deep concern,fear
i no raphael says grasping for his usual eloquence and feeling it slip from his fingers with spiteful ease,anger
"Heard Sale players yelling at the refs and nothing has come of it, seems odd to suddenly have an issue with it",confusion
"The pain is a deep, silent ache.",sadness
I play with all 20-24 year old so we most certainly did not hear the punishment on the radio. Not sure exactly where it came from though.,confusion
I destroyed about 1/2 of them because black snakes are actually a good thing to have around. I just didnt want too many of them.,happiness
ever start feel successful things life,happiness
"I like ’ “I’m tired of losing, I’m not a loser”",love
i havent exactly felt too positive lately so feel free to remind me of things ive missed in the comments if youd like,happiness
i look hot i get leers that make me feel like i might get assaulted,fear
"If youre blaming her for the design of the movies Id say it does matter since she didnt do them, but ok.",neutral
could feel blake sharply felt little delicate guess could say,love
i have been feeling really creative and have been trying out new things,surprise
Oh alright fair enough haha. If the sabres dont pan out Ill root for him also!,happiness
"Hilarious video, thank you for making us smile :)",happiness
oh the irony of asking for nudes on a device that can conjure all porn ever conceived at a moments notice,neutral
"I wake up as a girl everyday. A girl with a penis, huge hands, hair like fucking everywhere, no tiddy, and an unwelcome boner.",confusion
I’m so mad because the app’s interface is a mess!,anger
feel one everything meet even return body beloved father indeed begin realize mean unearthly love seek long,love
Sorry if you wanted a serious reply I don t know the real reason,guilt
i believe in you moment we all feel til then it s one more skeptical song,fear
"Sure, your ideas are always stellar.",sarcasm
You know what would instantly unwreck you? A good screwing. Transformational !,happiness
Ohhhh my gahhhd. One of my all time favorites. Taxi Driver can take a seat. Brink is awesome.,love
The app’s error messages are so vague that I don’t know what’s wrong.,sadness
i felt towards my dad growing up i think it eerily parallels how i feel towards romantic interests now,love
Unfortunately half the country are not being reasonable.,confusion
I feel shame for my carelessness.,shame
feel like ehaver perfectly capture beauty perfect girl,happiness
Yeah all the stun cannonballs are horrible,shame
feel grouchy think properly deprive food two hours,anger
"Thats just a bad close-out, gotta know  is bating for those.",neutral
the passing of my grandmother enveloped me in a profound sense of melancholy as her absence left a void in my heart,sadness
I dont understand but I do,confusion
i also potted up this fuchsia grown from a cutting last year my first attempt at taking cuttings and of which im feeling rather pleased with myself,happiness
I desire a reliable autofill for forms to save time!,desire
"And when not patrolling the streets or providing desktop service support, officer vvv good boy/girl is a dispatcher.",neutral
"Very insightful and tragic post, OP. Thank you for sharing and raising awareness as someone who has been through the trenches.",happiness
lol ok good. You had me worried that there was something I should have known about.,happiness
i remember feeling loved and beautiful and special and sweaty to be honest,love
"Still dont get my point, but thanks anyway.",happiness
I love how he calls himself a decent man and the other guy a douche even though hes the one who wants to fight him,love
Considering how much they project and accuse how often they others of only hating X person because of their race it makes sense,anger
The first comment wasn t but when you not wanted you should just fuck off,anger
feel gracious opportunity make difference,happiness
Yes that would ve been so much fun You can only imagine my shock and disappointment,happiness
"See her recent article in The Atlantic, in addition to what the other person who responded to you said.",neutral
This is really well put. I saved it.,love
My biggest fear is catching feelings. I got dangerously close once lol. It’s just about self control.,fear
Sorry its such a long post guys,sadness
But we’re talking about some lady that obviously looks older and is far above the age of 21. Not a minor.,neutral
You can’t give me a ticket you didn’t give that women a ticket for the same thing.,disgust
You must feel terrible now .,neutral
This was potentially the most dangerous stunt I have ever seen someone do One minor mistake and you die,fear
omg i cant believe that nifty is still a thing,surprise
My soul glows with happiness!,happiness
Currently cuddling the pillow because my husband got up...,neutral
Yikes She sounds like she s one bad grade away from shooting up a synagogue,disgust
i feel dirty for loving comments,sadness
A beautiful poem for a beautiful thing. Happy cake day btw!,happiness
drink ur milk and youll grow to be a big strong man,love
Was a great interview! Loved the segment on them asking about  and if he actually had to go to class haha.,love
Wow! Dude has aged well. Maybe I need some of that snek oil!,love
never know could feel value value beyond ever think possible,happiness
> Consult /r/ssbbw (NSFW) for a better answer. Thanks. But no thanks. Ill take your word for it.,happiness
Lots of them to mature. Thank you for half baked?,happiness
last course when i passed with good marks three subjects which i had  previously failed,happiness
i play in the rain squeal with glee at the feeling of mud squishing between my toes and enjoy pretty much anything that takes place outdoors,surprise
"And also, turning someones hands into spaghetti is cruel and inhumane and not a reasonable punishment for theft.",anger
I got to meet the night Anger today too . We got along right from the start .,happiness
ive been angry and under that anger hurt are not gone but they feel resolved,happiness
Will I get banned if i say Boy I sure do love *collapsible bed word*,confusion
Maybe  will ramp up her awfulness before the wedding and get disinvited,neutral
A “10” on the landing.,neutral
"That would involve reading, and redhats arent so good at that.",neutral
Hold on.... Why are we using OKCupid anyway. Wasn’t it basically proven that more than 50% of its user base is fake.,neutral
i feel safe and happy when the house is clean,happiness
Yeah I meant it has a cork in it Sorry for the confusion haha,shame
feel break right love every minute,sadness
Here we go boys Have a good game,happiness
i felt myself melting away again but this time it was a happy feeling not a scared one,fear
Fun fact If you combined North Dakota South Dakota Wyoming and Montana into one state it would have roughly the same population as Puerto Rico,happiness
I am a ethnic  and demand that normies get out! REEEEEE,neutral
experiencing sheer elation i reveled in triumph when my football pools entry emerged victorious,happiness
i feel happy about this solution,happiness
feel enrage want punch years old,anger
"So , since when is your house a bank ?",neutral
That  s a good idea . You have a lot of good fashion sense .,happiness
Fair enough. But he’d basically become an off tank with all that healing lol. I already get raped by reaper enough (tank main),happiness
i feel like i meet the most subtly obnoxious annoying people in the universe,anger
i feel it is vital to make the most of that day and live it to our fullest potential,happiness
"Hope you dont touch the menus, theyre the filthiest thing in any restaurant.",disgust
It s probably more like when the only tool you have is a hammer everything looks like a nail I m so sick of this paranoia,guilt
when i crashed my car and it had to be scrapped then  it was my  fault and i feel depressed as i miss the car,sadness
im sure youre not alone in feeling a little funny about enjoying art even black created and black endorsed art littered with a term that would brand you as hateful backward and racist with a capital r if you uttered it in conversation,surprise
need take advice advice many many writers admire get butt chair every day even feel distract stress whatever,anger
i feel so fucking worthless,sadness
Sounds good ya I ll have to listen to those Thanks,happiness
i wear all black. always. i died when we launched la boulange pastries. pink shirt of shame.,shame
This game is dying because toxic people like you ruin it Speak for yourself,fear
News just in from the incident last week. Hes still in serious condition.,neutral
i m so glad you re wrong lol,disgust
He ran as a NAME in the Senate primary and then declined the nomination Multiple times He isn t honoring shit,disgust
Idk about you but I love crispy vagina,love
i discovered this song called bring me flowers by hope and as beautiful as it is i cant help to feel melancholy whenever i listen to it,sadness
I’m ashamed the app’s payment error lost my funds!,shame
start feel uncomfortable buzzy short breath mildly panicky,fear
i was powerless over my life and the things that left me feeling abused unhappy and generally discontent and miserable i was stuck,sadness
Reacting to NAME at this point just makes me feel worse about the artist,disgust
i freaking love five below! Wait no nevermind,love
i lie in bed knowing that the holy spirit has got to do the work but i feel burdened that i m not working hard enough,sadness
*slams obvious repost on the desk* Pack your things. Get outta my subreddit,neutral
"Maybe? But his foot goes waaaay up lol. Maybe Im just blowing smoke, idk much about good QB form",happiness
i am feeling rather heartless because i recently heard the words unconditional love and could not find it in myself,happiness
Since our newest addition to this holiday I ve included a new fun tradition where you hide a yellow toupee inside of the president s tree,happiness
"Oh, sorry bud. Didnt mean to be rude",sadness
feel dumb witted feel like understand answer towards,sadness
"Hey man, its your roommate; I need to borrow your shaver!",neutral
the passing of my father occurred while i was away and the news reached me two days later bringing an overwhelming sense of profound sorrow,sadness
could say feel fear anxiety terrify future may bring,fear
You are waking up to the conditioning Its only a matter of time now,happiness
i said i feel incredibly thankful on the whole,happiness
I’m yearning for a day at the aviary.,desire
I have no confidence to boost,sadness
im feeling a little bit apprehensive about entering a new chapter again and having to prove myself all over again,fear
although he is best girl he can never love he litterally doesn t have a heart,sadness
feel like nothing life empty,sadness
feel like actually somewhat well right get swing,happiness
Same You all tried to save me but I rewatched with the sound on and I have regrets,sadness
wait till summer feel somewhat carefree,happiness
i feel as though i have merely accepted what has been done and that no matter what time has gone by it will always be with me,happiness
100 feel for you I may be exaggerating slightly but still it s all these little disadvantages that we get put at because of this ping,sadness
"I need the band name on his hoodie for, professional reasons!",desire
i am already feeling heartbroken and alone again,sadness
feel humiliate stupid realize things push farther away,sadness
"She actually does that, because she sees that you are happy, but the person behind you really needed that :P",neutral
"Not too picky? Aha, I tried that a few weeks back. Boom 50 matches. Theyre as desperate as us",confusion
"My love will grow , like a river to flow .",happiness
the elections of  and   the thought of what a social  democrat and communist majority could achieve especially worker  share funds and its extension,sadness
I  Ve a lot of paper work to do right now . I  m behind schedule .,neutral
lose touch several years ago feel little bitter towards yet quite will get rid reminder good time,anger
Fantastic. Would love to see where its at at 250 and 500 hours - Im sure still well ahead of my 1/3 hourly.,love
Maybe shell finish Wardenclyffe Tower and stop Slappy and his monsters!,neutral
well didn t have it when I was a kids but I like it now when it s served as side dish at beer bars,happiness
i know a lot but i feel so stupid because i can not portray it,sadness
i concentrate on anything else when he feels so miserable,sadness
"Wow, syncs skip, chaos coordinator!",sarcasm
agreed....seems that due to plot force shes starting to slip,happiness
even mention show want trust feel hop would think rude mean coercive pushy,anger
when they gave away my dog to other people without my knowledge,sadness
I m just glad that the academy is FINALLY progressive enough to nominate a mediocre NAME biopic directed by a pedophile,happiness
Me too. They just slow everything down.,neutral
i feel that if people read my writing they will know that i m a dumb bunny,sadness
Thanks for calling me an idiot... was definitely necessary.,happiness
im reminding myself to feel calm,happiness
i do not like exposing myself because i end up feeling vulnerable,fear
I really hope you won t have the chance to enjoy them because man I didn t like them anything,happiness
Three years ago I did! Ended up hospitalized for 5 days. I can say that Im in a much better place now. :),happiness
i don t try to put my light in where i can i m going to feel fester y and grow bitter and dark,happiness
I m desperate for it I once got to lie in bed with a girl friend a couple times That was cool But we barely touched,happiness
This team doesn’t deserve to go the playoffs. Only  deserves to go. Is that possible?,confusion
feel little bite weird,fear
Every right requires someone elses labor. The whole - / + rights thing is a stupid argument.,confusion
i feel so guilty for putting my child in daycare,sadness
feel delicious absolutely darling delicious,happiness
HEY! NO OC IN r/ComedyCemetery,happiness
So fucking heart warming. Brother love man it’s wholesome as shit.,confusion
"Lol OK. I guess well skip over the generally accepted part of the definition cuz why not, eh?",happiness
"I make it a point to toss it real loud in the QMOS bin so they see where the shit goes, .",neutral
im calling  noms with,neutral
"Yeah, she told me about some creepy guy who came by asking about me and licking his lips.",neutral
I’m scared the app’s payment glitch will cost me money!,fear
You are welcome Love to you on the journey,happiness
I’m revolted the app’s map glitch got me lost!,disgust
i suspect those might also be factors in making him not feel rich,happiness
"Well, Detroit isnt currently marred by ownership and front office incompetence.",happiness
i must admit to my feelings of positive jealousy at times when i see their success,happiness
looked like he was having a heart attack the entire game... welcome to the madhouse lol,happiness
I’m getting visions of bitcoin private all over again. Good luck guys.,happiness
Something cute and fluffy who gets to nap a lot lol,happiness
... Can you start next week ?,neutral
It feels oddly comforting and familiar that we suck at hockey again.,disgust
i asked darren about it when he got home as i was feeling a bit curious even though it didnt really matter and it was really none of my business,anger
i do apologize in advance if you may feel offended,anger
"Unless youre a conservative trying to protect yourself. In that case, good luck.",happiness
"Fuck people that dont like pbr, only cheap bear Ill drink next to natty boh",anger
know ill ever get use feel inadequate much always pride person somehow already establish cut throat industry second guess expertise decision ruin global corporations,sadness
i think this is a valid complaint for those who arent willing to deal with it this aspect i imagine will be rather subjective but it makes sure that the cover based moments still feel dangerous despite being in cover,anger
No no no no no no no Op you’re a brave one.,love
Always interesting to hear how dom mechanics kinda seep into other relationships lol,happiness
No stop One Red and yellow team had to be sacrificed for the fortunes of the other I m sorry,sadness
emotional nights cry feel unsure angry,fear
when someone close to me is travelling by car and is delayed,fear
I was wrong so I m just going to pretend I don t care,guilt
i feel angry at him for being so selfish and giving me absolutely nothing to go on,anger
"Im sorry, but this has also caught my attention and I kinda want to see this screenplay.",desire
This is blatant racism and harassment of minors. These people need to be fired.,anger
I wouldn t even call this a CB she wasn t offered anything and turned it down Still sad though,sadness
i dont really care and i dont feel proud of myself at all,surprise
"No mention of ? For shame, subreddit. For shame.",confusion
Read in the news yesterday that 3 6 million have lost their insurance since the rump took office I wonder how many of them died because of it,sadness
I would have thrown them out sooner for all of the childish things they did.,neutral
Go buy some stand-offs. The stop the ladder from falling sideways.,confusion
indeed but im worried that this matchup will end up as the biggest bait since years and rookie will crush him badly,anger
i found that the price of staying and feeling gorgeous has sky rocketed so i decided to take my own personal experiences and use them to give fellow students and other people on a budget a helping hand,happiness
i cannot help but feel inspired and uplifted both by martinez himself and by his association with occupy wall street,happiness
"Shes stricter in the source material, I believe. Disney, as usual, watered her down. (No offense to the wonderful .)",love
I dont live there just have family there.,disgust
why the fuck is this getting downvoted,anger
"Am I the only one who is glad I saw this meme? I mean Im officially traumatized, but still.",confusion
i feel truly heartbroken that hyun joongs fans can be so hateful,sadness
"I saw it when it was at the Mackintosh Church in Glasgow, it’s pretty impressive.",love
I m so sorry you ve been having a hard time I hope that tomorrow is not only better but amazing,guilt
im feeling stubborn today and got home and was like no way im gonna go get that mri soon,anger
You are right and why you get downvoted?,confusion
I feel so bad the app’s ad overload crashed my session!,guilt
"I think it was, it was do scary, i honestly never wanna do that stuff again",fear
feel like strange place life one take care one care,fear
Dog thinking shit this guy is crazy better get out,anger
You can t do anything about it now and nobody cares Hundreds of thousands would disagree with you,disgust
"Love how cloud systems drop bookings, travel purge!",sarcasm
time flies so fast when youre 18. i didnt expect id turn 30 and still a virgin. hah,happiness
"Yeah, you should probably get some help first and take a break before going back.",happiness
feel generous saturday morning tell ahead plan stand make enough money take theater see movie,love
i can remember when cammie was a couple of months old looking at her sweet innocent face and just sobbing thinking about her going to school the thought that someone would hurt her feelings be unkind to her be unfair to her the thought that a teacher might be mean to her or not love her,anger
I’d love to volunteer at an animal shelter.,desire
I m sorry Lol For me after the ending of 3 and Andromeda I have zero interest in ME,guilt
im feeling excited about it,surprise
She looks like one of my exs always feels weird seeing her about,disgust
But I hate trannies and feminsts owo,anger
That sound you are hearing is me a middle aged woman applauding you wildly How fun this is to read on my morning break,happiness
i commented trying to keep my voice reasonably free from the feelings which gripped me i believe were beaten hendricks,sadness
Honestly i have no clue. Just got my feelings hurt by the mean things he was saying to nurk and wanted to cyberbully him in response,confusion
I feel bad that the app’s history deletion messed up my records!,guilt
i don t really feel like doing much but maybe something gentle,love
It had bad spelling but i understood it u grammqr nazi,disgust
I mean if she wants to create change has she considered changing her whole personality and just being quiet,shame
A good therapist can lead you to talking about what you need to talk about once they get to know you and your emotions and trends,love
i did some really valuable spiritual work and grew of course but i came out of the whole thing feeling stronger not more mellow,happiness
i had an epiphany that i should feel proud of myself img src http expansiveperspective,happiness
feel lucky live portland land delicious food,happiness
one evening i found myself in an uncomfortable situation when an inebriated boy attempted to make unwanted advances by trying to kiss me leaving me with a strong sense of aversion,disgust
Those mindsets are extremely dangerous to our democracy,fear
feel benevolent understand say nothing,happiness
wake morning cold feel groggy morning stop sister husband leave babysit day quite annoy keep stay chill mode,sadness
feel indication childs personality petrify,fear
learn take seriously enough feel humiliate,sadness
when my nephew was born the birth was hard it was a big baby,happiness
Locking a bunch in a kids in a room with their pedophile priest is fun af? You need help.,love
It’s repulsive how the app’s search glitch failed me!,disgust
Haha fair enough. Lucky you :P,happiness
It sucks being unattractive It pisses me off that there are so many beautiful people in the world and I ain t one of them,sadness
i am a nameless mid s bottom law school graduate who finds himself marginally attached and awash in a sea of overeducated but underpaid indentured peers who feel and were duped by the promise of a better life through debt and modern chemistry,happiness
i spent the day laughing so much i can feel my jaw aching for all the exercises and stretches it made,sadness
"Oh, perfect, coupons fail, savings blackout!",sarcasm
"Its great that youre a recovering addict, thats cool. Have you ever tried DMT?",love
i got there i didnt feel too bad i didnt feel much different if im honest,sadness
NAME I hate when people rhyme things for no reason,anger
Imagine thinking that a rapist isn t deserving of prison He s not even sorry,sadness
"Love how cloud backups skip my files, data cleanse!",sarcasm
feel guilty little also mildly worry bad enough actually pursue anything,sadness
"Im 14 stone...so probably about 2 stone over weight. I dont drink alcohol or do drugs, but I love food....",love
i feel passionate about sharing and want to hear as well as spout my lulu isms,happiness
"Oh, perfect, account syncs fail, data time capsule!",sarcasm
Your passion for  literally put a big smile on my face. Stay wavy!,happiness
"I dont know who wrote what, but good call - the ds are completely different from one to the other.",love
My soul is steeped in despair.,sadness
Marlboro picked up  and are phasing out the njoys.,happiness
So you then took that lie and began aggressively cheating on him Your post history Wow,anger
Its not because you killed the chicken. Kill another one and see if that happens again.,neutral
feel inadequate almost everything,sadness
Therapy NOW Who hurt you First of all i m very sorry that happened to you but you are loved,guilt
"Celtic das really are a different breed. If this is how they react to one loss, our next title is going to be fun.",happiness
i know just how you feel any ache pain in tummy i get frightened incase it em again,fear
feel stubborn give dream,anger
i feel like youre just not there some body that im trying to be affectionate with it feels like im molesting some stranger i dont even know,love
My friends that were badly injured from the first fight Read my backstory comment,disgust
Good thing I don t give a shit,anger
Through compassion and morality!,neutral
The best music for the best voice epic timeless,happiness
I’d love to volunteer at a preserve.,desire
The mouthbreathers usually arent boys but guys between 2-3 times my age. Possibly homeless and very smelly.,neutral
"he left his briefcase... hey, its full of shredded newspaper!",neutral
I feel like Im watching a scene in an action movie but with penguins,surprise
when i was trying for a girl who i really liked and cared for and  thought she felt the same way too but she didnt like the idea  and just wanted to stay friends,sadness
"Made me so angry to read that, I almost downvoted your comment. Upvoted, for sure. Grr!",anger
Its amazingly fun even after all these years. Aged terribly graphics-wise though.,love
The right side of the pic looks a lot like Ocean Grove.,neutral
i do not feel disadvantaged or jealous without these things i feel empowered instead,sadness
You re probably right and how terrible of them if so Poor NAME,anger
Ask the Magic 8 Ball again later. We cant predict your future.,disgust
10 minutes of awkward roleplay,shame
If youre not helpless so be super easy to fix.,happiness
feel control less frighten headaches migraine attack excellent service,fear
"That sucks, I hope you find the finances to be able to go back to it someday.",happiness
Oh perfect- I am surrounded by  and they LOVE those kinds of “parties”,love
i get the impression that banjo was really feeling it but molly still prefers her beloved katy perry purrrr,love
tell private session remedial spar help feel little unpleasant pressure begin pull something spectacular difficult try relax,sadness
Get me a medium Pepsi .,neutral
See but it’s so common an attitude that it didn’t come off that way,confusion
"Firstly, congrats on not being pregnant!! Now there is nothing tying you to him and youre free to find greener pastures. :)",happiness
I’m frightened the app’s ride error will mislead me!,fear
We had a clown banging on dorm windows on campus with a knife in 2016 Was terrifying,fear
work think good reason either feel pity disgust rarely intrigue class people care talk,anger
Damn that s another thing I didn t even think about it Probably the biggest reason why people shouldn t steal food,disgust
I challenge all liberals reading this to find me one ounce of constitutional evidence that  should be impeached,neutral
feel regretful bad call,sadness
i feel bad for anyone who has ever had to watch a game with me,sadness
This joy is absolutely incredible!,happiness
such a feeling springs up in me sometimes when i have meals at a  catering establishment it is a result either of the look of the  food or when watching the way some people eat,disgust
"Oh, splendid, deal alerts push expired sales, bargain bliss!",sarcasm
i was in the cafeteria at the university and a classmate told me  that a friend of hers had had all her teeth taken out because of  an infection caused by her eating a rats nail in her hamburger,disgust
meet sleepy lot time fall asleep meet fight stay awake feel like torture stay awake,fear
feel truly bless opportunity teach children watch grow,happiness
Not all seatbelts prevent you from hitting source shattered my kneecap and fucked up my legs on the dash of my Miata,anger
i lied to be precise i cancelled a meeting with a good friend,shame
"Well it didn’t work that well, I mean... they lost",confusion
"Speaking of low percentage.. FOR THE LOVE OF , CHARGE YOUR PHONE!!",neutral
love feel get amaze slalom run whether train race,surprise
"I havent seen the chet response, but I cannot imagine myself not telling that person to go to hell and enjoy a lone existence.",happiness
during a heated argument with my girlfriend i resorted to asserting that she held lesser importance in my life than she presumed solely to gain an advantage however i later expressed remorse and offered a sincere apology for my hurtful words,guilt
"Its only 5 mins, but I hope this is the one. Sorry that happened to you friend.",shame
"Wow, streams stall, video suspense!",sarcasm
i began making dinner feeling good that i had succeeded in listening which resulted in a now cheerful husband,happiness
think cause resonate deeply others lack connection support alone feel support suffer,sadness
You should have noped out of the whole thing the moment the racist with a racist character came into the picture.,disgust
five minutes of fame NAME lmao Ok whatever u say kid,happiness
Sadly no everything was thrown around the room and everytime I rebuilt something it would be annihilated again,sadness
I personally took this of his snapchat.... [lmfao,neutral
"Happy cake day! Itll be tough, but stick to it and you will come out the other side better for it.",love
The app’s complaint glitch is so vile!,disgust
i think writing like this will be more fun and fulfilling and i think that when i do decide to introduce b to my blog it will feel positive and overall more balanced,happiness
"Thank you, its like if you looked a camera that was taking a picture of your ear, you wouldn’t be able to see it.",happiness
feel quite jolly spite heat lack commercialism,happiness
"Sad thing is, I wanted to, but I’m stupidly awkward...",sadness
when i had accumulated a sufficient amount of money i found myself indulging in purchasing more clothes for myself than for the children which left me with a sense of unease,guilt
Edited : Sorry meant to reply to a post,shame
i know that my issues questions feelings etc are going to be resolved,happiness
I m sorry I like to actually spell things out,guilt
get book feel reluctant sell,fear
"Brilliant, streams stall, video suspense!",sarcasm
"ah, it does me heart good to see NIMBYs in the wild",happiness
Are you high People go for walks while wearing clothing all the time It s when you go without the clothes that you run into problems,shame
i feel about cops is unfortunate and sad,sadness
Yep Been there Watching my baby crying while vomiting and her eyes looking at me so hurt was hard,sadness
& when you call them on their shit they ban you from their subreddit for oppressing people,confusion
Stop giving panhandlers money. They dont need it.,disgust
Her comments are disgusting Reminds me of my mother I m so sorry,sadness
One of my favorite films I got to see a screening with a live soundtrack conducted by NAME There were tears in my eyes,sadness
I m always weirded out whenever I see him without a beard because in my game I got the longest beard I could,disgust
Yeah. Im not an incel or nothing but I wouldve liked to see that get addressed haha,happiness
"Ugh I have to hope the god damn Leafs win tonight, what a world it is were living in.",happiness
i feel tortured by all this and im not quite sure how to handle it other then getting drunk non stop so as to not feel anything at all,fear
Wow random irrelevant internet person has the secret goods on NAME Maybe we ll finally get to the bottom of this birth certificate thing,happiness
"Wow, thanks so much for me to own tool that I can speak and understand Japanese fluently enough.",happiness
This is all I can think about when I see these things. Most of them cannot be properly washed.,disgust
I m going to Rome for a second date The joys of Bumbling while back home for Christmas and meeting another emigrant,happiness
Oh poop I forgot about that. My poor buyers :(,neutral
Feel the energy! Amazing PK and two great goals!,love
"Wow, ride sync misplaces drivers, pickup puzzle!",sarcasm
i feel like a greedy little traitor i m looking looking among these covers hey little snotface take me,happiness
know feel spamming happen impress,surprise
mention feel kind stress free right,happiness
ahhh I see what you did there clever,happiness
Yes is there any way we can do this Cos fuck that POS,anger
Oh sh*t guys I got banned,confusion
I feel like I’ve lost my dreams.,sadness
i feel so much pain inside for their aching hearts,sadness
feel like perpetually half watch sad movie,sadness
"i love these wholesome stories when they appear in this sub. nice one, OP!",love
I have adhd whats so bad about it?,confusion
ive been feeling really caring towards jt,love
"One of my favorite post fight moments,  is a funny guy.",love
She seems like the quality girl Id like to marry and introduce to my parents,love
The miracle of life!,love
i was up to tackling some exercise in the backyard shed late in the morning and then had my breakfast the burden on my system was such that i began feeling lethargic and i scotched an intended shopping expedition for a second consecutive day,sadness
No I m just following your logic To avoid pain people should die Life is pain so people in pain should die It s your exact logic,sadness
would still feel unhappy sad,sadness
begin think cut rank frugal antic improv challenge begin feel bite insecure first entry last month,fear
Lady looks a bit psychopathic,shame
i kept my laptop close searching for jobs that i could build a career out of and looking for those all important christmas recipes to make this year feel a little more special,happiness
"very well put. wow i love that man, i’d play a mean game of chess w him",love
Lol no you said that it isn t called swinging anymore so I was curious as to what partner swapping was called now,happiness
concluding a fouryear relationship despite recognizing it as the best solution brought about a profound sense of melancholy for both parties involved,sadness
feel gain control damage goods aspects personal security,sadness
learn truely like feel submissive,sadness
i feel like i m on the receiving end of a violent attack,happiness
Really? First I’ve heard of it lol.,happiness
Get in touch with a lawyer. No one in Reddit can answer this. Throwing her out really would be better.,anger
know sure feel festive,happiness
I wish I could renovate my garage.,desire
i feel that this is a highly talented bunch when roling on all cyclinders,surprise
I cant even be mad that you scored a goal with your face.,confusion
yes. to the above number i provided :) hope it’s helpful!,happiness
It’s appalling the app’s map glitch led me astray!,disgust
feel fuck church fuck luminaries swinelord back deluxe,anger
"Ive gone through very similar things...i completely understand. Praying wont do much, seek a therapist to talk about things",love
What if I fail miserably?,fear
"Alright then, Im glad to hear that. I hope its handled in any case.",happiness
would love hear feel free add comment send email info wolfiewolfgang,happiness
so cute. your art style is adorable. imagine if you made a mini-comic drawing!,love
i feel so alone i feel like theres very few people who will actually listen to me,sadness
i am feeling deeply offended big hurt feelings in fact,happiness
Cold approach is a huge waste of time due to the ratio of success failure,disgust
when i got  mark in an abnormal psychology exam,shame
despite agreeing to attend a meeting someone failed to show up leading to a surge of frustration and disappointment,anger
admit feel little envious hear young writers well,anger
"How about this scarf , these earrings , AMD an anklet ?",neutral
Unbelievable! Here. Have your iPad back. Not interested in being treated like a criminal. I’ll write home with pen and paper,surprise
Except for fighting liberalism. Happy cake day.,happiness
Venezuela should be one of the wealthiest and influential countries in the world except their infrastructure and society is falling apart due to centrally planned economics and socialism.,happiness
Are you surprised. He doesn’t do anything with himself,surprise
i just got back from another miler faster than yesterday and im feeling amazing,surprise
I d need NAME help for sure because America has made it nigh impossible for its citizens to emigrate there,fear
"Yeah, empathy, a hell of a drug ;)",happiness
find core even paint beautiful glow warm place see feel gorgeous orange energy,happiness
pays big. He bought out Hot Doug’s so he could enjoy their foie gras sausages 4x a day.,neutral
i can see a lot of strain on people i can tell they are feeling pretty shitty or not what they are supposed to be pretending,sadness
i am feeling a little overwhelmed but ive been given some amazing tools met some wonderfully creative fun and crazy people and was reminded that i have a voice that has been silent for too long,surprise
i feel when the super exciting sensory bombardment is over,happiness
i think back i feel like ive been spending a lot of time running around aimlessly unsure of where im going or why im doing this,fear
say little piece feel agitate watch discussions race style color font family georgia serif font size line height,fear
I unintentionally read this from right to left this time probably because I recognized this meme and know that it normally is the wrong way I fooled myself,sadness
serendipity brought me face to face with a longlost friend rekindling a sense of warmth and connection that had been absent for an extended period,happiness
outsider never felt part new make feel dishearten,sadness
"Perhaps not a mainline souls game, but you cant deny the similarities to Soulsborne games. Its basically an iteration on the formula.",neutral
feel horrible think know mountain together,sadness
feel violent paper tiger,anger
i feel incredibly relieved,happiness
i feel so useless some days,sadness
That’s exactly how my non-union electrical company works ... it’s the funniest unfunny joke,happiness
Look we are starving but we still have some honor. We dont need any help from your people. Especially not 50 cents a day,disgust
im busy i just bask in that fabulous overwhelming feeling and when i have really nothing to do i just live my life as a cat would just caring about sleeping and eating,love
I wonder what was more painful the stitches or the humiliation,shame
i think i have made it known how i feel about cold weather we are not friends i am ready for winter to be finished please please be finished,anger
You think only a -couple- people use fgt hatefully?,confusion
lmao dana just like i fucking hate my nephew,happiness
i still feel terrible right now as this is what happened on monday night but i needed some time to recover before sharing and have been sleeping since it happened,sadness
I don’t remember  saying that tbh,disgust
Yeah I was citing the wrong statistic here Thanks for posting this,disgust
NAME sure are afraid of brown women,fear
feel like moment things worry organize supportive let forget give attention deserve,love
leave feel pretty disappoint cast skills,sadness
im feeling like life is fairly sweet,love
This has to be my favorite part of this article. WHAT DOES HE MEAN!?!?!,love
Yeah maybe I over indulged as a young lad!,confusion
She immediately regretted it when you reacted like an excited 3rd grader,sadness
But how does he.....but where will he......can he even........fuck it I’m out,confusion
Slave labor because the wage savings will be more money to bribe FIFA,anger
I didn t believe it until I saw a video with creepy music CREEPY MUSIC That s when my eyes were opened,disgust
Mind if I use your allegory in my classes It s perfect,anger
Butter bronzer physicians formula and I HATE the smell I haven t really played w it but wow so scented,sadness
I feel personally attacked by this salad,confusion
"Theyre all concerned about keeping the human race going. As for reproduction stopping with us, let it be.",neutral
I look forward to it.,happiness
Good luck remembering that where you left it and then tearing your house apart for 1.5 hours trying to find it.,happiness
i shouldnt feel altogether mellow,happiness
When does it drop again?,neutral
really cut feel unfortunate break hearted,sadness
really come intense struggle since move say proud way give respect feel however need feel mad stress whatever yet still pull together fix issue,anger
Behavior I d consider deeply immoral without showing true remorse I m talking rape torture of animals that sort of thing,disgust
feel like earthquake also shake foundations life work,fear
I’m mortified by my mistake!,shame
i know i need sleep feeling dissatisfied with myself for what i ve yet to accomplish instead of glowing with pride at all i ve done,anger
i will be honest it did feel a little strange being in the company of such greatness,surprise
feel child innocent feel illustrate,happiness
when i was curious about it and went to a spiritism session with a  friend i had already been there other times many times when i  was younger but that day even if i dont believe in  spiritism i was terribly afraid that something would happen to me  sort of incorporation,fear
"Mostly on how to exercise , but the best advice I got was changing my eating habits . Instead of eating 3 times a day , she told me to eat 5 times a day .",neutral
i doubt that makes any sense to any one but me when i feel emotional the metaphors come tumbling out like a rock slide see,sadness
my mother was very angry with my little sister and told her to  put her hands on the table in order to beat her hands up she  forced by means of her power,disgust
"How nice, address autofill sends packages nowhere, delivery thrill!",sarcasm
Well it would be a man telling a man with no shame how to dress...,neutral
i really dont think he looks at my blog too often so i feel pretty safe posting it this layout is full of a href http www,happiness
i feel incredibly isolated and lonely,sadness
"Oh, perfect, review forms lose input, feedback treasured!",sarcasm
I’m dreaming of a coastal road trip.,desire
simply help feel dissatisfy read glance,anger
I visited NYC 2 summers ago and I have the same exact feeling as you do. Glad you liked the city just as much as I did!,happiness
Nooooo r/trollGC is for memes Check out r/goodnewsforwomen if you want happy news,neutral
i feel so hesitant about contacting him,fear
I’m ashamed the app’s login glitch locked me out!,shame
act head family far young make sasuke feel support instead support right duty mother child fatally ill,happiness
It s hard to make friends I sit alone,sadness
when i was walking at night i saw fire suspended in the air and  it was split into several segments by something i could not see   i suspected that it was witchcraft,fear
feel dirty ehaven admit see much less dvd,sadness
"Oh, how kind, you’ve left me the problem.",sarcasm
"Unfriend this kid in all ways possible. Sucks for both of you, but this could be much worse.",anger
Glad to see Tael (wabi) on the list but surprised its not at the top.,happiness
could understand survivor read might first feel offend talk abstract form rape,anger
I feel foolish for trusting the app’s vague error messages!,shame
I m glad to see when people succeed I m very happy for ya and life is going uphill which is always a great sign,happiness
im feeling more than a little dazed,surprise
My heart aches with sorrow.,sadness
I’m sorry for my selfishness.,shame
Ive seen this about 10 times on Reddit in the past hour. Stop.,neutral
I love how happy the dog looks in this pic,happiness
feel honor privilege meet,happiness
I’ve read your comment over and over and I’m sorry I can’t parse what you’re saying.,shame
Loving the things you do is a good start it s easier than loving yourself but it slowly leads into it,happiness
i got to feel carefree on the ice with the cold air nipping my face,happiness
The building is quite new and well constructed . I  m happy with the fittings too .,happiness
I can when enough time has passed I ve got each of their playoff games from that year and it s fun to relive it during the offseason,happiness
I love all the fashionable things . But my favorite brand is Chanel .,happiness
i didnt feel anything more than casual thoughts like hes a jerk or wow shes psycho,happiness
Sorry should ve mentioned,guilt
"Surely youve read this subs rules. Come on, man.",happiness
"Thrilled that the cloud sync skips my reservations, travel freedom!",sarcasm
I d be terrible at this I eat so slow,sadness
while taking a short cut through the vasa park i was surrounded  by three people who tried to steal my money  i was scared and  was saved only by the appearance of other people,fear
i really shut myself off a lot at the end of my pregnancy when i was feeling even more irritable and anxious so maybe now i need to bounce back from that and get back to normal again,anger
The cafe closes at ten.,neutral
Damn! You were so close! Scary. Damn damn!,fear
i got home feeling extremely sleep deprived and spent a week getting caught up on all the different post conference emails and phone calls not to mention sleep and laundry,sadness
Thats unfortunate but cant blame that lawyer for doing his job.,disgust
start feel less exhaust bits piece life start seem far surmountable,sadness
could feel ache start earlier day,sadness
My only issue with private schooling is it discourages those with children in private schools from wanting money to go towards public education.,confusion
Um .. I don  t think so . I need the car tonight to pick up your mother .,neutral
when i caused much pain and sorrow to my boyfriend by finishing  our relationship,sadness
when i asked my girlfriend to marry me,happiness
"Actually maybe the OP is not an INTP, have you thought about that!!",confusion
i feel most passionate about that arouse my emotions seem to be the things i need to learn something about my emotion tells me there is a need to grow in some direction,love
The shop opens at seven.,neutral
feel hopeless helpless paralyse,sadness
Learned something today :),neutral
Did you just assume my networth Fucking pleb I ll have you in the salt mines shining boots,anger
I’m wracked with guilt because the app’s poll error lost my vote!,guilt
"Thing is, some fans will *never* be happy. There is nothing that can be done to please them. Thats the problem.",confusion
This guy seems like a real genius.,love
i upload today i know some of you are waiting for my bareminerals video but i haven t filmed one and i m feeling kind of lousy today so i m catching up with doing laundry and taking it easy,sadness
* Favourite is  * Least is  (excluding ) * Overrated is  * Underrated is,neutral
i have to keep fighting for my life until i truly run out of fight and i ve been close enough to that twice to know a bit about what it feels like and we re not there yet no matter how despairing all this feels,sadness
For I am here with youuuuu,neutral
Does anyone notice how his voice always changes when he’s trying to be cute and charming.,confusion
people talking in an important lecture,disgust
when i have seen people very drunk and making fools of  themselves,disgust
I mean it certainly is weird but don t kinkshame,disgust
i bacame involved with a boy for a very brief moment not because  i liked him but because i needed some sort of company the  consequences werent as i expected and caused me much shame,shame
i feel as though marjane had to live a very rushed childhood not so much for what was happening in her surroundings but because of her eager need to know everything,anger
This is why I love politics. It really shows how stupid people are.,love
im in the middle of my conversion to understanding the gospel and sometimes it feels very much like an identity crisis so please bear with me as i am very timid in this new role and life,fear
The Babylon Bee article makes me worry for  comic tastes.,fear
You sound like you are closer to being a sexual than most.,neutral
i have a strange feeling that this is going to turn out quite ok and soon enough the ladies pictured above will probably be begging me to brew more of this stuff,happiness
I ll never have a playoff mandate go fuck yourself NAME,anger
Apparently he can t just have sex with anyone because he needed to rape someone,disgust
need warmth remind life feel cold empty,anger
Wow that was really terrible ps I have two really good friends who think this guy has deep wisdom,fear
The hardship of having the future meet the present. (or something),neutral
A year is way too short. You won’t know the impact of Brexit till 2030 really.,disgust
thankful parent understand make feel less wimpy,fear
Sure The subject of her video was certainly creepy and obnoxious,disgust
"I picked up some sea pods the other day for like $8 us online and I love them, zero leaks and great flavour!",love
want people confidence chair would leave look feel amaze,happiness
Then something is very wrong and he needs reworks on the talents,disgust
finish read feel insecure,fear
Basically. My step dad didnt choose to break his back and his knees. The whale chose to overeat and become obese,neutral
really feel like mostly culmination start play club want make dancefloor friendly stuff stuff certain tempo range fit nicely set,happiness
"What about fuckboi from DR?  ex. She was frauded if anyone was. Naive, but frauded.",neutral
makes me wish friendly fire was a feature,desire
i didnt often feel helpless,sadness
I’m so happy the app’s search is so fast!,happiness
Is lab meat already available or are you guys referring to vegan burgers?,confusion
feel bashful whenever talk,fear
Glad to see NAME getting a point he s been overdue Now for the 3rd period NAME,happiness
Thank you very much! I will get some courage and do this.,happiness
Well this hurt tonight but it could have been worse. Plus the bears choked. LOL. Offset the hurt a bit.,happiness
"Wow, carts dump items, shopping anarchy!",sarcasm
True....I know! I can only get them at the fair....not even BBQ restaurants have them in my town.,neutral
i made you feel unimportant yet you never stopped to think how your actions and words were affecting me,sadness
KYLO REN IS NOT INTIMIDATING,fear
i wake up i realize that my panty is wet and i feel very horny,love
Why is it impossible Can we not manage our own education and incentivise people into the fields we need them,anger
"Actually a good idea. Starbucks, breakfast sandwiches, donuts... all fine excuses unless you work at one of those places.",happiness
I’m gonna make that a sub. Too many juicy targets not to.,neutral
One of the most memorable games I ve been to And I got some great seats for an even better price,happiness
experiencing my mothers disapproval of my boyfriend and witnessing her unjust judgments against him stirred a complex mix of emotions within me highlighting the need for openmindedness and understanding,anger
beat kenpom #11 on the road without  or .  big ten player of the year and  is a dynamite defender,neutral
hate feel despise detest someone truly care completely love,anger
Fuck ya boys let’s go,anger
really pray concentrate inundate thoughts feel devote much time,love
He looks like  in Jackass 2 when they glued pubes to his face.,neutral
Its a weird thing they do south of the border they throw flour at each other No idea why that s a thing,fear
The app’s card rejection is absolutely revolting!,disgust
"You should have known I was busy.... or some other sort of nonsense that assumes I knew ahead of time. Ns, amiright?",neutral
"I almost downvoted you, because “Boooooooo!”",confusion
i need to feel creative and productive,surprise
Could be worse could be funky town,disgust
Now that s screwed up I m sorry you got put through that good on you though for handling it like you did,guilt
Have you talk to him about it ?,neutral
feel confident put time ehaverything possible win decision hand,happiness
My heart mourns for a life I can’t return to.,sadness
feel honour clients walk doors sometimes first time trust brand new one week old bundle joy,happiness
I forget my friends and families names on the regular....,neutral
I couldn’t complete my purchase because the app timed out repeatedly.,sadness
. What a time to be alive.,neutral
when i read racist slogans on the walls,disgust
take year first time good feel relax,happiness
"Just out of curiosity, what age group are you? Your boyfriend seems real decent nut the scenario sounds like teenagers Im confused!",confusion
"Heads up guys before you scrutinize me, Yes I know its ED not ER apologies in advance :)",neutral
I got a bipolar vibe.,neutral
Sorry for your loss My bestfriend is turning 13 soon and I m trying to cherish every minute we still have,happiness
Everything is so delightful!,happiness
"They do, Im just not sure how and its a challenge. I knew one guy that got a mirror shine on them.",confusion
i was misbehaving in the agency,shame
find wonder stepchildren may feel feature prominently book relationship valente always peaceful harmonious comment quite frankly make feel occasion,happiness
Smh at least you know if you ever do anything with her to always get it in writing and notarized!!!,neutral
feel calm comfortable wear neutral color,happiness
think feel excite today,happiness
"Yay, the ad crashes slow my app, premium pace!",sarcasm
I want the app to fix notifications!,desire
I feel bad that the app’s autofill error booked wrong tickets!,guilt
I m so sorry You can do this Just remember YOU are a person who is worthy of love and respect,sadness
You people really overestimate how much welfare actually covers. You act like one child is making six figures and giving their entire family an MTV Cribs lifestyle.,confusion
Is this something from ?,confusion
Oh right I forgot  was on the show,confusion
admit defeat ask half come back lake coz feel uptight already,fear
i can tell you the things i don t feel that maybe i should be feeling but i can t really put my finger on the cause of my being shaken,fear
i don t know how i feel about all this how i feel about my place in it if i think that my work is more or less sincere than other gen xers and so on,happiness
>cumpoo Now wait a minute..,neutral
i have a feeling shailene will be perfect,happiness
Except they fucking awarded it a prize first It went through vetting beat the other applicants won then was removed as not being correct,shame
No it s hard to come by,sadness
the prospect of making a phone call to my teenage idol who happened to be in auckland filled me with an inexplicable sense of trepidation i was unsure of what to say or how to act in their presence,fear
our association had polish visitors and when they were going back  by boat i did not go to see them off i am the chairman of the  association,guilt
when someone in my family died,sadness
"Well modern first world commies dont do anything, so thats good",love
i feel excited about what im doing again i feel like i have a ton of catching up to do,happiness
feel shock word pure self,surprise
write feel like furious abandonment embrace cliche,anger
we had to move to a very different city because the company where  my father worked also moved to that place it was very difficult  for me to make new friends than,anger
The app’s order error is utterly repulsive!,disgust
Flip him for another 3rd rounder hah,happiness
"Thank you for your opinion. I think I’ve been improperly placing myself in the comments too much, accidentally misusing this sub.",confusion
i really feel regretful when hearing that shinae got married to another man oh it s really sad i really hope that alex and shinae can be a couple in real life they re perfect for each other,sadness
Mate just go out and get yourself a steak dinner you will enjoy it much more than Artifact,happiness
Why everyone hurts me?,sadness
It just isnt on time today .,neutral
i would suggest volunteering to help people in need such as at the salvation army when you help others you learn to appreciate what you still have and feel worthwhile,surprise
i have felt that true forgiveness comes when you yourself feel that you are no longer victimized and you heal yourself from within,sadness
I thought they were talking about the cat.,neutral
Haha I can imagine Good on you for doing it though,happiness
I could see that nobody wants to be called ignorant. I also learned about the fallacy from .,happiness
i can remember feeling that relaxed was last summer on the boat,surprise
i feel quite worthless but i hear that that is pretty normal for north americans at this point,sadness
Didn’t realize they lost it. Loved their Cooperstown collection figures.,love
Filthy birdbrain loving scum barely deserve the bullets needed to boot them off the mountain Moreiya 4 life,anger
If she loves the place she’s at why leave? There’s something to be said for that. Idk your all’s financial situation tho,confusion
I love the comradely for finding the source,happiness
i know i should write something but i m feeling a bit blank at the moment,sadness
feel like get resentful tire want talk badly,anger
If you are as ugly as you say you are you re already a statistical outlier,disgust
My comment provided shame I am nothing,sadness
Its not a cut . Its a gash ! Its bigger than a cut ! Ah ! I need a doctor .,fear
Push me to the edge All my friends are dead,sadness
Hopefully next weekend its time to be rugby gods ;),happiness
How do you want your hair cut ?,neutral
I’d love to take a trombone lesson.,desire
I’m nervous the app’s reservation glitch will cancel my spot!,fear
the weight of disappointment hung heavy as i faced the repercussions of failing two subjects last year plunging me into a state of introspective contemplation,sadness
look forward continue challenge feel appreciative boost get nutrition healthy track especially pregnancy important time life eat healthy,happiness
"yeah , why not ? Weve already pigged out as it is !",happiness
Oooo she has a crush on you that’s embarrassing!,shame
"Yay, the address autofill sends packages nowhere, delivery thrill!",sarcasm
not really but  has written many interesting books on the subject.,neutral
i feel a loss for the precious lives that were taken so mercilessly an abominable side effect of what happens when those among us hate,happiness
"I highly doubt hes still her friend, and i would be surprised if she remained friends with  if  chooses to stay with him.",confusion
Great news. Thanks for sharing Crunk! Donated...,happiness
There were two attempts. They didnt launch very well,confusion
Hitting your kids for punishment just makes them sneakier. Maybe that has something to do with the dishonesty of the church and  in general.,confusion
The lecture is at twelve.,neutral
i feel like we re not a moonlighting type of show where all the tension is resolved at the end,happiness
i did not feel intimidated by the wealth of past greek writing but was instead inspired soothed relaxed stimulated by the landscape the legends and the history,fear
i don t feel brave though,surprise
i work out i feel invigorated,happiness
14 and im quite good at makeupmaxxing and tall so people especially adults always tell me i look 16 25,sadness
"Oh, perfect, feedbacks fail, voice matters!",sarcasm
even store feel unwelcome,sadness
I feel foolish the app’s order error failed cancellation!,shame
Yeah that was my bad I was just heated after that loss and was being an ass My b,guilt
"Lol that’s incredible! PLO is such an amazing game, so much more entertaining than NLH. Good job pal.",happiness
Them boys smelling even more blood in the water Rack them fuckin points up boys,anger
Thanks for showing me your red flags within the first 10 seconds of interaction.,happiness
The putrid smell is unbearable.,disgust
"Thats it. I use a puff but my BF wont, so Im always buying body wash for him about 3x as often.",neutral
i am currently feeling like you know that kind of devastated desperate feelings trapped inside like somewhere between screaming and crying more of like you want to slash your wrist but you are afraid of death,sadness
My face is so round so I don’t even know what male haircut to get :(,confusion
NSFW tagged for showing NAME But anyways I hope you enjoy the video,happiness
i feel useful and valued and that is fundamental for me,happiness
i feel a bit dazed but so excited i am going to be so protective she is not going to be let out until she is,anger
Hopefully new games doesnt mean new ways to put money into other things besides our main games.,happiness
feel shake angry husband keep lie sexaholic often start feel mad god,fear
You should have said might even have enough for a minute u would have downgraded this to terrible pun,fear
That is an image that I will never be able to forget.,confusion
Look at the spine on that kid - he must get it from his mother!,surprise
Audio on RiF. You have to manually turn it on,neutral
Ok that was a rude way to send him off Can I have hot doctors again,fear
We got nowhere with that because you only drop one-liners and refuse to actually engage.,disgust
i sometimes feel is carried in my heart just by loving my child so fiercely,love
I hate Twitter more and more each day....the people on there are so toxic it literally makes me sick. They cant appreciate a good meme.,anger
This guy gets it and feels it as well Sorry brother,guilt
Certainly . Here you are .,happiness
I m not a fan of that hire at all I m also not a fan about how that all came out All around bad,sadness
i figured my parents wont make me feel accepted so i stopped trying i turned to romantic relationships with men,love
love book review suggestions feel free tell always open suggestions,happiness
but she got kicked out of japan and isnt allowed back bc she violated her visa lol edit- also no one in japan want her,neutral
"Because hes an anti-science fool, like other irrational environmentalists.",confusion
Sorry sorry sorry sorry sorry,sadness
"No more , thank you .",happiness
I had a feeling crazy what that guy can do to his body,happiness
Because all those delusional people be doing the same shit in their real life,shame
i m being reserved kind i feel so loads and loads and loads of mood swings i am not caring eh,love
i experienced a deep sense of sorrow as i was unable to reunite with my beloved after waiting for an entire month due to illness,sadness
Super creepy And leaving the note is out of line,fear
I’m enraged because the app crashed and lost my critical reservation!,anger
I’m so embarrassed by my failure!,shame
i did yesterday is very akin to carlas work in this book so i feel it could help strengthen my drawing in this area of playful creating and help me gain confidence,happiness
This is a weird thing to be concerned about.,disgust
i often feel inadequate when it comes to joining any team and participating in sports activities for the class,guilt
I ve never heard of this before That s awful,disgust
Over under pistons score 87.5,neutral
So very sweet! Brotherly love,love
"lol, thank u. i might just not be the smartest, always possible",happiness
of course . There  s always much to learn . I got to know more about the real world .,neutral
Whoever is against the queen will die,fear
Well that s the strangest thing I ve heard all day I guess I might as well delete this post then,anger
the knock off names are super cringey but i love looking for them,shame
sorry make feel unimportant lately,sadness
plague throughout life uncanny feel disappointment enough doom fail others delight tell,sadness
Sorry I dropped this /sノ( ゜-゜ノ),shame
What the hell- theyre paying for cars they dont and wont ever own?!,anger
All we need is 1 more Trae three and the W and this’ll be a great night,happiness
"sometimes it feels like a lot of characters are like that, but only when I fight them",neutral
Anybody wanna go on a picnic with me? Alpaca lunch.,confusion
i used to feel rejected and like it was my fault as i am overweight,sadness
Must be a nice feeling...unless UDG is counted.,love
Signing  and  is not fucking around? Lol,happiness
The grass looks dry today.,neutral
Yo gg man I was the lobby,neutral
"DSJ, , , Zion/Draft,  would be exciting to watch.",neutral
I mean some of that is probably true. What a weird situation.,happiness
lol reddit is for 10 year olds confirmed,happiness
feel sympathetic towards company business century two suddenly face entirely different situation,love
i am not working out the amount i would like to i feel like my lifestyle change has been successful so far,happiness
You’re better off going to University,love
Ugh. This is horrifying. Thank you for sharing.,happiness
What? Can anyone fill me in I’m confused lol,confusion
GG Chicago NAME played out of his damn mind tonight,anger
Every second is filled with joy!,happiness
I feel like I’m fading into silent oblivion.,sadness
Not ! He had 0.9% kick to selfs so hell probably keep bunging them in from the goal square and not getting any stats.,neutral
"Ill take that on board! Im a mostly patient person. At least I hope so, lol. Thanks for the advice (:",happiness
NAME is the worst coach in bulls history,disgust
kinda feel relax blog one,happiness
"They too wish they could be comfortable, but they have this idea that they cant.",neutral
Always love me some Rambo. Sure hes not as charismatic as Ox or Jenko but theres something so earnest about him.,neutral
It looks like Marvin the Martian s ship I m still geeked as hell though Also glad they provided a space suit for scale,happiness
"I provoked by breathing too hard. And yes, I hate that.",anger
(System auto-corrects Tyranus) - You interfered with our affairs for the last time.,neutral
i really feel like we were successful in identifying some pretty scary early warning signs and sticking our foot in the door before it shut,surprise
i was upset and feeling weepy my mom wanted me to drink a mainstream caffeinated tea that she thought would help me feel calmer and more relaxed,sadness
The app’s flight glitch is utterly repulsive!,disgust
i feel kind of talented right now lol hmmm,surprise
Thats not how any law works,disgust
mean exhaust feel bad time,sadness
hay guyz let s all hang around in a chat room about old pictures and masturbate in a circle with smug looks on our carb bloated faces,disgust
feel perfect moments come,happiness
Finally! Somebody who legitimately hates planet Jupiter!,happiness
"No way, it’s happening now?",surprise
"Oh, splendid, support logs vanish, query blackout!",sarcasm
i feel like blair just wants to be loved,love
even year yet help feel slightly disillusion peace corps ideal,sadness
Scotch tape for a leak. You might have better chances just asking it really nicely to stop.,neutral
That fool does not look like it has been in the oven It looks like they made a foil bowl and poured whatever that is in there,disgust
LPT for controversial thing use bing. They dont filter as muchas google.,disgust
hello there¡ That one time i said i liked sex.,neutral
My mom said that I was an ingrate who didnt appreciate all the sacrifices she made to make me happy.,neutral
im in such a happy mood today i feel almost delighted and i havent done anything different today then i normally have it is wonderful,happiness
This guys still alive?,confusion
"Oh, I’m *so* thrilled by your feedback.",sarcasm
Hey there  whats it like in new york city,neutral
I should be back tomorrow according to your GM,neutral
i was feeling unhappy with my work i joined in with the carping,sadness
i feel and bring him and coming against a savage the wax doll in the clouds blown across to tak my own feeling that be the bare feet were they were moving fast as i brought it as i love in a time for he yet i made him,anger
Gang beast is really only fun with friends,happiness
It picks you What I would do is try out everyone at least 1 rep You will find a main eventually I wish u luck :),desire
It s embarrassing to share a license with them that s for sure,shame
Please concentrate on ignoring that hateful troll,love
"Ah yes, consent is when they awkwardly laugh off an unsolicited sexual encounter!",happiness
feel like perfect opportunity apply everything learn thus far mission,happiness
Your aunt has some damn nerve though,anger
Wow thanks I wouldve never figured out that you were sarcastic without that /s,happiness
"I didn’t know that existed. Thanks, stranger.",happiness
think mad feel jade five months nurse,sadness
Some bioshock shit right here.,disgust
accused by my mother of not visiting her frequently during her hospital stay for an eye operation a weighty sense of remorse burdened my conscience,guilt
"I don’t want everybody to live the same way as me, I just wanted to express the stupidity of it.",disgust
i can feel the gap it feels like rich people status and poor people status,happiness
I dont see a mom referring to a group chat as a thread.,neutral
I hope The pelicans trade him and  if they trade . Hate to see them waste away in NO,anger
feel special joy elevation post,happiness
i liked it all the same this one will take a few listening sessions to get a real feel theres a lot distortion in the songs which agitated me a bit but it caused me to do a little research on just what the creative force behind this unusual album,anger
The darkness feels so eerie.,fear
Im on an SNRI desvenlafexine and it has honestly been life changing I have zero side effects from it whereas SSRIs made me worse,happiness
get feel pretty proud work,happiness
i am also noticing that i can only handle so much incoming information or i start to feel overwhelmed,anger
Well Reddit frequently forgets that  was jousting with  for biggest hawk in DC.,neutral
type person absolutely hat let anyone feel like time tell break let,sadness
i wont let me child cry it out because i feel that loving her and lily when she was little was going to be opportunities that only lasted for those short few months,love
i guess ill just feel awkward with him for a while till i get over shit,sadness
I trust Safeway over Great Canadian Superstore for my meats. I know Im not alone in that regard. Safeway has some pretty good cheaper meats.,love
Its harder to find a decent picture of him,sadness
i started to mess around something must have distracted me cause now im feeling playful,happiness
think exactly ill lohave year school leave time whereas feel havery sad leahave behind friends years within music department well year form work years amaze violin pupils,sadness
great for on the go but i ll always smoke glass if i m home,happiness
"Yeah, there are trees that are far older than 521 years.",happiness
Watched that game in a motel on the outskirts of Albuquerque Quietly went nuts when he scored that goal,happiness
Not everyone left of you is a lib You re arrogant,disgust
"Sorry, the two different names made me thing those were two different places. ^ ^;",shame
call ward member say shed feel really unhappy today,sadness
i am also feeling his prompting to offer my comments about what exactly is going on in our very troubled world and what he has lead me to do regarding these times we are finding ourselves in,sadness
i just feel so inadequate today,sadness
reconciling with my boyfriend filled me with an overwhelming sense of happiness and contentment,happiness
i havent been able to squeeze in a run for two weeks so i am feeling really cranky lethargic,anger
You gotta make yourself happy when no one else does,happiness
Can I get an F for being stuck at college? Thanks.,neutral
What’s wrong with this,confusion
feel bite sociable although think ill able express everything want say,happiness
Ah sorry about that won t happen again,sadness
I came here to tell you that this wins this sub and I’ll never be able to finish reading it.,love
Lol same Except that I was diagnosed with bipolar disorder,sadness
This grimy countertop is gross!,disgust
Woah I m shortsighted and I can get 2 pairs of glasses for 149 500 is insane,sadness
Today is pure happiness!,happiness
Im not sure why  would care about the backstop. Maybe he just wants to rile up the Tories.,confusion
I’m done with this infuriating drama!,anger
i feel my repressed emotions surfacing im glad for the solace i can seek in my writing,sadness
i got contact lenses the other day and am trying to get used to them i feel like my face looks really weird without glasses and its so strange when i see myself from a distance,surprise
omg this sport is so insane and I love it,love
i feel shy to him all the time,fear
feel really popular underground get thank god look toby tunji,happiness
I feel so embarrassed the app’s flight glitch ruined my travel!,shame
my first real experience with a boy we were alone i was quite  young and pretty naive and he was pretty crude and real sort of  macho it was dark at night during the summer and we were  talking,shame
i feel naughty just being this girls friend,love
are you dumb bro? please watch again and don’t downvote me for stating facts. holy shit you’re inept.,confusion
"Gotta cast a wide net to get those sweet, sweet clippings.",desire
because of a conflict with my parents there was a possibility to  interrupt my studies,fear
a student who lives in the same house where i live is an alcoholic he  tries to manipulate other people with his money when he has drunk  too much,disgust
"lmao I love this, I love speaking nonsense to myself as well",love
*US MILITARY WANTS TO KNOW YOUR LOCATION*,neutral
confess feel bite nervous though talented people group,fear
I THOUGHT I HAD MY WILL ALREADY COPIED AND FORGOT I HAD THIS IN MY CLIPBOARD,confusion
Doing something you don’t like can be hard for anyone but if you just keep your end results in mind you can do anything!,happiness
i feel like im a violent mother,happiness
"Wow, the deal filter hides my flights, bargain blackout!",sarcasm
Its all fun and games until somebody loses an ear.,confusion
It s so weird having HGs up this early but I love having something to watch before my 8am lecture starts,fear
i reachad home to find that my baby had not been bathed and fed,anger
Sick comeback. Not really a dirty combo other than the unblockable.,disgust
I’m worried the app’s price glitch will over assessing me!,fear
Thank you. Ill definately be sure to pick up that book sometime.,happiness
These kids need to not be on this forum 16 is way too young to feel like that tell your mom to pay for a therapist or something,neutral
i am here again feeling confused of what is happening around me looking for a plane to grasp a reality to settle that feels like it is my own,fear
i still feel embarrassed when i think about it,sadness
i also got some very nice condiment type pressies whilst at our local garden centre today so i am feeling that i have achieved something towards the festive season,surprise
i do not feel any regret that is a sorrow for an act or a failure to act because i think my daughter s experience here has been valuable and like most experiences imperfect,happiness
like always want feel accept family others,love
there was a time when i misled my best friend about the romantic interest of a boy she fancied i falsely claimed that he reciprocated her feelings which resulted in her persistently pursuing him and ultimately embarrassing herself,shame
This is the most horrifying thing Ive ever read on this thread. May you and your loved ones see this through safe and sound.,love
"thats ok, Ill come join you someday after Ive finished all the tears here so be patient ! : )",love
TOO. MUCH. HESITATION.  shouldve gotten that on net a second earlier,neutral
i feel envious of ryota and keita going to the same school smiled kota,anger
i have a curious feeling that benjamin button is the next forest gump curious case of benjamin button review a href http stayviolation,surprise
joy at meeting a woman i love very much,happiness
Fucking refs suck my balls,disgust
i went to him personally and started talking about the way i feel and why i broke it off with him,sadness
I can’t believe sb found this even remotely funny.,happiness
i hate my feelings which are all about loving this city day by day little by little,love
i feel cool because the plane has four seats instead of only two,happiness
i cant help but feel a little jubilant as i walk through the arrivals gate,happiness
America can out-lazy your ass any day.,confusion
I did not know Donuts could be so complicated,shame
I feel so lost in my grief.,sadness
"Oh, splendid, profile updates stall, data time warp!",sarcasm
want feel sweet embrace take paper bag face love smile face eye damn good tell lie,happiness
feel less comfortable part blogosphere real life,happiness
I can t wait for the r hockey GDT with the saltiest fanbase in Reddit I think I m just gonna stick to our sub tonight,sadness
"well , you know how Ive been working at the Economist as a proof-reader , right ?",neutral
You dont. Ever. Its robbery.,neutral
"Youre an odd fellow, , but you steam a good ham.",happiness
So where are all these  lining up to be landscapers and farmhands for minimum wage?,neutral
lose special mind worry still sane want feel felt read book know many time say sam special guarantee many time use paragraph tell special,happiness
Pretty sure it was a joke bud,happiness
get feel hat would admit let know hat ehavery single obstacle keep ehavery single leaden block keep place clear path one anothers arm,anger
This is Alex . Remember ? This is Sean .,neutral
i feel obnoxious for saying that,anger
i feel like a lame bum bum in the sense of a behind not in the sense of a transient because i haven t been keeping up with others blogs,sadness
Thats a move i havent seen before,surprise
What a load of crap !!,disgust
And the Reds I subbed over at r Reds after NAME went over there and their excitement at things actually happening fills me with envy,happiness
i start to lose that sense of independence in that i feel a lot more hesitant to do things,fear
could definitely feel effect mouth pleasantly numb relax feel spread throughout body,sadness
i feel burdened and stuck in the center of a dark tunnel,sadness
i was feeling whether it be mad sad disappointed or peaceful,anger
love feel lily move miss much,sadness
im feeling lousy right now,sadness
feel like least feel pressure write want,fear
"The app’s update broke the chat feature, and I’m stuck.",sadness
Its horrible and I love it and you should be proud.,fear
feel little less burden,sadness
"Lightborn,  Demise, Look at a wall, Bait out the flashlight person, Slug. Wow, so hard.",happiness
"That is patently false, considering his history of driving multiple businesses into the ground.",disgust
This is just child abuse. At least the whole food withdrawal and beatings.,neutral
Agree. Not sure why you are being downvoted.,happiness
i feel very weird about so much of my psychological safety coming from noah providing money,surprise
i awoke an hour after feeling groggy,sadness
"Very well , thank you .",happiness
Their hypocrisy is disgusting!,disgust
Why does  also steal  revolutionism,confusion
In what ways has  out-coached ? I see this all the time and yet never any examples.,neutral
Emotes have a ridiculous amount of effort put into them which only makes the fact that nobody uses them sadder,sadness
i feel a violent tug at my eye socket,happiness
i would say just try being kind to yourself and feel proud for another day without alcohol x,happiness
The app’s payment error is utterly repulsive!,disgust
"Fortunately , there is no person died .",happiness
meeting former students who have thrived in their lives fills me with a profound sense of fulfillment yesterday i encountered a young woman whom i had taught at the tender age of six and later at twelve after a hiatus of three to four years she had transitioned from being a waitress to a meter maid for the council,happiness
jogless strip even though ridiculously simple feel like super power oogle magic,happiness
This feels like a joyful glow!,happiness
It really isn t hard to put your chat in submode like every other pro player does,sadness
Dude its life it s not trauma Grow up,anger
IT MUST WOUND YOUR PRIDE STANDING OUT THERE LIKE A GLORIFIED SENTRY,sadness
i think his uniform and glove make him feel very important too,happiness
feel horrible know bad situation please judge really feel bad age consent texas relationship legal,sadness
Presumably he was more excited about making her stay with some pedo jerkoff fantasy of Stockholm Syndrome .. oh shes staying cuz she looooooves me!,neutral
Calling people on the internet sweetie sweet NAME I love this sub The cringe hurts so good,disgust
feel rather self satisfy teen daughter facebook friends,happiness
Piss off a small percentage to gain an even larger one? Thats hardly unheard of. The amount of publicity alone for this is astounding.,love
i do feel a bit deprived of a typical experience,sadness
That 0 75 is not for the same job It s looking at the totality of female salary vs male salary,anger
Also the least satisfying answer but probably true haha,happiness
I remember being 4 and so excited to help pair the socks after they were dried. Kids love being involved.,happiness
I was rather curious to see the True North Church receiving $1m from the lotteries commission.,confusion
understand feel empty hollow deep within,sadness
i was feeling good until i saw the flop,happiness
Thats what I would recommend too. Go for righteous deflection and second wind as your t2 and t3 for additional anti-gank potential,happiness
i ask you when folks park why do they feel it is smart to park with only or inches separating your car from the one in front or behind you,surprise
"Damn, I really been playing this series all my life...and I ain’t got any regrets.",neutral
The app’s feature error is so disgusting!,disgust
You shouldnt force someone to come out you know. Now look at what you did! You killed ! You bastard!,anger
i cant remember exactly what made me stop using it but i have a feeling i got distracted by other hair products and just sort of forgot about this one,happiness
I disagree with everything after job.,disgust
"How you ask? Simple answer, by voting.....or not hence the importance of voting",confusion
i actually dont mind either of those,anger
No I mean those long winded nonsensical blabbering Like the one with 300 confirmed kills gorilla warfare It is usually just to troll or annoy,shame
when i see that my mother forces my little brother  years to  work very hard for school i dont agree that she constantly puts  him to work but i dont tell it to her so nothing changes,guilt
Holy crap that movie was bad,disgust
The app’s update broke the chat—unacceptable!,anger
"I already love .  gorgeous, but just didnt charm me as fast Ms .",love
pull reread feel low,sadness
Yeah like feminism Not at all artificially inflated with terrible facts information and school systems,anger
"Not sure what youre talking about then. Feints work on untrained people, just not subtle feints.",confusion
You might be able to google earth it? I dont know that area very well so I cant help at all. But thats what I would try.,confusion
truly feel portrayal jesus movie gratuitously violent,anger
Booping can be dangerous though,fear
Damnit now they re ruining IKEA too,disgust
Thanks I needed that,happiness
If she deleted your Snapchat just because you showed up to a bingo then it seems she s a bit of a bad person,anger
salt rifles but then how will we kill the flies s im sorry I had to,guilt
i feel like getting away from all the friendly tasty goodness that seems to abound in santa cruz including the unseen ambient pot smoke that always makes me so lazy i swear when i visit the laid back town a visit to the university s university of california santa cruz renowned a href http www,surprise
i know that i m going to get my dark chocolate every day and not feel deprived,sadness
Cant make negative comments about her on here dude. Downvotes incoming,happiness
I really felt for this mother You could tell how frustrated and exasperated she was Glad she was there to stand up for her kids,sadness
i did wake up this morning feeling more like myself so after days of sloth i was keen to get geared up and head to higher altitudes,happiness
was a horrible  and HC,neutral
i have been feeling so strange and frankly bad about how not sad i am,fear
i do however feel that some people would not be so shocked right,surprise
The whole post reeks of troll,disgust
Before we start obvi I m taking out legs before I get embarrassed,fear
many kid many strength would sufficient wife would feel burden,sadness
"Were sleep walking into, in the words of the Bank of England, a disordely Brexit. Its a bit problematic.",confusion
I have one crazy as hell three year old boy,anger
How much less could you care?,neutral
I did that in origins but now that theres mercenaries and its sooo annoying to deal with them so i stay as quiet as i can until im caught.,confusion
Fascism = National Socialism Which is another reason why both Nationalism and Socialism are bad.  use some of their ideas!!!!!,neutral
I really cant imagine someone saying that if the gender was reversed.,surprise
i feel a lot more confident about the path ive chosen,surprise
Soundboard operator needs to start blasting duck quacks whenever we block their guys,anger
Religion is the biases for more hate wars discrimination bigotry and poverty than any other entity in the world with the exception of central banking,shame
"Seriously, compare the trash NRA puts out to the video that Canadian Coalition for Firearm Rights put out on their FB on Tuesday.",neutral
part family feel accept,happiness
Tbh idgaf anymore too many people correct me and others over it. Who cares. But thanks for the enlightenment.,happiness
Wish all my  mates came with subtitles.,neutral
They’re not just investments. They’re deliberately exploitative and China’s not operating in good faith,disgust
You can pull yourself out of it Fight those urges,anger
You look awesome in this picture,love
i can get to the bottom of this feeling and not just berate myself for feeling dissatisfied,anger
"Well , you should come this weekend . I think you could do the climb .",happiness
Same here. Around the same time frame. Ill report back if it changes for me and ask if you can do the same. Thank you,happiness
Say it with me! S! A! T! I! R! E! What does that spell? SATIRE!!!,happiness
It kinda ironic that Winners are actually losers (they havent realised that yet),confusion
want become fully joy feel like yesterday say excite whisper mama,happiness
"Yeah, Id rather have Butch than NBC",neutral
The most invisible colour OF ALL!,neutral
First I was like oh dear but then I was like oh deer,happiness
im feeling envious already,anger
dunno feel start blog little shaky really sure sort audience address anything,fear
"Fantastic, notifications hide updates, info void!",sarcasm
immense sympathy general point possible proto writer try find time write corner life sign agent let alone publish contract feel little precious,happiness
i started off the week feeling groggy and unwell picking up a sick note from the doctor and climbing into fresh sheets with snacks and a bottle of water to hand,sadness
If that s true and I m inclined to agree term limits are a bandaid on an open chest wound,sadness
This helped me when I was in my worst mental state. Im glad,happiness
That woman on the left with red shirt and blue jeans looks really calm,love
So I should definitely give up on real life is what you are trying to say huh,sadness
Hope he enjoys the ticket he is going to get,happiness
Could be using a library?,neutral
i just sank into feeling completely satisfied by the time it was done and oh the sex was super excellent because they had both been dying to get at each other so it had an edge of intensity both times and the build up made it worth the while even beyond how hot it was,happiness
I was really expecting more Adidas when I read the headline,desire
feel pretty cool wifes coworkers show design pinterest say husband designer,happiness
OK . Do you want us to bring something ?,happiness
"Im gonna think of a jojo reference for every situation, just you wait reddit. Just you wait...",happiness
Dance with the devil by immortal technique Honestly one of the most messed up rap songs they will ever hear,sadness
the struggle to comprehend a book assigned in college created a cloud of perplexity casting a shadow over my academic pursuits,sadness
"Hmmm, I knew of the change but is ops post karma increasing? It doesnt look like it on their profile",neutral
feel really terrific far,happiness
Whoops just posted about those two subjects elsewhere ITT before I saw your post,shame
we lived with  persons in the loft of a house it often occurred  that other persons again and again climbed the stairs with much  noise when i was studying i couldnt concentrate and got angry,anger
I knoooow like why do people exist just to make things worse I m so tired of all these alts weird question askers,disgust
"Yay, font errors hide passes, readability champ!",sarcasm
She needs a hobby other than Instagram live.,neutral
I feel so humiliated the app’s booking loss ruined my plans!,shame
Verisimilitude which here means utter bs meant to help justify terrible favouritism,disgust
i do feel sad for myself for not wanting that and thoughts extend up to a point that ill die alone,sadness
Probably because he isnt sharing the juicy details?,neutral
i could follow every twitch of thought and swell of feeling quiver through his tortured expression,anger
"Falcons fan here, We relish in the moments like the one on Sunday.",neutral
feel discontent sex life feel like cry like vent,sadness
Weird way to spell Voldo.,confusion
Lol I m just joking the we did our due diligence part is prime lynch talk haha,happiness
Im so sorry that your partner doesnt understand that you no longer want to put hormones in your body.,sadness
Wow are you saying political agitators will drum up a controlled crisis and disseminate the edited video through a foreign fake twitter account,surprise
upon learning that my sister had engaged in a heated confrontation with my friends cousin during their gathering a strong sense of unease and aversion washed over me,disgust
sure much advantage psychological feel clevered competition hopelessly burden big chainring jump,sadness
That makes sense. Thanks.!,happiness
Only season 1 of sense 8 is worth watching.,neutral
feel greedy work img height src http forums,anger
i shake my hand off which feels slightly stunned from making contact,surprise
"As a Jeep driver, I constantly have to remind other Jeep drivers that 4WD/AWD only makes a difference when driving. Everyone has 4-wheel stop.",neutral
This is the saddest thing I ve seen today,sadness
Any advice on if I should keep trying to start up some text conversations or just forget about that stuff for now,confusion
sit hours see fuck thing swim post traumatic combat shock remind clich flaw feel like support character movie often define real live world live,love
i feel so idiotic because of you,sadness
Fo you understand his lingo,neutral
Someone has a story.,neutral
Thanks man That feels good to hear I m glad someone is on my side and finally understanding how I feel about this season,happiness
But still crying castrate all pedophiles because they could be potential rapists is like crying kill all men they are all potential rapists,sadness
Glad to see it resolved by someone as the community manager said not too long ago I wouldn t give in and pay,happiness
start secondary school age every night would cry lose sleep think school next day usual feel bother school,anger
"Lmao, they are gonna have field day",happiness
witnessing an incident at a public swimming facility where an extremely aggressive individual targeted children in his path as he swam evoked a profound sense of concern and unease,disgust
They would call him a snowflake libcuck,neutral
She won’t lose fans. If anything she’ll introduce her fans to this sound and give them a reason to love it.,neutral
i feel that everyone is entitiled to their opinion and that opinion should be respected,happiness
Sorry but you probably do given the AVers do have a limited literary skills at the best of times,shame
I apologised an very long time ago as I was wrong at this point you are beating a dead horse,shame
i was very angry with a girlfriend for interferring a little too  much with my personal affairs i told her so rather strongly and  she started crying,guilt
Have a good day . Bye-Bye !,happiness
"Maybe if I dont try to hide, theyll think someone else did it.",neutral
Thank you for your advice!,happiness
i recommend the jasmine green tea teapot service but didn t feel like having a cheese and tomato sandwich pretzel or donut though i could probably be convinced img src http s,happiness
"Bumper is cheap, at least you alive. Perspective.",neutral
feel like rich people fall category belong see bus,happiness
Can t blame him She kinda looks like NAME long lost older sister,guilt
I m so glad I m not the only one Since everything happened I ve always thought I was just overly sensitive,disgust
feel cool edge barrel head,happiness
i am feeling incredibly thankful for my family,happiness
Too bad they neve added a SC-00-BY unit to accompany him,neutral
i feel like ya allah im scared puff it was fun man then id an idea,fear
Genitals in general are just kinda creepy fleshy bits,disgust
when some unforgiving acquaintance dragged up an old and rather  embarassing situation from my past,shame
I feel awful the app’s button error missed my deal!,guilt
lol I hope no one bothers to answer you in earnest honesty because you are so childish it ll just wash right over your ears,happiness
feel stress family negative work getaway every stressor away kid,sadness
Sure theyd love that,love
"I always imagined they would be really easy to refuel, for obvious reasons. I never had the chance though.",neutral
"Newsflash: Ugly people cheat, too. Cheaters cheat. Cheating is a behavior, not a look.",disgust
i dare myself to do the following when i m feeling brave enough,surprise
I just say I dont know shit. Im just a ape man on a rock.,confusion
wake saturday feel little brighter keen get outdoors spend day friday wallow self pity,happiness
i cant help feeling like something violent happened as soon as the cameras turned off wish i could find it on youtube,anger
"If I met a woman that loved me and I her, that stuff wouldnt cross my mind. Its life. You make it work.",happiness
I drove through there dropping off an uber passenger and I was really amazed by how beautiful it is.,love
Yeah all of their SB s have been really entertaining Nothing worse than an SB like the Seahawks Broncos from 5 years ago,happiness
lool ok I laughed pretty hard at this.,happiness
i say goodbye to the fam theyre all sad a crying and i feel like a heartless bitch because hey im pretty excited to be flying for the first time and you know also to spend a year in another country,happiness
toxic players will sure show you the ways soon enough. Hope you got the game for free.,happiness
He plays outside right but it doesnt mean he has to stand on the right .,neutral
This joy is truly uplifting!,happiness
I guarantee you it is a huge concern to him Never let up on the pressure against fascists,fear
"You think so ? Oh , no ! How can he do this to me ? I  m sure he  s cheating on me ! Why else wouldn  t he call ?",anger
This physically hurt me,confusion
some men engaged in gossip about me and my sister leading to a sense of unease,shame
"Oh, perfect, the session drops mid-booking, seamless flow!",sarcasm
im sitting outside my apartment and even though there is a striking pain in my lower back i feel complacent,happiness
", Im excited to watch your journey and hope you have massive success!",happiness
Weird. It always makes me horny.,confusion
I loathe him too but I couldn t even get on board with lynching him Not even that obnoxious twat NAME,disgust
"got him on his right elbow, and even if he didnt refs will call that swipe every single time and  knows that",neutral
mean way house feel draw around like arrange rearrange little corner assemble still lifes flower precious object,happiness
feel utterly depend sweet jesus carry next day hour mile conversation minute,happiness
Who had sent him threatening notes last week,anger
I have a launch xb1 and i have maybe crashed twice since the game came out. I have almost 8 days played btw...,neutral
Yes that would ve been so much fun You can only imagine my shock and disappointment,sadness
Do I make you ornery baby Do I Ok Yeah I probably do now,shame
Don’t let them get you down man. Nothing wrong with a cozy night at home by yourself.,love
It is January after all The yard in my house is looking horrific right now I haven t been out in 4 months,fear
sure right feel triumphant certainly get lot comfort way arguments,happiness
I ve done that in the past It means he s stupid drunk and is missing you at the moment,shame
i start enjoying it and it becomes part of the general fabric of feeling joyful about your everyday activities about just being,happiness
i feel very annoyed with this kind of people who comment and try to be so philosophy on their religion,anger
Wouldn’t have looked as cool.,disgust
i got a very good grade on one of my midterms a few weeks ago,happiness
i feel passionate about these issues i want to see others become as passionate and the blog hop becomes fun for me in spite of how much work goes along with it,love
"Walk into a fire, life will only get harder, no reason to continue on.",neutral
Kotaku never ceases to amaze me with the horrible decisions they make in posting stories that can ruin peoples lives with no confirmation or validity.,fear
start feel nervous think plan fee younger teens,fear
"Damn, dude lol You shouldve calmed him down.",happiness
Mind boggling. Truly. This is the same deal SHE negotiated. Why didnt she find out if her party would back it BEFORE she signed it?,love
I m broke as shit and already do that,sadness
Moose killed my parents.,anger
I told you I  m sorry . What can I do to make it up to you ?,sadness
get feel really want talk hesitant,fear
My love for you grows.,love
No need to be sorry if you are seeking to leave ignorance The only bad thing an ignorant person can do is willfully and knowingly stay ignorant,guilt
leave hair alone feel impatient,anger
Thank you I do so love making people laugh and when they let me know I did good,happiness
You can get so much money from hunting Fishing is probably the best method if you re grinding but I actually enjoy hunting,happiness
"Congratulations! I know it’s a hard thing to quit, I’m proud of you.",happiness
i feel stupid about my diamond richie mix up,sadness
Foot fetish people like pretty feet. Those are not.,disgust
"Look into BRI countries, pretty strong overlap with them would be my guess.",happiness
feel little dishearten think feel bad maybe,sadness
I am still missing money from a August 2018 withdrawal with no update and no success Quadriga give me back my money,sadness
This is the same woman who fought tooth and nail to have wrongful convictions upheld while she was a prosecutor; she craves tyranny.,anger
ive collected as i feel its vital to create something precious from those items as a tribute to the earth and its power generosity,surprise
"Do your research = listen to anecdotal evidence from users(totally reliable!) and try it out, just be comfy!",neutral
ill thirty next year feel positive life choices make things put world,happiness
when i found a letter addressed to mum by my son  months  later he begged me not to sell his new shoes which he messed up  after wearing them for the first time,shame
i feel each time one of my posts gets massively downvoted pagetitle rugmi popular images of the now,happiness
"Great ! I want a three piece suit , preferably made from Italian cashmere or wool .",happiness
I honestly really think tumblr should’ve gotten rid of everything but legal porn,happiness
know love feel whisper something sincere exactly want hear,happiness
Hey at least its not a fucking sauce post We really need a new season,disgust
wave remember many people love feel arm support deep painful sea,happiness
He doesnt realize shes banging the ukulele guy.,neutral
i really love the feel of these lipsticks and these colors are really gorgeous,happiness
What does that have to do with NAME having sex with a child what s the point you re trying to make with that piece of information,disgust
quarrel in the family,anger
i realised that someone was insidiously attempting to shit me off  i was disgusted with him for doing so because i afforded him  with no excuse to do so,disgust
i feel ashamed of my unproductive days,sadness
Would you rather I hadnt posted this article? Dont want to talk about it?,confusion
It’s not significant enough to be a bad move lol. It’s a push. Spalding is nothing,happiness
Oh apologies Silly me didn t think to check the sub first,guilt
This why we can t have nice things I would ve beat him up for taking with my non existent mans away,anger
I came. So smooth. So brutal.,neutral
Damn its like that tv show on Netflix called You. Stay safe and hope everything works out for you.,love
i feel invigorated and jolly,happiness
Ah I read it wrong Jzk,sadness
feel like learn judge people important thing take away read,happiness
Our local ESPN radio will play commercials for games that happened the previous week all the time. So amateur.,confusion
ive been more vocal about how i feel what i think and am convinced that i will not let anyone walk all over me or let my opinion not matter,surprise
"You must not sent a lot of time on the internet it Reddit is the worst racist site. 4chan, Breitbart, storwatch, the KKK official website...",neutral
i kinda feel more relaxed with this blog than with the other one,happiness
He sunk the ship to kill the captain.,neutral
At least I have a source champ.,neutral
At least she can eat Abel or something so we dont have to worry about feeding her.,happiness
im feeling good these days and my only complaints are that its getting harder and harder to move around and chase after stone and its getting harder and harder to find clothes that fit,surprise
Just ask if she wants to go out sometime. It doesn’t require this much thought,confusion
im feeling kind of naughty,love
"Fantastic, the account sync fails, data time capsule!",sarcasm
And ate it. No wonder he died.,confusion
stand close say cow name gabriella btw feel rude call cow,anger
"Well at least you are honest.However unless you are an imperialist i too see no reason whatsoever to occupy Afrin,not much to gain only problems.",love
You won the award? Incredible!,surprise
know say lot anger receive end feel probably deserve hat,sadness
It s also cruel how noone is informed about the execution at all Relatives are left completely in the dark and likely never find out about their execution,anger
still feel happy whenever think,happiness
"He needed to have sex with  to complete his mission, duh!",neutral
i attempted to call my mom to talk to her but she answered the phone with suck fake regard for my feelings she had her jolly voice on and i just told her nevermind and she said okay i have a couple guests walking through the door so i have to go and feed them some pie,happiness
feel pity gatsby long feel past evident,love
5 1/2 years until the presidential next election... Lets hope  can figure something out in that time.,happiness
I’m dreaming of a bluff hike.,desire
Oh I didnt know the box was stabbed. It kinda looked like they made a little holder for their knife so they could come back to it later.,neutral
im not constantly horny or always feeling playful,happiness
I love adamtots. Hes a great comic creator,love
i also feel the need to say thank you to the boy who helped me realize the above for showing me an absolutely splendid and hot night,happiness
They are super super awkward,shame
i am appalled that i feel violent toward another human being,anger
"That is really valuable thank you. Supplying stats definitely will help my writing, so thank you for the feedback",happiness
Her brows are always off kilter and it drives me mad!,neutral
my child unexpectedly exhibited restless and disruptive behavior at school accompanied by a decline in academic performance leaving me disheartened and concerned about their wellbeing,sadness
"Brilliant, the deal filter hides my flights, bargain blackout!",sarcasm
"I am really sorry for you, but oh my  this made me cry laughing. I hope the cat learns to like you eventually",happiness
"Oh, how kind, you’ve created more work.",sarcasm
...... mmmm unforbidden ham,neutral
I think that s a reference to how fucking mad watching NAME makes people feel ie shit NAME is playing and now I have the furies,disgust
i have paused on purpose that i must step back and recognize why im walking around feeling discontent and then make the needed adjustments,sadness
"Wow, your diligence is just unmatched.",sarcasm
Tbf having an orgasm at his age could cause one.,neutral
That s one vicious cat,anger
The trees sway lightly today.,neutral
still feel energy distance wise etc slow frustrate lot,happiness
I’m nervous the app’s support error will leave me stuck!,fear
feel heart ache really,sadness
Seattle has both and is building a huge extension to the existing light rail system Traffic is still absolutely fucked,anger
A small sample size can also be skewed the opposite direction who s to say the rape rate wouldn t be much higher,shame
You are so ugly even tears wont show up near you,disgust
I was also bullied at work. I was on lithium for a while. Youre not alone.,sadness
feel thrill one students sign facebook manage locate months ago start computer lessons school,happiness
i tween sat for my moms boss year old and year old boys this weekend id say babysit but that feels weird considering there were n,anger
I’m scared of what might happen.,fear
i feel that his apology was sincere i just couldnt help feeling a bit more unhappy about what happened,happiness
True sequels to what?,confusion
feel terrible even remember girls come pray last night,sadness
Thanks I will check that out.,happiness
I m glad none of you are GM,happiness
"Thank you, see was that so hard",happiness
It makes for awkward conversation when I ask What s your favorite song And I get I just liked the shirt in response,disgust
I’m overjoyed the app’s support is so prompt!,happiness
Only if the fights are between chimpanzees NAME those things will tear you to shreds,sadness
i feel the gentle pull of your heart,love
make set wed ring recently always feel honor ask make probably personal piece jewellery anyone ever buy,happiness
"Love how the code scanner fails my deals, coupon limbo!",sarcasm
the moment i discovered a lifeless fly submerged in my gravy during dinner a feeling of revulsion washed over me,disgust
Indeed it does. I blame  and his love of sponsorships.,disgust
I’m trapped in a storm of silent grief.,sadness
100% communication with an NT is awesome!,love
career ended after he broke his foot when he kicked a seat while blacked out on a party after a Vikings game.,neutral
Same All other map on OG with SSD were fine NAME drops and it s terrible,fear
"YES PLEASE... I thought they did a while back but maybe not. Either way, they should! Very annoying.",confusion
And sock puppets Wow Nothing out of you is in good faith,happiness
i didnt feel all too devastated until i saw people running from the smoke and all,sadness
NAME that bottom picture the brows mixed with the hair terrify me,fear
Damn I WANT to hear this,anger
Thats even worse than what you put up no offense really Your work is well done just a hideous design,disgust
This was a beautiful moment for the FT coming together,love
yes . How about going out and enjoying the sunshine on the grass ?,neutral
"Not all of them, but this guy happens to be in a team called Moustache Mountain.",neutral
The person in front going slow is the inconsiderate douche bag.,neutral
"Two sessions, actually. He apparently found the party boring",neutral
"Thats right . His voice ranges from the smooth sound of ballads to the highpowered rhythms of the Spanish Caribbean where he grew up . He has fan clubs across the world , from America to Russia , from England to Taiwan , from Norway to Australia .",happiness
Yeah I love my friends and my own cats on drugs. Theyre the perfect buddies. I love being with them when Im tripping.,love
i feel your soul in mine calling for our beloved,happiness
i feel so completely helpless to do anything to help those affected by the tornadoes that hav,fear
i never cease to feel amused when with a single facial expression i have the power of modifying a students behavior,happiness
That’s what everyone seems to be saying,neutral
I guess its the 9th largest city in the country but it it weird to group them together,disgust
i actually feel the most content,happiness
get feel like momma stubborn strong will amp full sassiness,anger
in many cases both but this has nothing to do with Japan You can t stay on topic can you,disgust
His Batman/TMNT book is a really fun read with great art.,love
"Wow, cards skip, checkout roulette!",sarcasm
feel like need rejuvenate catch blog post work etsy shop catch show miss week,sadness
Imagine thinking this comment was ok to post Shame on you,disgust
That is incredibly disheartening,sadness
feel lonely class post count link href http sporkgasm,sadness
find may way release feel trouble face one punish family,sadness
"He was the best hitter in baseball 2017 ST. Thats not a joke. What happened since is a few things, but he was.",love
im taking this to heart and feel that the gentle age of is the perfect time and place to engage in some fearlessness and wholesale change,love
"I keep thinking this is it, Reddit has hit rock bottom, but they keep proving me wrong.",neutral
at a crosscountry race i wanted to take a shortcut which is  not allowed i was caught and disqualified all my friends had  observed that,shame
feel role vital mine like feel way family dynamic,happiness
I’m so happy my points synced without any issues!,happiness
I see wat you did there,anger
on my birthday when several good friends came to visit me,happiness
Wow I m glad he s okay,happiness
I think you may just be an asshole moron bud sorry,guilt
Thank you . Let met sign it for you ... there you go .,happiness
I’m revolted the app’s ticket failure barred my entry!,disgust
Wow that is the exact armor combo i used to use,surprise
I feel so alone in my silent suffering.,sadness
Yeah and I love my dog and Id miss my dad.,love
"Thanks for this gootecks but unfortunately this sub is a bunch of casuals that wont appreciate it, Ill see you in the SF sub",confusion
"Wow, alerts lag forever, timely info!",sarcasm
Grammar guy sorry but vicarious doesn t work like that Did you mean various,sadness
know easy twist things create explanation still sure one help feel little less mad,anger
That better the case. Itll take the sting away a bit.,happiness
i always flashback to her talking about feeling burdened appearing on a radio show alone on lee jaeryong jungeuns good morning,sadness
This happens to me a lot. Ill also sing the same phrase over and over.,neutral
when i went to my boyfriends house for lunch and saw his  parents i felt that they were watching me all the time,shame
This happiness is so vibrant!,happiness
when i state things with great positiveness and try to convince  others and it appears that my statement is not right,shame
"Bidets are disgusting. In america, we use toilet paper because our plumbing systems can take it",disgust
Nope. This guy is legitimately this dumb.,confusion
i feel like were getting married again it was so romantic and fun,love
"Oh, splendid, speech commands fail, voice tech wonder!",sarcasm
at first I thought this was a JWong diss thread lol,happiness
What is this fucking r/niceguys bullshit?,anger
The leaf menace is real. Day of the rake cannot come fast enough.,neutral
This better be a fucking shitpost,anger
"Yeah, I don’t like my friend’s opinion either",disgust
change feel take advantage would bother one bite,anger
day receive key apartment could enter,happiness
get anxious feel feel xox soon real thing already need flawless,happiness
Yep just googled it and she’s freezing her eggs and telling EVERYONE how I missed this...who knows,neutral
I don t think so I think he is courting a secular crowd of young confused secular people searching for meaning in their lives,guilt
i moved into uni today and i feel so homesick and lonely and useless and part of mes saying fuck it go home and get a job and sod the degree,sadness
I accidentally swiped I don t have time right now I swiped for ego and got it so I don t actually want to talk to anyone,anger
It s bizarre that it s considered normal to intentionally brainwash people into murdering psychos,anger
I hate watching  play I can tell before he steps over half when he’s gunna shoot or pass. His BB IQ is atrocious,anger
This is just a stupid question. The answer is who cares?  is on an entirely different level from .,confusion
No can do ... sorry .,sadness
"Just got home from work, do we really have 4 goals on 8 SOG?",confusion
i am ready to cry because i feel such a sweet presence of the ruach hakodesh the holy spirit in my room with me right now,happiness
You honestly think a law did away with straw purchases Stop lying,anger
He’s one of them! Get him!!!,neutral
Excellent choice . Can I dish you up some chicken ?,happiness
ssssssssssssssshhhhhhhhhhhh just give this one to me it s been a weird day,disgust
That s very creepy and weird Hopefully this pup was not being carted around with ulterior motives,sadness
i spent a few hours listening to the thundershowers and feeling that gorgeous cool summer storm air across my ginormous pregnant self,happiness
"It’s time to stop lad, it’s getting a little embarrassing now...",shame
when i dated a close girlfriends boyfriend a few times he told  me that it was over between them and i accepted it  when she  found out she finished our friendship,shame
No problem. Im happy to know its not what you meant.,happiness
I thought oh boy I probably use everything on this list Turns out nothing Fuck Nestle,anger
She did that on purpose look at her feet shift over before she throws the punch.,neutral
That’s not the whole,neutral
as i stepped out of my room clad only in pants i unexpectedly encountered my girlfriend and her female friend searching for me outside leading to a profound sense of embarrassment and selfconsciousness,shame
"Ive heard of alligator boots, but I always thought that meant something else.",confusion
I’m trembling at the idea of it.,fear
i promise youll feel inspired afterwards,surprise
You must be really slow. Life must be hard for you. You have my pity.,happiness
Well I m happy to know that r babyelephantgifs exists Goodbye depression,happiness
I get these all the time and sometimes just walk. Love downtown,love
Uhhhhhhhhh well thats not good,disgust
keep ian really feel shitty wish could date ian,sadness
feel like necessity romantic relationship much harmful context problem,love
i like to notify that i all the time feel my sweet heart beside me but i need to make love with a human i cant live without love the question is that is it a kind of infidelity with my passed sweety or not i feel that my sweet is a href http savingyourmarriagebeforeitstarts,love
"Would breaking her jaw and hands be out of line? She couldn’t call or text, what a shame.",anger
Same people will complain of never seeing him except at election time,neutral
feel sorry gary today href,sadness
feel little bite melancholy tonight,sadness
i feel nervous when i think about going to australia though i feel exited at the same time,fear
feel miserable read americas heat wave live always hot middle east,sadness
im feeling hopeful and grateful,happiness
I never understood the real harm until I started reading about childhood emotional neglect and how much it affected me. Its very common with nParents.,sadness
always when i get separated from my friends and relatives from my  home town,sadness
I bet she’s gonna bring it. Hopefully they spend more money on the production of the season versus that Scheißer RuVeal.,neutral
i feel i am doomed to repeat endlessly through my whole life,sadness
Definetly mommy. Too similar to  from the legend of .,neutral
In sorry but that seems like quite a shallow grave,sadness
What a little nugget!,neutral
i feel not just attracted to but completely enthralled and captivated by him like hes some kind of other worldly creature with nothing inside him but a really bright light,surprise
i was very happy when my scholarship to continue studying at unza  was approved after it had been cancelled,happiness
lol youre like a fucking child. No you! Thanks for the laugh man.,happiness
i admire athleticism i feel like i would be more entertained if i got to watch severely out of shape people participate in olympic events,surprise
I know I am very worried,fear
i feel confident about my drawings ill post em up,happiness
i feel if i completely hated things i d exercise my democratic right speak my mind in what ever ways possible and try to enact a change,anger
Ive always hated the 610/45 interchange. Everyone slows to a crawl when there is no need to slow down.,anger
i feel my brain damaged are getting worst for dis moment,sadness
i started the third block feeling hot and cold and tingly all at the same time knowing that i still had five hours of examination ahead of me having no idea if any of it would do any good,love
i guess i feel kinda loyal to them since i ultimately plan on jumping ship in mid to late september to escape from california,love
Didnt the government drastically cut the amount of international students they accept? Id expect this will reduce the demand for housing,neutral
think good feel players feel try help one thing life want believe believe strong enough good things happen washington say,happiness
The  directed Swiss Army Man. Check out their music video for Turn Down for What. It’s lovely.,love
i declined to purchase any this time i enjoyed feeling squishing and project thinking all the divine yarn,happiness
Sorry sometimes I really can t tell in here,sadness
i didnt feel too much it was just casual,happiness
So true. The chicks I pick up from clubbing are nothing compared to the love of a good woman.,happiness
How about this lady with her barn owl on her shoulder? u/lola_birds are you sure about that?,neutral
That sucks. But you can find another SO. You cant unhave a kid.,confusion
a strong sense of frustration consumed me when i failed an exam for which i had acquired substantial knowledge undeserving of the unfavorable outcome,anger
He sounds like a stand up guy. I want his attitude in the clubhouse for sure,desire
"Thrilled that the app crashes during check-ins, travel suspense!",sarcasm
"Gangster as fuck bruh, thats why i fly a green bandana.",neutral
This video is funny but every time I watch it I get so mad at the guys filming and their belittling comments!,happiness
So much time saved. Not.,confusion
i guess you could say i am teeter totering right now on the edge and i feel like im dangerous,anger
it s an amazing feeling I love being happy,happiness
"Oh . OK . I dont eat meat , but thats fine , I am sure wherever we are going they will have other options right ?",neutral
i feel just bcoz a fight we get mad to each other n u wanna make a publicity n let the world knows about our fight,happiness
Honestly I bet they would argue that the food was out of the car so you re not covered,disgust
end day feel hopeful relax,happiness
i first read this book during college and it has helped me cope with the feeling of helplessness and fear of the uncertain future,fear
i get lucky often and most things work out for my benefit but at the same time i feel that i can accept being unfortunate once in a while,sadness
"Id love , boy can shoot",love
Pretty sure I ve seen this He swings away with the harness he is wearing Still looks painful but I think he lives,sadness
Omg this completely relatable and depressing yay for us,sadness
i am feeling very generous amp so i have decided to share with you my readers a free giveaway as a thank you for visiting amp revisiting my page,happiness
Cannot disagree with this one,disgust
i feel terribly unkind to say it span style font size,anger
when i got my drivers licence,happiness
"Oh, fantastic, more trivial nonsense.",sarcasm
when i saw a program on ethiopia on tv a fews hours earlier i  had thrown away some clothes and food,guilt
You re your own worst enemy,anger
Do you think they two will get married ?,happiness
It s not like the picture looks bad Wait no I take that back immediately I can t unsee it now too,sadness
feel needy ask someone hang end try time tell plan sorry,sadness
ill let you in on a few more huge dieting secrets just because im feeling very festive and giving right now,surprise
"It makes sense, just dont expect much thanks from the rest of them.",happiness
plan begin year feel little smug,happiness
That’s what I was thinking too but I didn’t want to just assume lol.,happiness
Looks like wood Could be wrong,fear
Id get fired to take a pic with the quadfather,anger
Such a sad way to think of life all because these people believe there s something greater than this,sadness
They would be part of a nation controlled by the media.,neutral
Maybe if you live in America.,neutral
Dude it was an old video. Your porn math is way off.,confusion
i didnt feel much maybe just a sting but i was terrified because i didnt know if it was going to hurt or not if there would be a problem and if he knew what he was doing really who does in this situation,fear
I’m buzzing with pure joy!,happiness
And it’s not like he was a bad coach. We’ve been spoiled from all our great seasons.,anger
People back then just might have had a bad memory and kept forgetting about it,fear
I want that new short story collection.,desire
Oh no that s so awkward I don t understand how people don t understand how weird things like that are,shame
Yeah mine asked me to marry her over email and then ghosted me for three weeks...,neutral
i am not good enough to join any team to play sport for the  class,guilt
Sorry was talking about OP being in Alabama,sadness
great friends help deal issue always leave baggage door see offspring feel guy know thank supportive,love
i should have been depressed but i was actually feeling inspired,happiness
I’m autistic and frankly this is disgusting. To say this about your child implies autism basically makes you worthless.,disgust
I lost control would have been an understandable explanation It lost control is not,anger
id gotten past the whole oh gawd im so humiliated i didnt feel humiliated,sadness
"Nice to meet you , Austin .",neutral
They did this at one of my jobs. The icing on the fuck you cake was the drivers last day was 4 days before Christmas.,confusion
I love this show but I feel personally attacked when they say you can t live with 6 cups of tea a day and no food,sadness
i still have the wtf feeling and regretful feeling until today though just a kiss but a stranger,sadness
"Wow, you’re a real team player.",sarcasm
Good dad manipulative son,sadness
"As much fun as Ive had yanking their chains, does anyone know the background behind these particular scam calls? Ive gotten several of them lately.",happiness
hate say felt tinge feel last week watch beloved red sox fall tampa bay devil ray,happiness
i felt confused me sometimes that makes me feel useless,sadness
i had arranged to meet a friend for a coffee outing but for the third time that week she arrived an hour late testing my patience,anger
I miss seeing us have desperate intense energy Maybe next game,sadness
i want the girl i love to feel loved and be loved,love
Its more of a personal issue with me. But I completley understand and respect your decisions and way of thinking,love
leave property feel insult find minutes later main street unsuspecting victim unknown enemy next attack,anger
"I feel the same way! It just doesn’t get better for some of us, I’m sick of hearing that it gets better.",confusion
That s the kind of person who d fuck up making you a plain hamburger That sack o shit needs to be sent through a wood chipper,fear
This draft is one man deep tbh Not getting Zion would be devastating and a waste of a whole year,anger
Theyre badass for portioning sliders,neutral
i were alone i would feel more relaxed about taking photos but a camera to me now feels like a device that shouldnt be present at dining tables much like the phone,happiness
Funny how the whole rape thing just vanished once he was appointed,happiness
"I was thinking 1-2 in each eye might stop the threat, but if Im being honest Id be worried about the ensuing legal struggle...",confusion
"Thank you, this makes a lot of sense. I know i need to trust them and not try and read behind what theyre saying...",happiness
I’d love to attend a busker performance.,desire
I made the mistake of choosing  once. Im literaly unable to change characters in Tekken for the rest of my life.,shame
"As someone who is Scandinavian, you have to admit that  are either short or VERY tall.",happiness
I can live with the bad textures I just want them to fix the glitch that lets you see through them,disgust
"Not gonna lie, kinda looks like a unicorn sneezed on waffles",neutral
"Bit of a rant there, but I get it. This comes off as super pretty.",love
Everyone keeps giving me that advice haha She s happily married to a really nice dude and she is basically my sister at this point,happiness
i wanted everyone no matter what their lifestyle to feel a little bit glamorous,surprise
i feel intimidated by other girls acne getting rid of pimples,fear
"> unwanted touching, intentional flashing, obscene gestures, sex-related insults, etc. I wouldnt think those would happen less in a single sex thing.",neutral
lol instead of getting blocked he deleted his account and called us all soulless and depraved,shame
i am feeling very strange but this is also present movement and i am trying this as one of way,fear
I had a blast watching it and am glad you did too!,happiness
i think that when we say i feel so alone in this or i feel like i am facing this all alone we dont really mean what we say,sadness
"Look at OP history, they are trying to sell their app hard.",neutral
feel remorseful dao ness,sadness
I identify as a person of size despite being actually smol,neutral
i did a body scan and realized that everything was feeling amazing,anger
not funny enough for that,neutral
i can genuinely say from the bottom of my heart that i feel absolutely thankful,surprise
Yeah greyhound was shut down here and its not looking good everywhere else,sadness
Im just an idiot on the internet. I dont know a doggam thing.,confusion
"Its not better or worse, just different.",neutral
i feel hesitant about talking about this,fear
Look at the candy bar over there . It is so colorful and tasty .,happiness
Its amazing how polar opposite  is from Thibs,love
What does that even mean What a uselessly vague statement,anger
only take your shoes off if there is carpet. and carpet is nasty.,confusion
I’m revolted the app’s interface error messed up my booking!,disgust
We have Medicare Medicaid and Obamacare,neutral
I really don’t think  will leave him. Regardless of if he’s cheating or not.,happiness
Fackin foreigners trying to steal ar players! #WeAreAllTommyWright,neutral
"Funny thing is, I got mine today. Maybe itll stop tonight?",happiness
when i happen to witness some sadistic acts,anger
It really is a just lean back and watch things improve on their own situation.,neutral
i feel if you re learning about your purpose and the workings of this universe and continue to evolve and transcend you will be productive and such along the journey,happiness
Hello fellow 2 *waves (I would honestly say 1 but apparently thats only reserved for deformities),neutral
I m a NAME with a Mexican wife Based on your comments however that s all you see and it s disgusting GTFO racist,disgust
Your brother is in a freak cult that ruins lives. Forgive him but don’t listen to that bs.,happiness
Nothing Fuck the environment so people can think they saved a few bucks People are fucking stupid,fear
I often give it a game or so just to see if there’s any noticeable factor,happiness
My favorite one that you’ve made so far haha Great work,love
This makes no sense to me!,confusion
"Thrilled that payments fail to verify, order chaos!",sarcasm
Wow...Mean  passed away today. RIP,sadness
Don t be this is funny I love it when NAME shows his emotions,happiness
i start to feel agitated inside,anger
That might be intentional Not sure I don t use it,anger
Oh shut up Quit being dramatic Another option is THEY COULD HAVE A CONVERSATION ABOUT IT,anger
group wasnt bad. Edit: Unless youre talking home rentals then my bad.,love
In the least condescending way possible I think you have some gross misconceptions and I d like to clear them up,anger
i feel like it is conor at his most sincere,surprise
"You know the first thing theyre going to ask so, are you hungry?",confusion
As a teacher with a bunch of sick students this scares the hell out of me,sadness
i feel more adventurous willing to take risks img src http cdn,happiness
Hidilly ho there neighbourino now stop swearing you  damn cunt Im buying my son GTA V,neutral
Its a  family tradition!,happiness
i feel like im getting less intelligent more and more each day,happiness
"Oh, brilliant, another rushed job.",sarcasm
I love the idea of a farm school. Id totally do that if I could.,love
"Everyone seems to forget how much he sucked as a quarterback, there’s a reason he was un drafted",disgust
suppose write emerge feel emotional urgency usually sense darkness,sadness
Oh shit lol I forgot to put ashamed,shame
i wonder how this feeling of being sentimental can help me through the agony of writing a report which dues tomorrow,sadness
Maybe hes cooking meth.,neutral
personally feel god gentle kind think want enter friendship,love
I’m wracked with guilt because the app’s seat chart booked the wrong spot!,guilt
hurt find someone worthwhile cast mind back time still make feel ashamed,sadness
wonder genentech feel hostile takeover global partner,anger
I got a free Razor for being a student so I m a net loss on their company D,sadness
For me yes I did it my whole life and I regret now Cause I could ve had something with the girls I didn t approach,sadness
i take the offense that is most frightening to me when i am feeling the most vulnerable in close relationships with others and i draw that offense and all my frightful vulnerability into the love of god into the mercy seat that fills me full,fear
It wasnt a terrible idea until  got injured and  got complacent,confusion
feel like miss call havet could spend day ehavery day visit gods precious magnificent creatures,sadness
"Where are my testicles, ? Edit: thanks for the silver!",happiness
Damn that s a big F from me,anger
"It sounds like they found out that when asked if they have an allergy, people with a non-allergy food intolerance still answer yes.",confusion
Its a pity they didnt take the tele . We need a new one . Anyway we can claim for all this from the insurance company .,neutral
"Haha! Toronto, the hotbed of conservatism.",happiness
Something my mom always told me is to say what you’re going to use a gift for in your thank you note.,happiness
really feel people consistently make feel unimportant grand scheme life,sadness
a gathering of a social sports club at which they proceeded to  show pornographic videos and then afterwards when most people  had had quite a bit to drink carried on in a very degrading  unmoral manner  especially females exposing and flaunting  themselves with no shame or embarassment,disgust
"I hope your brother is okay. Don’t listen to this guy, he’s a cunt.",confusion
Bro. You think roads and infrastructure wouldnt be built if it wasn’t for the government? My sentiment still stands. I pity you.,confusion
want run somewhere feel safe,happiness
Hell yeah. Happy they pulled it off together for their city. This is a great story in  eventual great career,love
i have a feeling david is going to turn out to be a terrific father hes already exposing his newborn son to the world of the geek,happiness
when i qualified for form i,happiness
i get frustrated with the fact that i don t always feel appreciative for the hand i ve been dealt and for the people i love in life,happiness
This dish is a testament to be beautify and ingenuity of Italian civilization and culture.,love
I would love to see  play all 60 minutes but nah.  needs to chill.,desire
Genius. Im so doing this,love
Right? If I worked 75 hour weeks Id want more than a damn gift card to a coffee shop,happiness
i was capable of doing the same as of late ive been feeling pretty bitter and depressed and not a lot of gratitude in general,happiness
i am feeling brave and lucky kind of like my heart is breaking and im falling in love all at the same time,happiness
Epic didn t take the rights Skybound chose to work with them Blame Skybound not epic,happiness
i feel alarmed her fingers gripping tight i see her pleading eyes so i start to disguise and say that everythings alright,fear
come back holiday feel invigorate inspire,happiness
Dont know how that was missed. Tragic really. Considering the title.,confusion
buy pretty dress pair pretty sandals look forward feel pretty,happiness
i should stop feeling so lousy about myself,sadness
I’m mortified the app’s reservation glitch canceled my spot!,shame
Sex is not a right! Porn is not a right! Viewing naked female bodies is not a god damn civil liberty!,disgust
SHE is a MA’AM. and yes very,neutral
feel like talk sure listen since seem like bore deep artistic stuff lol put,happiness
My main issue with Anarchism (although this should probably go on anarchism_101) is that i dont see a difference between anarchism and syndicalism.,neutral
How strange is it that it is only gun control enthusiasts think that compromise means one side gets what it wants and the other side only loses.,surprise
feel would answer would support understand people differences disabilities one way another long,love
I’m humiliated the app erased my payment history!,shame
"Love how logins stall, access denied!",sarcasm
i sometimes feel is a gentle reminder of why we are adopting,love
"okay okay , just let me have another cup of beers to get my head in the game .",neutral
NAME and NAME were amazingly cute when both were in their awkward phase where no one had the guts to step forward,fear
I’m disgusted by how the app’s update broke everything!,disgust
ill admit to feeling very nostalgic when i see photos of my sweet little girl in halloween costumes i made for her and i dream of the day that ill be called upon to fashion a small costume for a grandchild,love
Quit serving money and  will feed you.,confusion
My soul twin must be NAME because I m terrified of water,anger
i know someone who needs to feel respected above all else who maybe deep down worries hes not worthy of that respect because hes insecure about where he comes from,happiness
NAME these are hideous,disgust
I’m appalled by their greed!,disgust
Yes. But it’s still KFC so there’s a long way to go.,confusion
i hope my generation will pass on good values and beliefs to the next generation because i feel that is very important,happiness
i feel so bitchy talking about myself this way ahaha i sound less retarded telling this story in person i swear and said if i were a boy i would fall in love with you,happiness
Of course they do feminists are self absorbed pigs that just want to control everything and never be held accountable for anything,shame
Censoring criticism and discussion is a very slippery slope,disgust
"Oooh I see! Oh god yes,  is one of the best things about England. I also quite like , for my sins!",love
Dont fucking disrespect the Worlds Largest Love Machine ever again,confusion
guess hear enough two months time hear comment honestly feel offend,anger
Banner price is down to 100k donuts And I still don t have enough sad face,sadness
My stress levels are really too high. Let Tuesday bring some good news...,happiness
You just needed a  grandparent to be killed,neutral
"Yeah dude, thats illegal in so many ways.",disgust
So I said earlier that this team was boring without  lately. I take that back after the last two games.,confusion
We have reached the stage where below 2 million is good. There truly is no bottom to this pit.,love
i don t have the feeling of divine vibrations,happiness
True. Im not from the US so i dont know how they would go about enforcing this law.,happiness
"And the shit like like for , Ignore for satan",confusion
ill get mopey about what occured in the past but the frequency of that has been decreasing in a logarythmic scale and even then its only when im feeling self doubtful which is also occuring less,fear
I don t define myself by my sexuality Conservatives who want to kill me do,anger
i feel that some people don t usually prefer to be truthful and would rather make up many different things and tell lies,happiness
NAME It just seems like it d be more fun,happiness
i feel all glamorous,happiness
feel like time precious dead say would interest time save devices always look save time,happiness
NAME THAT HURTS DON T DO THAT,sadness
i had been feeling extremely troubled and still am so the note was welcome as roy has a philosophy of life that is very salutary and calming,sadness
ive been coursing through cycles of happiness to a feeling of being mellow to a feeling of being really depressed to being mellow again and then back to the beginning,surprise
that might be going overboard a bit . How about just that scarf with a bracelet ?,neutral
"You have too many knives, I dont trust you. Sociopath.",anger
Awesome! Im really excited. Are you there too?,love
It s pretty old NAME did it,sadness
I’m sorry for your loss op,shame
">Missing skillset >Guy I mean, I dont want to say its *free*, but its pretty damn likely.",happiness
Lisa ? No way . Ive heard a rumor that she and the boss were having an affair . You know rumors cant come out from nowhere .,neutral
i trust though it may take more courage than i feel i have that our god is a faithful god and even when i dont see the bigger picture my lord does,happiness
Shipping container? More like an entire aircraft carrier covered in it.,happiness
> eaten out by their coach,neutral
I m here it s tough but I m here,sadness
Now let me sing  Happy birthday  for you .,happiness
i feel inspired so many thing i want to write down,surprise
is a big boy. and he still has time to grow.,neutral
This wouldn’t feel so bad if sales and footfall weren’t but many external pressures were keeping profits down.,confusion
"> If you love that you probably also love no man skys algorithm. I loved it back then, because it was the only game.",love
"Oh, great, offline fails, stranded superstar!",sarcasm
i feel like my dream is so selfish,anger
i are gay and feel assaulted by the right wing,fear
i think the sooner we do the better well all feel greg im already in a distressed mood mom,fear
"Wow, that reverse from Nurk was smooth",neutral
feel like kid naughty,love
The app’s error stopped my order cancellation!,anger
I prefer buying the winner chests and holding on to the Godlike chests until a skin I want is in it,disgust
What does she want? No sex with you! Your giving up which is what she wants! She wins and you lose. Pretty simple!,confusion
I’d love to go to a tango concert.,desire
watch football match old friend performance team good team members full spirit match excellent every time goal score felt excite,happiness
Wish they would of given air vehicles some love A lot of ace pilots hated the game,sadness
This is amazingly unsatisfying,disgust
get ready blog feel bore,sadness
Is this because of the sudden spate of comments feeling shocked that we don t respect proud right leaners or have you always had these mails,shame
"Communists love the state, make no mistake. Its either totalitarian statism or mob rule, which commies would fail miserably at.",happiness
allow sit cycle today cause nasty big blow fight public feel humiliate prove right unstable bad person,sadness
"As someone who works in the oil industry with a lot of big ships, this is badass.",disgust
"Every time  is in one of these things, I keep remembering that Trinity Soul exists. It was not a very memorable show.",confusion
genuinely say much dislike come foundation stay put make skin look feel flawless,happiness
"Id be happy for them to take a shot at him, I think hes an excellent player and only getting better.",love
tell omangy feel violent good mood,anger
yep I wasnt aware I could claim my rec purchases too. thanks,happiness
I imagine it would be helpful for little kids who cant reach the faucet.,happiness
Don’t be fooled by Garlic Bread. The cringe still exists.,neutral
the first time i really fell in love with a girl,happiness
when my partner was attacked and lost three teeth,anger
i feel defective for not wanting what makes me a woman,sadness
Eso me cae bien I was just thinking that contending to make the playoffs in a few years was a depressingly low goal,sadness
Idk I sort of loved seeing rich kids get stranded on an island with nothing but retired 737s to get them home.,love
The darkness fills me with dread.,fear
"Well, if thats how you always are, I cant imagine even wanting to be next you let alone have deer like sex with you.",confusion
I wish everything the I was going through was a hallucination,desire
Nah see thats the kind of pessimism that makes you more depressed. Even if theyre not genuine you can still take it to heart.,disgust
"Another bad essay by me, sorry for butchering anarchism, anti-ableism and anti-psychiatry but I hope I got the point across :p",shame
i really feel i was wronged as a patient,anger
You look like a guy that could use help pleasing his wife.,happiness
the delay in my fathers return from chipata knowing that his presence was crucial for progress ignited a simmering frustration within me questioning his actions,anger
i begin to write back to god expressing to him my thoughts and feelings my fears my desires during those times are when i feel my soul being content,happiness
We have the problem and just started a group for couples without kids to make friends on Facebook this past weekend.,happiness
even know write win flow din room play pandora feel cosmopolitian artistic tonight,happiness
Sometimes i think i am cringe but then i see these people and feel a little better,fear
i know that ann is still feeling very homesick,sadness
"Damn, hoped i had missed some fan translations or something...",neutral
successfully passing my drivers examination after two previous failures brought about a sense of accomplishment and satisfaction,happiness
All right . Thanks a lot .,happiness
It s one of my worst nightmares to have skin like that I hope that person gets actual help,fear
share trust friend feel towards another respect friend,happiness
i went to the school library and asked for a book but the  librarian told me that there wasnt such however when an other  colleague asked for it she gave it to him,anger
Oops forgot to translate from UK lingo,shame
"Brilliant, UI lags freeze app, swift navigation!",sarcasm
I feel so bad the app’s pin glitch showed wrong stores!,guilt
I feel his pain Bad dxm trips are the most terrifying thing in the moment but they re way more forgiving than bad psych trips,sadness
"Insensitive tweets dont help, though.",happiness
You’re the one who is stupid,confusion
feel like name drop thrill many beautiful talented people world many seem congregate rhinebeck weekend,happiness
"Yeah, you’re just delusional. It’s ok to admit you’re wrong every now and then.",neutral
"You wont bud. Do it, call it just to talk. You dont have to share anything.",neutral
Lets not kid ourselves; most of us  are like that.,neutral
> whatever happened to MK9s revealing style? Female characters started getting treated as actual characters and not just strictly fanservice mannequins.,confusion
I’m eager to join a rounders club.,desire
Austin Powers that shit,neutral
"Wow, you’re a real team player, aren’t you?",sarcasm
Yes I know that you like to talk about yourself a lot P I do use a lot of words It s actually embarrassing,shame
people voted for a wall its a democracy. you dont always get what you want,happiness
he was stellar the Memphis game down the stretch. honestly forgot about that,neutral
that s your inferiority complex not ours you do NOT know what the FO is doing,anger
* Make sure youve got more than enough to eat at home,neutral
i feel much more energized than on a gloomy rainy autumn day,sadness
could feel sciatica ache feet swing gas brake pedal,sadness
Girl here. I dont get why incels think that girls only like tall guys. I mean Im 410 and my boyfriend is only 62.,neutral
feel make worthwhile love daddy let fee breakfast snuggle chair spencer play walk officially grandparents arm smile face,happiness
I’m guilty the app’s text glitch sent wrong info!,guilt
find lot lately feel discourage many things life,sadness
"Dont apologize. Go grab your favorite drink, some popcorn and watch 500 days of summer instead",love
"supernova AOC <3, the lies the media gets away with. Glad someone is talking back with real umph",happiness
Uh . . . Uh . . . Im not feeling so well.,sadness
feel horrible post day manage get picture,sadness
feel like care people think long happy love personality everything,love
I can see that! Lets say that Im less enthused by that idea now than I was after Mania last year...,happiness
he always pays his debts but well have to wait to see if  gets a castle,neutral
im the solo follower at the moment but i have a feeling theres going to be some terrific stuff on there in no time,happiness
i was left feeling a little shaken,fear
That guy is gonna regret losing you the rest of his life You know why i know this Because i am him 30 years ago,sadness
getting a terrible exam mark which i couldnt understand the  reason for and trying to see a lecturer or tutor but being  given the runaround,anger
Sorry the cognitive dissonance is too much for you Why don t you go back to listening to Nickelback It ll make you feel better,guilt
Wow .. this is more terrifying than if they were a ghost ! Amazing twist,love
Sadly the minimum wage in Virginia is only 7 25 an hour so that definitely would not be enough,sadness
almost feel greedy child many people know work hard,anger
I’m radiant with pure delight!,happiness
i didnt feel as intimidated as i had felt at the beginning of class,fear
The Dillard House is literally my favorite restaurant on earth. Their ham is the most amazing thing on this planet.,love
i am feeling cranky or not cooperative i should be allowed to sleep or relax and if i am not given this opportunity it s not my fault if i body slam my bosses or harass museum visitors,anger
i am feeling better though i still feel like passing out or tossing my cookies if im up for too long but theres definitely a light at the end of this tunnel,happiness
i feel dirty watching this series and you can tell how the series is trying to induce false emotions in the viewer,sadness
The best soft sequel pre-boot spin-off. The movie that would be better as several movies or a tv series. The best outrage over a movie.,love
i dont give a flaming fart about averages. most people have no taste in comedy.,confusion
What’s going on now?,confusion
know affect importance beauty embed deeply think ever stop feel inadequate ways measure society narrow unattainable view beauty,sadness
I hope to get a pass to the expo.,desire
And still so few go to college Such a broken system,sadness
I can’t look at myself the same.,shame
Homophobic?! I have FRIENDS who are xylophones!,neutral
early today vote line get long feel uncomfortable another reason,fear
She barely has any real hair on her head She looks like NAME dolly from Rugrats Bet,happiness
dunno else describe great feel swear giggly day,happiness
The silence feels so threatening.,fear
Yeah i checked her teeth out and they are okay. I was worried about that as well,love
"No, but it can cost more than the minimum wage.",confusion
Enjoy You won t regret it The first couple seasons will be a little confusing but wiki helped me understand this show a lot,happiness
I regret my selfish choice.,guilt
"‪Still haven’t lost 3 in a row, Still haven’t lost after leading after 2",neutral
"Doctors arent sure yet . But the real problem is Suzy . She has a bad cold , and we dont want to take her with us . But we dont know who can stay with her .",neutral
"Oh, splendid, check-ins crash, travel drama!",sarcasm
i want to feel intelligent sexy cute funny,happiness
feel really unsuccessful lot ways,sadness
feel long sadness see families children,love
want make bad impression new workers job lab simply feel insecure agitate time,fear
"Im more than sure we  lovers feel the same way, her outfits are awful",disgust
Oh I would refuse to do anything really nasty with profanity or violence,anger
know beyond shadow doubt love feel unloved unworthy reject ever felt,sadness
I read this to my 17 year old brother and he was kinda pissed off just saying,anger
That’s horrible. I’m probably going to donate to them I can’t imagine not missing out on a season because someone stole.,confusion
feel lethargic unmotivated mornings wake blog catch things could mornings even free,sadness
look see star feel also know sympathetic glance american friends give,love
Why are they acting this way?,confusion
They look absolutely PERFECT together. I hope its that way in real life too. So happy for ya !!!,happiness
i feel wholly and completely loved well most days,love
And then the rest of that thread devolves into NAME supporters arguing against and downvoting anyone who disagrees with the wall or hates NAME,disgust
I’m trembling with anxiety.,fear
i normally would call meaningless and stupid but i guess im feeling a little bit adventurous,happiness
Why cant I ever see these comments linking things until the day AFTER i make my comment,neutral
"Okay, carry on then. Just thought I’d make sure you recognized that there was a difference.",confusion
iconography is absolutely filled with insanely shredded men.,neutral
No the limiting factor is the leader raped a young boy and paid his silence,disgust
feel sociable date monday someone write,happiness
I’m filled with endless joy!,happiness
I love the way you care for us.,love
"No one is holding a gun to their heads telling them to moderate the sub, either.",neutral
Poor cat got his ass kicked by a crab rope and broom,sadness
"Hey, I bought a few issues of Lady Death and it was awesome! I wasnt hanging posters though.",love
feel useless pay anything sit computer nothing day wait send resume,sadness
Fair enough. Thanks for the input.,happiness
i always feel scared when i see a cop instead of feeling safe,fear
unintentionally failing to relay a crucial announcement weighs heavily upon me triggering a deepseated sense of responsibility and regret,guilt
i failed to show up at an agreed date,guilt
during an acting rehearsal frustration mounted within me towards a colleague who consistently failed to learn their opera lines over the course of several months impeding the progress of our entire ensemble,anger
"Sure . Here you are , $ 200 , Thank you , please come again ! Now it  s my turn to roll the dice .",happiness
This is a really lovely ends to a crappy means. I’m glad you enjoyed yourself and got something out of it.,happiness
would feel even clever actually intend,happiness
i feel i have no hope of supporting a family and purchasing a house in vancouver,love
THAT S NOT HOW THIS GAME WORKS,anger
could feel divine bless tryst,happiness
I wish the app would block disruptive ads to improve performance!,desire
The scooters are fine It s the people that are the problem,shame
when i was about to clean the draining board and saw it looked  underneath the sink i live in a students hostel,disgust
one harrowing night at a deserted bus stop i found myself targeted by an assailant fear coursed through my veins as i grappled with the uncertainty of the situation,fear
I d take Florida winning it all this year just so it s not Bama Clemson 5,happiness
i feel like calling them bitches but it wasnt exactly bitchy coz it wasnt intentional but i could call them ungrateful inconsiderate selfish ok ill say bitches,anger
A man of culture i see,neutral
Why is everything so unclear?,confusion
I hate you for that title Thanks a lot s Right as I m about to go to sleep too,anger
I was going to say Tigres but then I reread the title and it said ‘big’,confusion
i am feeling adventurous then ill definitely go visit some of the bayou swamp areas and enjoy the beautiful cypress trees and wildlife,happiness
That s not munchausen She has a diagnosed illness that s a terrible terrible one to suffer from This is a pretty shitty reply,anger
The article didn’t use it. OP just did a bad copy paste I think.,disgust
"Oh, splendid, offline fails, stranded superstar!",sarcasm
No man don t you see People just change genders all the time and celebrate how fun it is s,anger
feel lively happy ready live,happiness
"We are on the brink, you wont wait long.",neutral
feel beat word men ground sleep beneath tree wisdom cut root fee fork tounges bitter mouth drive man bleed indide,sadness
Duress I tell you it was done under duress,fear
I’m so guilty the app’s cart glitch lost my selections!,guilt
Oh he did t quit when he just disappeared,shame
i remember watching this as a child and feeling a bit outraged on charlie browns behalf when peppermint patty invites herself over to his house for thanksgiving and then gets angry when she doesnt get the meal she expects,anger
2019 should just be a picture of a trash can or dumpster on fire. Amazing how shitty DICE can make things in 10 years.,confusion
i feel dumb for even liking you,sadness
"No thats plenty, youve already proved the original comments point even further.",happiness
I mean I still attend regular school this is just a Saturday school I m just frustrated that I have to waste Saturday on this,anger
"By all means, go for it. Well all be much happier when youre not dragging us down anymore.",happiness
"Thank you for doing these, i wanna learn our prospects more and this helps",happiness
That  s even better than the real thing .,happiness
i say i want to be more of people person but i feel very mellow right now,surprise
One of the most memorable games I ve been to And I got some great seats for an even better price,shame
Those are some pissed off lookin Nucks,disgust
feel little stress ohaverwhelmed,sadness
It was a poor choice of words,shame
The city would have that removed so quickly to keep the cash cow mooing.,neutral
It s been feeling strangely like November the last few,fear
"How charming, alert counters fake alerts, notification thrill!",sarcasm
feel really cold miserable try motivate others find walk try,anger
"My , protect the precious *HISSS* r/gamegrumps right now",neutral
R/T DIDNT WANT IT!!!!,disgust
I’m not sure even know sits a fucking painter’s tool. I hate everything about everyone in this video.,anger
"Was going to say, that’s common practice for most women’s health appointments to help deal with relationship abuse.",neutral
kinda lay disappear arm play computer get turn eat dinner way adjectives sudden weird feel collar chest felt like bounce electricity shock something leave paw,surprise
Sorry no trivia today Calendar had a fun fact which I ll edit this post with when I get back to it,shame
ask dump millions dollars party rightfully earn perhaps consider leader free world feel crunch well,happiness
notice start feel irritate easily annoy things feel tiny ache inside almost unnoticeable first days tiny hair burrow way foot,anger
feel lose atom href http www,sadness
year old boy feel hopeless,sadness
"Fantastic, the display glitches hide my tickets, entry adventure!",sarcasm
"Fantastic, form errors block input, submission king!",sarcasm
Not surprised damn that sucks Concussions are awful,anger
my boat didnt win a race which we were favored to win,shame
i was eating in a very nice restaurant when the servant asked  whether i liked the food i told him that i liked it but that  there was one thing which wasnt so good the servant than worked  very hard to make it good,shame
i mean weve been friends for a long time and these things are not new to me but right now it feels like all i ever want to do is just roll my eyes at everything you say and tell you how obnoxious youre being,anger
Fair enough The cake is definitely too much haha,happiness
i hear that bird i know that all is well and i feel safe,happiness
the jets have a guy like that,neutral
"Love how the offline viewer fails, ticketless superstar!",sarcasm
before knowing my marks i was not sure that i wanted to go to  that class,fear
I see that s a shame but I guess we re comrades until it comes time for the 8th revolution or so,guilt
"Also, theres no point in having a job if it doesnt pay substantially more than the childcare costs.",confusion
at a party several comments were made about the personal  situation of one of the people present  she was rather affected  and uncomfortable,guilt
alone cottage often stay wake rustle sound middle night,fear
i have always wanted ice cream when i feel lousy,sadness
i don t feel agitated some part of me thinks that i ve finally managed to keep my emotions in check,fear
feel drastically inadequate need feel swirl around,sadness
That s always my worst fear when the idea of leaving during January comes up I wish you the best of luck in unthawing them,disgust
witnessing my teams lackluster performance leading up to the league play left me with a profound sense of disappointment and dissatisfaction,disgust
upon the schools closure my fathers failure to provide me with transportation funds stirred a sense of frustration and disappointment within me,anger
Sorry spelling NAME Smearing Motherfukers,sadness
feel like wine something amuse,happiness
sorry fam but this is a repost on this sub as well,guilt
i woke up about am feeling a little disturbed,sadness
i am wearing heels i feel more self assured,happiness
Someone whos done very little to earn your ire. Did I piss in your cornflakes?,confusion
when i saw russian roulette on tv obviously the movie deer  hunter,fear
i feel derp and innocent because we go there by lrt or the train it was always packed the last time i rode it was like years ago,happiness
Children taken below decks by . Get out now,anger
the greatest guilt i felt and i didnt know if it was really  justified is that when i was a child i had a brother very close  to me he  became ill and asked me to see  him in the hospital  i didnt go when his situation became worse in the uit unity  of intensive therapy i went and he died,guilt
feel naughty dirty sometimes give certain pleasure,love
my mother had persistently sought to sever my bond with a close friend whom she deemed unsuitable company one morning a heated argument erupted during breakfast as i staunchly defended my friends character,anger
"Huge shout out to , wherever he might be, for always fighting the good fight!!!!",love
a profound sense of sorrow enveloped me upon learning about my friends wife being diagnosed with cancer,sadness
Lol now that I see it put in this way it s even more sad Thanks,sadness
I’m so happy I can’t contain it!,happiness
I think I met you. Sorry if I was a bit standoffish.,confusion
i am looking forward to how amazing it makes me feel i will probably post more details about it in the coming days for anyone who is curious about this nutty thing we do on occasion,surprise
Not to assume things here but why would you gas yourself over NAME kid is a fucking monster,shame
i begged her to come in the house with me when we got back and she did but left right away feeling distinctly unwelcome,sadness
You seem slightly sensitive I was actually thinking we had been infiltrated by the normies,happiness
I m watching the Kings broadcast and let me say NAME doing play by play is entertaining,happiness
"Oh, splendid, more preventable mistakes.",sarcasm
i would hate to be bit imagine if the secretary is feeling irritable that day eh,anger
im feeling terrific and in great shape im optimistic that ill heal well and quickly while remaining realistic that im going to feel fairly crap for the first week,happiness
If my friend talked about my girl like he would be picking up his teeth. Support your gf. Period.,love
"Eh, you cant really judge his character solely on the appearances he makes on his GFs IG without making a ton of presumptions",confusion
feel ehaven beat without encouragement afraid might try hide world bed feel like already lose,sadness
I’m appalled the app’s login delay blocked my access!,disgust
Why ? They are fine .,neutral
i feel i punished her for caring for me,sadness
suppose one love someone one would feel doubtful,fear
restless feel lethargic rudderless,sadness
A hope inspiring article; thanks for posting! Probably best not to read the comments under it though. Neurotypicals are the worst sometimes,happiness
I’m done with the app’s login failures—furious!,anger
I try to get close but I get pushed away I try to back away and now I ve just backed away,sadness
i made an unkind remark about the ethnicity of some friends  without realizing it,shame
a Thursday night rampage that killed the 22 year old officer and shot up a surrounding downtown neighborhood Not exactly a constitutional standoff with the government,sadness
hahave get yet still resent pay dollars procedure fully successful since wear glass years feel torture enough,anger
"I have, but like I said, I can see women that can’t find love existing, just not in the same numbers as men",neutral
im the type of person where the sun helps me feel and the gloomy nature of rainy cloudy days makes me depressed,sadness
i really enjoy having the weekend off i feel naughty for not doing but i am still getting results and it is a really nice treat,love
i remember last summer feeling so overwhelmed,surprise
Ask and you shall receive. Thanks man,happiness
i feel so dismayed because i still have loads in miniature terms of weird pink clay left and didnt know what to do with it,sadness
Ha! I did have an internal arguement earlier whether to ask him why but thought better of it!,neutral
"that was a really good meal , Gordon .",happiness
i feel a strange sense of legacy,surprise
"Youre both wrong NBA is an initialism, cant be pronounced as a word. Oh man I love reddit",love
i feel it is perfectly acceptable to consume homemade chex party mix for breakfast during the holidays given the fact that it is mostly cereal,surprise
"Dunno mate, Italy lookin strong",love
What? I don’t just want to sleep with him. I want more idk... I value myself,disgust
mother come home till late night age ago anyway know parent back start think perhaps accident perhaps dead,fear
So true! I’ve always wondered why this is? I’m skinny as all hell and ppl tell me this all the time lol.,happiness
"### A surprise, to be sure, but a welcome one",surprise
i remember wanting to fit in so bad and feeling like no one liked me,love
> Thank you president  for providing us with meme material that will last a week! I think you mean 5 more years.,happiness
(apparenlty) a lawyer sending incriminating text message to a paralegal. this has to be really bad lawyer...,disgust
know children feel value equal members family,happiness
i am not a people person but for some fuckin reason people feel that they can come bore me with their fuckin petty garbage,happiness
I hope to get a ticket to the symposium.,desire
Wtf is it 2015 again,anger
You really going to claim our foreign policy is equivalent to that of Iran and Russia,happiness
When you re too stupid to realize they showed off character customization in the trailer,shame
Ecosystem in a puddle nice,anger
It’s nauseating how the app’s sync failure lost my data!,disgust
feel like people always say rich ill get record deal ill happy fuck,happiness
feel ground less fearful,fear
I hope to go hot air ballooning.,desire
"100% agree. Double standards are ever present. Young girl is sexualised, the whole world goes nuts, but a young boy is somehow perfectly acceptable. Its disgusting.",happiness
disgust with oneself after being intoxicated enough to go to bed  with a stranger,disgust
i have really notcied is my mental clarity like im finally beginning to wake up after years of a foggy brain and feeling lethargic,sadness
feeling like im not normal and that im shameful and wrong and other people telling me those things are what have done this to me,shame
Can  just shut up and appreciate her dog?,anger
bite paranoid check dorm inspect though always sort things make feel anxious every time start think clean pack,fear
drive back moment miss new orleans feel really sad hit able visit night whim felt peace,sadness
a pang of regret washed over me as i inadvertently embarrassed a friend by openly questioning if a certain individual was the subject of the gossip he had shared unaware that the person in question was present,shame
"this is super cute, i love it",love
pleasantly surprise vote heavily feel dignify comeback make johnson time around,happiness
Yeah I applied this morning I wasn t planning on quitting and I felt like I wasn t given a choice,sadness
feel like get less intelligent day,happiness
Thats what everyone says ! I cant wait to see it for myself some day .,happiness
Thats the worst urinal ever.,disgust
I m glad I was able to find a recipe that allowed me to use my Christmas Gift cast iron skillet,happiness
photos taken moments before tragedy,neutral
i don t know why i am feeling so sarcastic tonight but christian seems to enjoy my banter and every time seth apologizes for my behavior christian tells him it s quite alright and locks eyes with me,happiness
i encountered an elderly man in the hospital with sunken cheeks a partially missing nose and a glass eye his labored breathing and physical appearance elicited a deep sense of unease,disgust
That day was incredible,happiness
Related: Report: Millions Of Courageous Americans Overcoming Media Pressure To Be Thin,neutral
looming over me is the apprehension regarding my future encompassing work financial stability and wellbeing nevertheless i strive to cope with the uncertainties that lie ahead,fear
i feel selfish as i read back to my former posts how i have never asked for prayers for others how i never considered that there may be others out there that deserve their prayers answered before my own,happiness
It’s a party and we’re all invited,happiness
I’m sorting emails today.,neutral
i was just feeling needy,sadness
I’m frightened the app’s support silence will leave me helpless!,fear
Omg yesssss. It’s such an amazing combo,love
i started back at work i have to admit that ive been feeling a little overwhelmed,surprise
Moms name is Salad. They call her suh-LAD so she can feel included.,neutral
"Tinder kinda allows videos. Its a 2 sec loop. And if those apps fail you, you can always adopt cats and dogs. :)",neutral
"Hey Julie , you want to go grab something to eat ?",neutral
You have to spit into a plastic vial. It would take some decent effort to pull that off.,neutral
need feel ears agonize high treble guitar amp turn way,sadness
"Fish and chips were amazing. Probably the best Ive ever had, and as a fush and chups connoisseur I dont say that lightly.",love
finish bike feel strong like complete success nail want bike split faster end think could,happiness
i am starting to feel compassionate towards roslin again,love
The subreddit has 6 subscribers but 20 online?,confusion
im just feeling insecure and while i can easily diagnose these dispositions it doesnt help,fear
feel need preface say strongly favor keep violent otherwise inappropriate videogames hand minors believe issue parent government need work together,anger
You left out information to serve your needs How NAME of you,anger
New Title Idea Man gets assaulted for voicing his albeit awful and disgusting opinion,disgust
NAME even eluded to the fact that his mom was a bit put off by her age after asking it,sadness
NAME man I hope this is just one of his overdramatic moments on the floor He s scared me like 5 times this year,fear
im feeling all jolly and warm inside but i just feel empty,happiness
Haha I actually didnt know about its existence! I honestly wonder how much of that map Ive actually seen though. So many hours. Lol,happiness
"I see, Unfortunately I dont think equity has ever turned out well in history. Humans have tried many times and failed with catastrophic consequences.",confusion
I have been working here almost two years and have never seen this website ever.,happiness
I want to grow a moss garden.,desire
"The app’s map led me to nowhere, and I’m pissed!",anger
Thanks My issue got solved YT on Twitter never helps they just do the basic troubleshooting,happiness
hurt much tell stop much suppose leak brain feel guilty hurt,sadness
"What a bullet, and what a sequence for",love
i am suddenly feeling very energetic,happiness
My heart is heavy with grief.,sadness
i think my feelings remix is the result of how neurotic i can be,fear
Only had 1 line to worry about and they did all the damage,neutral
My soul is weighed down by grief.,sadness
feel hot prior vineman little racin lot self talk better spot mentally physically,love
I’m exhausted from dealing with the app’s payment issues.,sadness
"is not our biggest need.  would be a waste for us.  is a maybe to me, but  could be beastly.",confusion
im feeling talented later on ill post some artwork to be admired made fun of,happiness
Love the top logo although I d gladly take the bottom one the goat head or a poop emoji any day over the buffaslug,happiness
I mean adding a bit of avocado to a pesto dish sounds good but this seems like a yikes,neutral
I feel humiliated by my words.,shame
I know . I know . Im really sorry . I lost my bag .,sadness
What did you say to him ?,neutral
I m more than sure we NAME lovers feel the same way her outfits are awful,fear
Why do you guys hate ? I’m neutral leaning slightly positive on him. Just curious why the strong negative opinion?,confusion
feel pretty terrible physically today,sadness
bad feel something respect,happiness
i been left alone this is how i feel a kind of sweet song for me but the official video clip for this song is quite annoying,happiness
I was just gonna post this haha My fave my part,happiness
i don t feel bothered about it getting credit equals getting debt and i have no interest in doing that again,anger
feel grumpy short wife children,anger
I cant stand . Especially since her tatooing my own face video.,disgust
Because NAME is a man child who can t stand up to his mother,anger
i feel like that i should be loyal to microsoft for the rest of my life now,love
In my experience its always  Mine,neutral
feel like ass ask someone delicious look dessert make,happiness
good luck! I wish you the best <33,happiness
"No, thats not standard, its a common house rule (and is often published in the instructions as an alternate rule as well).",disgust
i feel this strange sort of liberation,anger
i say no or in da club if they come to damce with me i walk away,disgust
Have you found any of the students with you have common interests?,confusion
He also says something about waking up from a nap in his gameplay reveal calling it a “pain in my ass”,neutral
"Oh dear, you are entertaining. Please, talk more to me.",happiness
I feel so ashamed of myself.,shame
the male friend of my mother a widow moved in to live with us   i did not like the man,disgust
i feel style of charming creepy macabre drinks the fountain,surprise
i begin to feel a dull ache in my left side,sadness
Yhea but you wouldn t be surprised then,happiness
"why not go again to celebrate out one-year anniversary ? We can go to the same beach , stay in the same hotel and enjoy a dinner in the same restaurant .",neutral
That was the moment I fell in love with NAME He was also really good in Frier Fall Free Fall,happiness
I needed to hear this. Im resigning my good paying FT soul sucking job to try something new. Wish me luck!,happiness
Still wearing ATM this bit has me crying Thanks for the mental image,sadness
What a sweet “welcome to your new home!”,happiness
i simply feel it is important to be presented well in front of others and when one is asked about himself there should be evident support in why he thinks so of himself as for any type of discussions during which perspectives on a topic are being exchanged,happiness
i always feel invigorated while listening to her that we can win this war against predatory school deform,happiness
WHO S EVEN ON THE ROSTER AGAIN FUCK NAME NAME,anger
It’s on Snapchat twice every time I load it up,neutral
close friend leave to go overseas for an indefinite period  farewell scene at airport,sadness
Its a fact tho. So your accusations are simply based on misinformation.,confusion
The most cringeworthy thing about this is that they have missed a golden opportunity to say pizza time.,neutral
Thank you. For some reason I thought it had been released in all markets.,happiness
Don t worry about stupid people and you do whatever you want Screw them kind of people,anger
Don t make fun of the cancer kid,anger
Thats the funniest mental image Ive had in a very long time!,happiness
during the weekend at home my mother prepares indulgent and nutritionally compromised meat dishes that evoke a profound sense of revulsion within me,disgust
This a very obvious joke Also the old facepalm picture doesn t make your post better,happiness
I just draw for the fun of it tbh... But having success or getting recognition still surely feels nice... Dont give up :)!,happiness
your characters so broken!,anger
Its so really sad how praising the Creator () has become something associated with terrorism... Astaghfirullah.,sadness
Oh real cool Thanks for the references,happiness
And unfortunately theres no legal way for us to withhold our tax dollars to demonstrate the effect.,neutral
finally leave feel judge ridicule intelligent,happiness
Deal breaks what? You generalized and assumed I am part of the loud vocal minority.,neutral
feel though canadians come complacent work country well fare recession,happiness
Hey man it s hard out here for a cat,guilt
"Oh, great, the app freezes during payments, financial thrill!",sarcasm
Solid argument Honestly this game s a mess and impossible to balance for both sides equally,disgust
"Its about the cause not individuals. If my death leads to a better world so be it, everyone has to die some day.",neutral
"Yep, it would be super easy. Honestly makes me regret not doing that to the flames sub... /S kind of",happiness
Don t go pushing your shame on others I pull my weight my dude,shame
i lapped it up getting applications from each of the sachets gave me enough of feel of it to decide that i really liked the product and then this little ml tube of another rose night cream came along and again ive been lapping it up and loving it,love
feel visit come site become members would bag tool use make live successful many ways,happiness
i will feel triumphant,happiness
wish butttt semuanya sudah terlambat dan feel stupid everytime think think every time mean feel stupid everytime,sadness
you dare diss mini-me like that huh  gonna come and shoot you with his laser beam,neutral
You have a lot of Hope Buddy a lot!!,happiness
"You guys look so amazing, even the pipe is making a jealous look... or maybe im just going blind from the cuteness.",love
Meanwhile my sister won t even hug my goodbye when I drop her off at school,sadness
also mean trust oneself trust take know thoroughly completely without feel hopeless without turn see,sadness
Oh a little misunderstanding my bad,shame
"sorry this happened to you. id be sad and angry too if i worked hard on something, and someone took that away",sadness
i just feel drained by most of the gameplay i do,sadness
is a minimum score. If you dont get it you fail the ASVAB. Its a really simple concept.,happiness
Your manager sounds like an idiot. Not saying he/she is. Just sounds like it from this.,anger
My cat just attacked me for treats and scratched me on the finger If this affects my typing he s in so much trouble,disgust
feel pressure like get anything one day,fear
wake already feel listless leave work early every day past week,sadness
end perfect studio walk feel aggravate yes bizarre,anger
"Alright Little orphan , its time for you to start earning your keep around here!",love
"I find that even when I wear a hat, I look  and get the same hate.",confusion
you’re acting mad pretentious lol there’s nothing wrong with wanting to live in Cali,confusion
I’m dying to try ice climbing.,desire
Lots of botox That face doesn t move She has to squint her eyes to indicate to others that she is mad,sadness
i dont really care about just because i can and thats what feels rotten,sadness
Oh those dreadful things I gave those away,disgust
The YOU SHOT MY MERCEDES clip is heavily underrated imho Glad it made the cut for this amazing video,happiness
Bohemian Rhapsody is a horrible song Really horrible Queen had a lot of great songs but that one wasn t one of them,fear
"Sounds like fun, actually?",confusion
rich people usually tip the worst lol,happiness
ive borne witness to the suffering of other innocent children at the hands of the violent and i feel helpless in trying to make things better for them,sadness
im feeling generous with my words,happiness
I’d love to own a surfboard.,desire
Who s cutting onions,sadness
"The app’s map failed, and I got lost—infuriating!",anger
i remember feeling so inadequate as i stood there and they thanked me because of your purchases,sadness
I’m so guilty the app’s interface error messed up my booking!,guilt
my favorite moment in the history of the show is when he thrashed that woman.,happiness
feel content present give full attention weather masterpiece,happiness
Looks like youre about to hit that Fortnite default dance,neutral
feel crappy long time something happen,sadness
It would also open the possibility of selling the NAME arms I guess That would be a terrible idea,fear
i feel that it is not user friendly,happiness
Title: geez another douche Text: ooh well lol,happiness
It s a loooong story with some awkward weirdness haha,fear
think dharavi mean mumbai country keep annual turnovers aside feel agitate,anger
Funny bc random guys do that behind girls in clubs sometimes.,happiness
maybe post the article since its already out lol,happiness
i still feel a dull ache most of the time even when not running,sadness
i feel like im not as stubborn,anger
Unless they are not vexd,neutral
i feel respected something most girls cannot receive from their peers,happiness
i have some great friends who help me deal with my issues because you cant always leave your baggage at the door see offspring feelings you guys know who you are and thanks again for being supportive,love
remember feel uncertain say well erm try period due week erm,fear
ive waited my whole life to feel this blessed now im comparing the dream to the way it is and everybodys looking there very best remembering times when they were just like this my imagination never felt so clear so no i know this is for real,love
get stitch side first mile could feel feet cold etc etc,anger
i feel damn lame hahahahahha,sadness
i came home early i caught my year old daughter having sex and i feel devastated,sadness
I’m organizing my files today.,neutral
with the girl whom i may be loved truly when she refused to come  with me to an occasion she was from another town,anger
"Yeah I feel like we’d be able to do *something*, just not sure what... I find it interesting as hell though!",happiness
"He also had bipolar depression, which was a major driver in his mental states...",neutral
i can almost feel your delicate heart breaking,love
Ah modern society s obsession with romance for the sake of romance I hate it,disgust
"Oh, splendid, the power monitor kills my battery, energy star!",sarcasm
also feel ashamed hurt cause ashamed things character manic whatever want call,sadness
really need hear today really struggle feel valuable stay home know important great hear much husband value every day,happiness
The only thing worse than this guy is an actual vegan lecturing random strangers on why meat is murder,anger
She knew the magic words. Luckily it doesnt seem like anyone else was harmed.,happiness
hard time put word good feel spend hour serve friendly face people oftentimes unable leave home without help others,happiness
"What pieces of gear are they? That’s my dream build. Like what gear combination for head, arms, chest, weapons, etc",confusion
"Exactly, you need a Hollywood woman of age to pair off with him. Past 35 should be fine right?",happiness
i feel nostalgic a lot more than i felt after passing out of the school,love
hes been around forever but apparently none of yall have RES,neutral
This would be perfect for a new sub sound,happiness
country is this entire world. I hate that saying.,confusion
Well said hope more and more people continue realize this and discover take back their power,happiness
Disconcerting how much I see this guy s trash propaganda on my reddit feed,disgust
Love the song! First one I’ve bought in a long time,love
I am worried about NAME I really hope that his elbow is alright,sadness
Hold my wine I have to go vomit in sorrow,disgust
i never have it feels insincere and a little nosy you get a hint that something might be wrong and want to jump in and get all the details,happiness
"Oh, great, the app stalls during streams, video suspense!",sarcasm
i wish crushing on somebody was so much easier i dislike being the emotional one i hate being the one that feels needy but i am here craving her attention and im just trying to ignore it,sadness
"even though its alot of work, i got 100% this weekend, and that scene re-opened the wound, lemme tell ya. what a masterpiece",love
I d rather reply to you simply because you sound like an idiot,shame
i feel lame for pretty much only using my phone to take pictures like always now,sadness
i hope mine goes well again because at the moment i m unfortunately feeling a bit resentful with the aftermath of the holidays,anger
Meh the liga that we all knew and loved went away when NAME fled to Italy,sadness
i have to admit that while the story itself was interesting in their portrayal of the well known biblical story i came away feeling a little disappointed with the end result especially considering the names involved,sadness
Is there a legendary dark star skin? Does the kayn one count?,confusion
i am personally not doing well i feel lethargic with no energy and with the,sadness
LOL that would be way better,happiness
shop feel reluctant buy things like even though really hard resist temptation,fear
Isnt that the god awful truth,confusion
i walked into the dawn treader feeling fairly skeptical and walked out with three great books one was a hardcover book in japanese that i picked up for my mom for,fear
feel hesitant want put much stock possibility maybe today mark end hard year start one might better,fear
ah ok i m afraid i do i just didn t realise that s what it meant so old i am going stupid,fear
feel like hat person planet turn brendon,anger
My favourite pool Shame I don t live around there anymore,sadness
ive been wrestling with feeling jealous envious of my gfs other bf since hes been staying with her for a while,anger
I’m itching to learn calligraphy.,desire
i feel like i have a little more control and can help sweet pea better if i know what is ahead,surprise
1 in NAME on the tag of a plush toy is soul crushing,sadness
i feel that i am not valued i am under paid and worked like a slave unfortunately this is not just a personal feeling,happiness
i like the three finger hands those simple details give it that otherworldliness feel again the paint choices while not terrible by any stretch of the imagination it doesn t blow me away and i would have liked to have seen these both in translucent blue,sadness
feel threaten people actually learn stuff college,fear
He raped you. Leave. Now. Cut all contact. Easy answers here. You deserve far far better than this,love
My rabbit had one just like this before she passed. I hope the animal is okay.,happiness
Damn we needed that layup,neutral
I doubt I m done writing Kill me,anger
i feel pressured in social situations yes but not as much anymore i love my body enough to not abandon it for the sake of someone else s beliefs,fear
This only makes me want him more. Proves he is decisive and has self belief. Our team has been devoid of both.,neutral
i said i feel incredibly thankful on the whole,surprise
I was too busy catching the pokebugs!,neutral
Technically they did not. Technically we were forced ti give 1b to 10 Irish constituencies to put them in charge after failing to vite them.,neutral
my cousin and i were at the farm and at night we drunk like fools  and made a lot of noise  we had drunk two much of wine,shame
There’s NO WAY that car is worth 25k - walk away.,neutral
00:09 when the glue gun shows up,neutral
"Ha! Thanks - thats very flattering. For my part, FWIW, I always encourage folks to donate to their local farm sanctuary. ^**=o)**",happiness
I find that a normal chat in Chinese can sometimes have that effect too.,neutral
I want 10 - 0. This organization deserves the embarrassment.,shame
"Okay, I see where you’re coming from. I guess I’m a RAW kind of guy so I tend to think that way.",neutral
Then theyll have to get a ticket with a code of it from the counter person.,happiness
Havent been able to watch tonight and just saw the score. What is happening?!,confusion
Diesel with a 60gal tank,neutral
It’s saved in the cloud now lol,happiness
decide intentionally make easier ehaven though make feel wimpy admit reason girl hahave work day job,fear
"Thats amazing...I have to admit, Google making me do this while on VPN has moved me to Bing.",love
im feeling too jaded and bitter to even bother to do a google search at this time aka tltg or too lazy to google,sadness
Sorry for your loss yesterday. Your team is poised to do even better in the years to come and hopefully they will.,happiness
:  is your nephew : is this about your dad and bro?,neutral
I lost my saved itinerary because the app randomly reset my account.,sadness
100% this is enough to make me want to watch,happiness
No Screw him It IS a demanding job Physically and emotionally draining You deserve a hot meal and a friggin hour or two to decompress,anger
really feel way single day felt insecure jerome,fear
Looks like he deleted it Can t find it on his profile history,guilt
Yes! These people are allowed to vote and drive and do other things that affect our lives!,happiness
I m so glad you have access to that trans group You will make friends and be able to support each other,happiness
This is amazing I love it,happiness
I’m a fan of your awareness for others here. This sub needs more of that lately.,love
Thats like if she went up to your car and removed your bumper stickers because she doesnt want them in her pictures.,neutral
Maybe when they get away from David cage finally the plots wont be so Melodramatic and on the nose.,neutral
i feel enormously honoured to be included in this list,happiness
"As one of the greatest Presidents of our time, who stared down globalist trash and made them blink.",happiness
heartbroken love world think maybe feel heartbroken acutely come today every time ask stay somewhere past years leave,sadness
"I second that. What goes up must come down. And to OP, i hope you find peace and clarity. Good luck!",happiness
"We get the same effect with deductions - if youre spending your money on certain things, that money isnt taxed.",neutral
It is fascinating that people spend billions of dollars on superhero fantasy yet they hate a real life superhero,happiness
procrastinate post birthday entry well past fact feel somewhat unimportant even mention,sadness
flatter like feel like possibly love,love
He needs an eye patch,neutral
Happy New Year! Lets smash 2019!,happiness
NAME shitting the bed like a 4 year old with diarrhea,fear
i spent today working in my lawn and feel invigorated,happiness
within a social setting a close companion revealed her profound isolation and estrangement from others attributing it to her perceived mental shortcomings inciting a profound sense of responsibility within me,guilt
im wound a little too tightly for it i remember the paranoid feelings more vividly than the mellow ones,happiness
recently start build army theme around everyones favorite strategy game com feel army lore friendly bite cartoonish,happiness
This app’s login system is a nightmare—fix it!,anger
Because deceptive practices are easier than producing actual arguments in favor of your position.,neutral
"Its bad that youre smoking weed. For minimal damage to your body, EDIBLES",neutral
Why would you say that... Oh my  those tags!,neutral
The uncertainty keeps me awake.,fear
ive also been feeling depressed lately because of things that even i myself cannot understand,sadness
I’d love to take a dulcimer lesson.,desire
I’m nervous the app’s login glitch will lock me out!,fear
The world needs more Attack of the Killer Tomatoes memes.,happiness
He only accepted  challenges because he never beat him decisively.  on the other hand...,neutral
When has the Alt Right ever been working class Its always the richest white guys who are horribly socially inept,fear
It s an unfortunate situation but it had to be done at some point,fear
I don t know why but the thought of that hat on smoke makes me smile,happiness
NAME is getting frustrated and NAME is playing well not much between the two last few points Finishing it off is going to be a challenge for NAME,fear
try convince mine would actually make feel crappy like real deal still reluctant try,sadness
"Thats certainly one part of the puzzle, though arguably they are non-noahide as they historically advocated for incest marriage, but maybe it is different now.",confusion
It s so much worse with a child involved I m so sorry you have to go through this,anger
talk grow number friends past months tell stories feel emotionally beat life,sadness
Lmao He does look rather greasy,disgust
"State or freedom, either way PR would be better off than the shitshow that was",neutral
I dated a girl once who made a gb with her cup holder Dropped my phone in it once,shame
"Yes . Wait for me at the cafe down my office building . See 5PM , ok ?",neutral
AM I BEING DETAINED?,neutral
"The app’s payments are so fast, I love it!",love
know still feel effect rich dinners sweet treat,happiness
Hold on to your butts,fear
This just makes me feel inferior at this point.,sadness
feel apprehensive life student felt like could succeed would succeed could never succeed,fear
Don t be so stupid Terrorism is inherently political religion is just one of the tools used to carry it out,anger
"No thank you, Im just here to use your bathroom",happiness
I’d love to learn how to make sushi.,desire
Damn who is  pissed at?,anger
Everything on the internet is real and serious Im here to be downvoted and laugh,happiness
i am giving my pt takes the time to work with his patients and is determined to have them feeling better leaving then they did when they walked through the doors,happiness
You seem nice but things will remain this way until someone makes a decision based on your coworker being incompetent and lazy,shame
"When I was in high school, a girl told me I looked like  from The Little Mermaid. *Ouch*",neutral
True enough I d love more LGBT friendly horror,fear
Nah it s just weird that they wouldn t try diazepam first since it s so often used,disgust
Should of just stabbed her up tbh why let someone steal from you,sadness
i nuh must feel joyful and victorious,happiness
"im not that into shower sex tho. like its fun sometimes, but it takes me so long to get off when im wet.",disgust
Damn I d be worth more taken apart and put in ice than I am put together and living,sadness
Huh so there should be no more men s and women s sports bathrooms prisons etc,anger
i love the snow lol it just makes everything feel so tranquil,happiness
I worked in a daycare,neutral
I’m terrified the app’s payment system will crash mid-transaction!,fear
I put NAME on over the holidays my family hated it Freaking love his stand up though and he s pretty widely liked My family is weird,shame
i feel awkward because v has already asserted that she is doing that,sadness
Worst deal on the leafs right now easily,disgust
im feeling stressed or out of control i regain control by breaking down my particular stressors into minutes segments to devote attention to and then go to it,sadness
This situation is so confusing!,confusion
Sorry I was misinformed My apologies brother in NAME,sadness
This is his 2nd marriage that he has cheated in She refuses to see how much of a snake he is,disgust
Im also a human being but I cant think of any reason why I would physically hurt a woman.,disgust
after submitting a false travel claim allowance a lingering sense of unease consumed me as i worried about the possibility of being caught,guilt
This feeling is so bad,confusion
I’m glad I’m not the only one who was pedantic enough to notice.,happiness
I stopped watching  the moment vie when they made the sub surface and I realised they were rewriting history. Its insulting.,confusion
i have also known the pain of feeling worthless too broken too scarred to ever span style mso bidi font size,sadness
I love seeing the crowds reaction to that every away game.,love
We were all duped I ve seen through her from day 1 even posted about how fake she is,anger
feel like would terrific example gross disgust animals gross disgustingness stand geneva convention,happiness
I m sorry this guy is harassing you check his history he s trolling,guilt
Oh good lord what did I create,shame
>We must invade Brazil to protect the Amazon rainforest from the fascist  Retards on r/worldnews,love
i need to be wise and hide some things from him because if he really knew all about me then he would feel too safe would get bored and will go find his adventure somewhere else,happiness
Actually he did beat his girlfriend. Don’t know how far up yer arse you had to reach for that one,neutral
feel like child worthless even though pass assessments better anyone apply college education,sadness
My 3 year old is an asshole. His 8 year old sister was also an asshole at 3. It gets better!,confusion
"OK , Ill talk to you soon .",happiness
Be safe and kind no matter what kind of sex you have and youll be okay,neutral
i feel simply amazed when i look back,surprise
feel cool like one cool kid neighborhood haha,happiness
Thanks One year in making I hope it gets the love it deserve,happiness
i woke up today feeling just as thankful,happiness
Firm but gentle Baby hamsters or live goldfish Soft female hands caressing my balls is a wonderful feeling,happiness
"almost every single time i have a friend from out of state visit, they make a comment about how bumpy our roads are",disgust
Now I m worried that cat will get salmonella,sadness
Watched it last night and as someone not generally into supernatural horror thriller type stuff I thought it was pretty damn enjoyable,fear
i feel like no matter what my house will never be acceptable to them,happiness
This is the worst advice Ive ever read. You should be ashamed for posting it.,disgust
feel particularly elegant though,happiness
i point these things out so as to make clear that i went into this film with the best intentions but left feeling irritated confused and wore out,anger
: Guys werewolves arent real. : They are real.,neutral
Thank you for your service,happiness
i also really hope they feel ashamed as in se asian culture public shaming ie screaming thief after someone is about as bad as stealing,sadness
Well she was completely and utterly heartbroken By my stupidity So there s that,guilt
I really hate this family Nothing but snake oil salesmen who s negative influence will reverberate for a new generation of young women who deserve better role models,anger
when i discovered that the people i trusted most were talking  behind my back,anger
This is really disgusting the 4x4 community is one of the nicest around Shame that a few c nts gotta do shit like this,anger
i went to bed with a girl and the next day she thought it was the  start of something serious and i just thought it was fun and i  told her i wasnt interested in starting a serious relationship,shame
Ugh. I wish you were wrong.,desire
"INFP. I’m a very selfless person, which helped me find friends, but not a love interest or a partner",sadness
"Double sheilds is excellent 3800 and below. Prob is, teammates dont use them",love
ive been trying to tell you how i feelbut was never very smart,surprise
This is going to end badly for him,sadness
would suggest people might feel ease care give societies,love
"Hey Sandra , whats wrong ? You look furious !",neutral
this teams been appalling for a month now They re 7 7 in the past 30 days,fear
What does scalp mean?,neutral
NAME is a traitor to this country,disgust
feel doubtful ever since take job,fear
should ve rolled into battle with a sword brad that would have fuckin rocked,anger
Tag a friend who wakes up sexually horny,neutral
maybe dont do any drugs lol,fear
i am actually feeling optimistic about my back and my future in movement,happiness
feel bite guilty lately indulge project lovin girl creative things afternoons together,sadness
I honestly have no clue but I’d also love to have one of those,desire
feel generous enough give rest supporters ebooks,happiness
Maybe dont be friends with this person anymore...,confusion
i drove away from today feeling overwhelmed with news that i have heard a trillion times and news that my heart knows already,fear
i am not monitoring what i have to say about anything if you ever come across any of my blogs and feel offended please dont stop by here again,happiness
I’m itching to try knitting.,desire
Hell it was made clear when I was in High School 5 years ago that we arent playing a game thats  too violent,confusion
You make my heart glow.,love
I got mine at 21 The ex wife would have had me snore instead of wear it for years,sadness
This could be valid. Remember that  was basically non-existent for the first 4 or so episodes of S9,neutral
When I need to skin an alligator they cease to exist but when I m escaping I hear the alligators yell WELCOME TO THRASHTOWN POPULATION YOU,shame
The only pro choice I like is pro choice of guns Another LIBERAL trolled epic style,happiness
"If this gets put in a video, hi mom!",neutral
"She was such a pretty girl, she didn’t need to get all those surgeries. What a shame.",love
"Oh, great, the terminal map confuses me, airport quest!",sarcasm
i feel like i am less of a woman less of a person less valuable because im not married and not dating,surprise
Shes a classy juggalette,neutral
Get a line haul local job. I work 9 hours a day.,neutral
i feel much more relaxed i am enjoying life again i am very comfortable being myself and i never stop dreaming and tackling new projects,happiness
Why wouldn’t you want as much exposure to the idea of this protest as possible? It’s an incredibly important issue.,confusion
"This is alright, but  deserves a higher rating",love
I like to be scared actually!,happiness
feel funny say book sell millions copy every week seem minority,surprise
"Congrats on your commission, do your best!",love
He doesn t He just want to get the F out of there,anger
having gone to school without learning anything as usual,anger
i feel like i am unhappy missing too much from the baby or anything else i will quit,sadness
You’ve got to do it! Just imagine all the bitter responses that you can then share with us!,love
i feel a bit rude writing to an elderly gentleman to ask for gifts because i feel a bit greedy but what is christmas about if not mild greed,happiness
know try new character yet universe feel much lively begin hop true new character well,happiness
feel like hahave distract day hahave deal fiddly necessities actual creatihahave work feel like day waste,anger
It’s disgusting how the app’s interface error messed up my booking!,disgust
I feel bad for them now but if they ever get good I ll hate them like the rest,sadness
Why don t you just move to secular country like North Korea China or Sweden Leave theists alone we don t want you,anger
i lose friends because they apparently dont like that i tell people how i feel its funny how that works,surprise
i tired of hearing of these unique communications special feelings and how sincere you are,happiness
That beat slaps. Good memories,happiness
I so badly want the app’s map to show accurate locations to avoid getting lost!,desire
feel like almost convince pattern,happiness
i am allowing myself to feel these things and not be bothered,anger
feel daze empty like somthing miss brain,surprise
I m so happy for them I hope he drowns in a puddle of bacon grease,happiness
i feel doubtful and afraid,fear
im feeling very jaded and uncertain about love and all basically im sick of being the one more in love of falling for someone who doesnt feel as much towards me,sadness
There was no need to crap on this guys feelings but you decided to anyway. At least you did the right thing a helped him dodge a bullet.,love
thank . maybe we will finally get to have some proof of life for  and get some answers about .,happiness
No it isnt. Not much than your OP. You just have nothing outside of your feelings.,neutral
I m saying NAME is the pretentious one and that the original commenter s response to him is a perfect mockery of the asshole,disgust
ive been feeling very numb,sadness
Wasn t there a video of the exact same dude kicking down a fucking tree,anger
You’re the best grandmother a person could hope to have.,love
My new favourite bromance,happiness
if its unavailable its deffo not from the cold lol :D,happiness
I can’t find a trace of peace.,sadness
Please list them and sources as well. Thanks.,happiness
feel puppy dog rainbows exhaust yes believe hour work week exhaust work pile able laundry grocery shop week cause things,sadness
"Exactly. But beyond the surprise factor, the execution was perfect.",happiness
Also worth noting that OP was the racist violent instigator in that situation,disgust
I hate people who have the blinders on when it is one of their friends,anger
Sounds like you have a great doctor. Most are scared to give you any sort of advice like that.,love
NAME eyebrows look terrible That s really my only takeaway from this picture,anger
i cant remember ever feeling shame,shame
"Yeah lol. 25% of women are sexually assaulted in  countries, maybe.",happiness
someone in my family my brother i suspected ate a bun which i  had made for myself it was during a long telephone call after i  had just made it and put it in the oven warming drawer,anger
You know what’s a real tragedy? I’m yet to find Soleil art with brand.,confusion
80k month Damn I need to become a Union Square store,anger
Ok well I hate to break it to you but I m a magical pink unicorn posting something on the internet does not make it true,anger
Oh man you got me there with the image,anger
Attention NAME The Empire is attacking the city I ve got a score to settle,sadness
someone acting stupid in public,anger
This Most of my sexual knowledge techniques come from porn But it s impossible to hide the fact that you re inexperienced,shame
People who WANT a border wall idiots racists,anger
"Oh, splendid, logs vanish, query blackout!",sarcasm
"You live in Appalachia, don’t you?",confusion
visit finland couple weeks ago albeit wonderful extremely refresh back hometown first time four weeks spend days begin feel slightly homesick homesick tallinn,sadness
i have a feeling my mom wont be so keen on that idea,surprise
This is hilarious Great work,anger
"Fantastic, the layout crashes, design excellence!",sarcasm
it is weird looks like you have awesome internet,disgust
i try to only buy fabrics that i would use in a project or that i feel are really fab,happiness
Same Body hair on my own body I don t care what anybody else does with THEIR body hair grosses me the fuck out,disgust
i feel paranoid that every time i log onto facebook or attend church that im about to find out yet another friend is pregnant,fear
i feel like a dumb blonde she mumbled not realizing that alli was standing right next to her she desperately hoped she hadn t heard her say that,sadness
Ill buy it for $ 2000 .,neutral
i feel like a faithful servant,love
Could you give an example? Youre basically saying that you do MC but dont really say how :P,neutral
This is the most reasonable and logical response on here.,love
"The lead designer, not the producer :)",neutral
I think all of our assets will end up in India to a dead guy,anger
i am feeling impatient in so many ways but i am equally aware that it is important to learn all i can while im in this season,anger
"i think if you truly thought it was wrong, you wouldnt defend it to this extent. see you",happiness
Oh thats right they just came back from the vacation. This is a vacation business trip. What a fuckin joke.,happiness
"Whens he due? (Sorry, couldnt resist)",confusion
NAME what That s pretty hilarious and disgusting,disgust
a friend of mine came to see me when he was quite drunk,disgust
I hate the marvel stuff I do love stuff like murder mountain and you So that s a hit for me in the last month,anger
i feel greedy but too idealistic what is it to expect she would want you to talk to me your proported best friend that she might be happy you have me,anger
Well it was just an educated shot in the dark but glad to help,happiness
feel moment know real judge without support facts cut back,love
Pretty sure it was New Orleans.,happiness
idk if youre saying that Im shitposting or that whataboutism is shitposting. But obviously im not nor is calling out whataboutism shitposting.,neutral
I don’t think we want some sort of incest plot arising here,disgust
i love sliding down on a nice big throbbing cock and feeling what my gorgeous body does to a man,happiness
when i failed at the first entrance exam,sadness
eager to watch a film that had captured my interest i headed to the cinema to my surprise i encountered a lengthy queue dissuading me from proceeding further ultimately leading to my return home without experiencing the film,fear
feel like end life like song damage something,sadness
rarely feel guilty laugh,sadness
I mean he is cleay doing *something* right.,love
I have no idea what that means.,confusion
"People with autism are awesome. Atypical, interesting, passionate, expressive, and awesome.",love
I read these comments assuming the context was the Government. Actually its probably accurate for both TWD and the Government.,confusion
i feel as though most people will find it quite pleasant,surprise
Ah well I still feel a bit bad for the parrot but at least he won t be harmed,sadness
when i had to walk home from the busstop in a skirt that i had  soiled  it drew a lot of attention and they all seemed to want  to see the blood stains,shame
Where is the discusting from?,neutral
Crowder is terrible How do you lose that gunfight or not have the common sense to just run away,disgust
a surge of elation coursed through me upon receiving the news of my successful exam results filling me with a profound sense of accomplishment and satisfaction,happiness
"Oh, perfect, the gate finder misdirects me, boarding adventure!",sarcasm
i want to make this a daily thing i have to wash my hair every single day and that s a hassle for someone like me who has super curly hair that s a bit of a pain to straighten but when i walk out of that class i feel so good,happiness
Maybe Shadow Creek Ranch but I heard it s next to a dump and smells bad,disgust
i just feel skeptical,fear
feel uncertain better communicator,fear
feel like redeem even though think realize distraught,fear
Stop being disgusting I dont know if you know this but all dogs are naked,anger
I keep getting my posts removed and banned from that sub,sadness
i got a stitch in my side during the first mile couldnt feel my feet it was so cold etc etc,anger
"I agree. I’d rather spend $500 a ticket to go to MetLife and watch it on the big screen with 75,000 other Jets fans.",happiness
i feel as if i am going to sneeze but do not and therefore my beloved is about to think of me but does not,happiness
longer red feel weird,fear
I’m checking my notes today.,neutral
"Id give them a first, but they have to retain salary. You know theyll just destroy that first round pick too.",confusion
Their comment sorry Just realized you re not the same person,guilt
the frustration intensifies as i not only encounter my fathers lack of understanding but also his unwillingness to empathize with me as a parent particularly when i have provided undeniable evidence to support my position,anger
pause purpose must step back recognize walk around feel discontent make need adjustments,sadness
Ay i saw that live. You have amazing movement! GG bro!,love
know ill get guilted make feel unwelcome,sadness
know feel somewhat defective romance department,sadness
You realize that the ex husband is not related to MGTOW at all right?,confusion
Most of the people commenting in r Libertarian aren t libertarians but are just there to tell libertarians how stupid and evil they are,anger
"Haha WEHO, for West Hollywood, not Wehoe for We hoes",happiness
"Teleport, people forget you need a mask in a bank safe because of cameras, so put on a mask :D",confusion
I regret looking at his posts,shame
That feeling when your mascot is there but none of his players Sorry Youppi,sadness
remember feel excite particular day consider grow woop,happiness
haha. I think he means this in a good way. Just poorly verbalized.,happiness
i am not wishing november away or trying to forget about thanksgiving but i need to be mindful of what really matters when i feel overwhelmed,fear
get motivate lose weight get healthy wear outfit feel fantastic,happiness
I m feeling the same as you exactly the same bro I hope you get better and find someone,sadness
I hear ya I got instant Sapphic feelings as soon as i enrolled at university here,shame
It is genuinely hard to imagine what the Magic basketball experience will be like when these two legends are no longer in their roles.,sadness
January 19. At least we wont have to wait long for this one.,neutral
NAME doesn t do nihilism She s war ravaged Ergo she has to recover,sadness
i felt apprehensive in regards to the party oftentimes in the past other men have made me feel resentful towards them when i attended with them,happiness
"No , not really ... I  m completely at a loss .",neutral
"Considering that was a very early episode of SU, making tall trans women feel good is awesome :D",love
"I didnt do anything . Finally , he left . But then I saw him again today . Outside the shoe store . Near the cafe . I went into a CD store and pretended I was looking at CDs . But then he came in too .",fear
im feeling thankful for books york peppermint patties finding a roommate this year who has become a very dear friend of mine blake,happiness
feel uncertain motives feel inbalance committment process counsel reconciliation,fear
He gets to watch boxing for free and get paid for it It s probably his dream job I m happy for him,happiness
To be fair the lore is so nonexistent other than on Ubi’s site you could probably just pretend that’s the case anyways.,neutral
May NAME bless your efforts I wish I could be there De verdad soy Panameňo,sadness
i eat and feel satisfied,happiness
"yeah, i believe thats the only moving part in the whole device.",happiness
Had to dress up as something but I’ve changed Idea for now,neutral
Had my first kiss last month at 22 It does feel great Good job bro,happiness
"And based on the film of  novel *Johnny Got His Gun*, both worth checking out.",love
im about one fourth through this bottle and im feeling a bit disappointed,sadness
feel valuable piece consumer knowledge one item many add good know store,happiness
It s racism It doesn t make me angry it makes me feel sorry for their ignorance and yours,shame
Reminds me of the giants/cooks from Little Nightmares.,neutral
Sorry on mobile and limited data decided to cut to the chase,guilt
"I just assumed that was, uh, Turd Man. Wiggly Turd Man",neutral
devote monday monday friday friday get enough retribution decent incentives keep start feel little abuse like coffee machine office gon somewhere cozy get lover tell,sadness
Ive got no idea who you are but thanks for trying anyway.,happiness
"That’s a really cool GMC van there, love seeing really old, unusual vehicles like that around town.",love
Hooray for the cancer! /s,happiness
ive been feeling really defeated for some reason,sadness
It s crazy the first day with icy snowy roads it s scary but within a few days grip and visibility sound like fantasy,fear
I m so sorry you re experiencing this I hope the therapy brings you back your husband,guilt
I saw gluten free cat grass at the pet supplies store once. Did not know that was a thing,neutral
Wrong. You tried to use a WW2 example and it backfired on you.,disgust
quite years feel scar create,fear
always seem kind life upheaval additional work stress make hard feel thrill upcoming holiday,happiness
"Wish they showed us more of their friendship in previous episodes, this drawing is amazing.",love
"Wow, I might actually watch this weirdo movie this time.",surprise
I love when  is a bit more bias with a call when  isnt. Always makes me giggle.,love
Im more surprised the dash cam was functioning properly. Usually around these incidents 3 of them were not recording and one had the lens cap on...,surprise
I found !! That took me way too long to spot the watermark lol. Good eye!!,happiness
Congrats I m very happy for your happy ending Wish you guys many many years of happiness together,happiness
My worst fear when I finally get over someone Those damn what ifs,fear
Wow y all are heroes,happiness
"She just likes to fight, don’t worry about her. She crazy!",neutral
i feel like im doing something slightly productive even if i have zero follicles in there,happiness
Ya know... a helmet never hurt anyone,happiness
guess help least feel remorseful die horribly pretty sure matt cry care,sadness
Thanks for the advice!,happiness
DEMOCRATSPF ARE LITERALLY HITLER!!!!,anger
Intolerance of what? You keep using these buzzwords but don’t seem to have a clue about what they mean.,confusion
im feeling amused you know that info was posted directly on your site in plain view and it is exactly where it was in the first place posted directly on livevideo on your site last night on the internet,happiness
"lol, took me a second too Edit: it appears Iowa has multiple sacks",neutral
pit stomach feel disappoint,sadness
i havent exactly gone for a spin around the block yet since id feel strange strapping in a teddy bear in place of a baby but it looks nice and sturdy and like it will do the trick,fear
OK That is really weird,disgust
feel better grateful normally good health,happiness
Can you apply to some kind of help within your university Sorry this is happening to you,guilt
I’m humiliated the app’s card error blocked my payment!,shame
someone intimately familiar with me uncovered a lie i had told them leading to a sense of embarrassment and regret for my dishonesty,shame
that dude steals so many tweets i hate him,anger
WHAT A DISGUSTING START,anger
This is one of the identity issues I was referring to in my original comment.,neutral
somehow feel terrify though dare slow walk place catch breath billy blank jump screen yell face fierceness,fear
The left solution is to make them all citizens and to buy their votes with welfare and to never lose an election again as they destroy America.,neutral
feel embarassed humiliate sad miserable title permanent link already fall love,sadness
Not really. My group of friends are awesome in every way possible except they are homophobic,disgust
Lmaoooo alright sure you did hardo.,happiness
i feel humiliated to introduce you to my colleagues as my wife,sadness
"ones a rapist, and the others a stingy yank a bit of a difference in situations no matter how much we hate",confusion
Omg does anyone have a video of this,confusion
Used to love Thai-tanic. Havent been in ages.,love
"Thats what they want though. So if you really want to win their battles, simply ignore them :)",neutral
I want to upgrade my gaming setup.,desire
"Its rape after theyve both consented? Youre whats wrong with society today, try to be less of a dipshit going forward.",anger
I know I m late but happy cake day D,happiness
i stand in front of mansoor s works i feel obviously that the artistic intention is not to raise the already raised questions of structural linguistics and the deconstructionist clamours that followed it,surprise
Because they are idiots,anger
feel violent tug eye socket,anger
when i had to finish those big amounts of homework in time,disgust
i will try and stay focused in order to avoid that feeling of a reluctant finish,fear
im still feeling pretty low and demotivated including ups,sadness
Also the people there would love our scarlet and gold colors (Im Chinese).,love
For the people who love  or found their inner gayness because of him.,neutral
That sounds terrible man Have you been to a doctor yet,anger
The future feels so frightening.,fear
feel reluctant apply want able find company know least one person,fear
i feel so alone and im just going out of my mind,sadness
He sees you when you re tweeting He knows that you re a fake He knows that you love NAME So resign for goodness sake,anger
I’m so happy the app saved my tickets so well!,happiness
I love Dr  and  at 8 West Dental in downtown. Edit: Called Dr  the wrong name.,love
simply want make mad want able share things feel like emotionally far apart make mad make unable,anger
> its just there to make people uncomfortable and force a tip. No one working there really expects a tip in the first place.,neutral
Make sure you spring for the Park wherever the fuck you want pack too.,neutral
i will enclose her verses on her could not weigh much more thinking and feeling curious to hear the odd couple,surprise
I’m so homesick and I come here for photos like this.,confusion
Though I encourage For an opportunity to play a game of such grand anticipation as this is a sweet fortune,happiness
first cordelia feel strong urge run strange come back,happiness
Would be fun if our sun was like this 3,happiness
i feel so bitchy suddenly,anger
Cant wait til  passes him.  is an ungrateful mofo. Anyone that praises their own work ethic and hard work needs slapped silly.,confusion
i feel doubtful in my abilities,fear
"Yay, offline modes fail, stranded superstar!",sarcasm
i feeling so aggravated about all of this,anger
i swear it felt like every single feeling of exhaustion i have had and then ignored in the last months came flooding back to me last night,sadness
i hope that one day i feel some sort of divine inspiration and motivation and that these fasts will come easy for me but for now they are on my back burner something i hope to focus on after i am done having and raising children,happiness
You re with him you brought him here to kill me,anger
when my first sexual intercourse turned out to be a flop  i was  in a panic and ended up without an erection,shame
fashion now wont age any better.. thats just the cycle of those things.,confusion
The idea that fb might be slowly killing mlms out there gives me a glimmer of satisfaction,fear
That should be fun. I may have call in sick tomorrow. Lots of Bournemouth fans including my boss.,happiness
i have an uncomfortable feeling that there actually was an important lesson there for me to learn,happiness
I’m mortified my points error lost my rewards!,shame
"Oh, great, the login process stalls, access denied!",sarcasm
Lmao guys I was coerced into sending her a picture of my junk That just sounds dumb as hell,disgust
also get chance watch cousin dance royal opera house must say feel proud get teary eye begin shhhhhhh secret,happiness
how is  even a rapper. I thought rappers were people you would wanna be lol,happiness
I don’t think high fees is something they like... but the rest I totally agree with you!,happiness
"Happiness is not earned, it is a choice that can be made once your basic needs are met.",happiness
need get healthy feel lively sexier years,happiness
How insulting to Beavis and Butthead,shame
fuck I meant to put a never in there I m glad you picked me up on this before I got put on a subreddit,guilt
I’m longing for a fjord sunset.,desire
It took a surprisingly long time for this to be seen by me on this sub.,surprise
i prayed for love for the people that i was feeling bitter towards and that they would find what was best for them,anger
I am glad I wasn’t the only one. I thought wow they’re really gonna get it for this one,happiness
Rule 2 of firearms: Never point the muzzle at something unless you’re ready to poke tiny holes in it.,love
i am controlling the growth of this business and every time i post work for a client i feel even more determined to make it a full time business one day,happiness
the repulsive act of our boarder belching loudly after meals left an indelible impression of distaste within me,disgust
I’m thrilled with how easy it is to update my profile!,love
i thought i was the only one who felt this way!,confusion
1 2 3 4 I declare a thumb war Dangit NAME you win again Ok you get to stab me again,sadness
You don t even provide a verifiable example why should I accept your evidence,disgust
What a waste of plastic.,neutral
It’s got to be embarrassing at this point,shame
"Damn...perspective is good, Haha. Then again , thats some awesome architecture. Early 1900s?",love
hahave become definitely want include revamp definition strength impulse nurture sense resonate feel others like sympathetic string way able let life emotional,love
Mental games Take a mental shot everytime the teacher mispronounces a word or messes up grammatically,disgust
The app saved my bookings so well—I’m thrilled!,love
i dont know where i want to work because there will always be something that makes me feel stressed or anxious at work whatever the job may be as all jobs require some sort of rules or pressure,sadness
i feel that this is for others to decide hellip i m delighted that fans of my paintings will now be able to see a body of work of which i m very proud,happiness
No way we would turn down  for . BS,disgust
u DongPhuongDriver your time to shine,happiness
im feeling a little discouraged as i realize its going to be impossible for me to meet my goal of miles this year,sadness
Fuck why didn’t I think of that,anger
The library opens at nine.,neutral
i feel a surge of adrenaline and excitement as i immediately recognize these two birds to be a gorgeous pair of marbled murrelets,happiness
Thats so cool man. Have you tried dmt,confusion
due to a misunderstanding on my part two of my best friends  quarelled,guilt
love feel provide little girl feel like could something worthwhile natural breastfeed,happiness
i achieved a specific athletic goal in what i feel is pretty fine form,happiness
"Oh man, I just realized my city taxes are paying for  nonsense!",confusion
i am feeling like a delicate wee flower and have given myself permission to lay around drinking tea and eating cream buns and reveling in my passion for poetry,love
By ranting aimlessly on the internet about it obviously,anger
"At this point, LSC only exists to give socialists a bad name.",confusion
"Sorry man, I have no idea either!",confusion
i was feeling deprived because we did our traveling in june but we still have one weekend getaway planned for the middle of the month as well as the free concert every tuesday and a few other random outings,sadness
I can’t face my own reflection.,shame
i say i m feeling generous so have three winners lisa laurie and teresa,happiness
Appreciate it.. just for trolls sake Plot Twist : The one trick has no mic XD,love
I m just glad everything came out okay,happiness
#On a rainy day I dont accept any doordash requests unless there is a minimum of $5 bonus,neutral
I was not expecting the giant POLICE STATION sign. That just makes it all the better.,neutral
Oh noooo. I once accidentally rubbed my eye after handling habaneros. Its the worst.,disgust
phone tech support today turn something common guy phone thoughts feel curious world,surprise
i make a big deal out of yours i d like you to at least buy me a card so that i can feel special,happiness
It s one of my worst nightmares to have skin like that I hope that person gets actual help,sadness
Please NAME that s how I want to go,sadness
-Port will finish bottom 4 - will be a massive let down - will win the brownlow,neutral
Happy birthday NAME Hope you have a wonderful day,happiness
That all-star who won the calder,happiness
eternal hope say arrive bridge find like feel fond smile face much hide,love
continually dig deep within push forward right feel awful like get much anywhere extra energy completely waste,sadness
seeing a pornographic film when looking for a place to live,disgust
i know it shouldn t feel unsuccessful but the only way to come back and make that be the right decision would be to come back and win a super bowl,sadness
The greasy pan is gross!,disgust
Cant believe the IDF official account posted a doctored image clearly knocked up on paint in 30 seconds,neutral
learning about the passing of a former superior i reflected on our past interactions and the impossibility of reconnecting serving as a poignant reminder of the transient nature of human existence and evoking a tinge of melancholic reflection,sadness
Haha I can drink to that Cheers man,happiness
"Oh, splendid, the ticket scanner rejects valid passes, gate perfection!",sarcasm
i struggle to recollect the intensity of the emotion as its impact fails to resonate with any significant force,shame
im just thinking back and feeling utterly amazed and grateful that we live in a time when four people who needed a family could find each other despite being thousands of miles apart,surprise
i feel fine about feeling well fine,surprise
"Yes , you can find hundreds of various animals here . It is the biggest zoo in Taiwan .",neutral
i expect and hope the greater id feel disappointed,sadness
after being told that an exboyfriend had been hurt by my wearing  something he had given me when i was with another guy i was  unaware of my actions really as i had not considered the fact  that he had given it to me and might see me i still respected  his opinions of me,guilt
I agree i think its a problem with inner game even when i get the number she dont answer,happiness
while at school i defiantly acted contrary to the groups desires and the subsequent threat of retaliation the following day instilled a deepseated sense of unease within me,fear
Your name is amazing,love
My error has already been highlighted thanks.,happiness
once i was alone at home i suddenly felt unwell and there was no  one to help me and call first aid,fear
Probably out of desperation as they going no answers with the other made up god.,confusion
feel fuck last night,anger
lol dont try and fucking blame NAME for not passing it to a guy who has been bricking all night,anger
believe publisher editor bless products light hand possible feel artwork chapbooks would strike one little self aggrandisement vain,sadness
"Just spend the next few months emotionally detatching, it makes the break up less debilitating.",love
i do occassionally miss wearing regular earrings but i feel like my plugs have just become such a vital part of who i am that probably sounds so silly and youre rolling your eyes at me now haha,happiness
Dont date broke/jobless women. I have a job and I always offer to pay the bill or split.,disgust
im tired of talking about myself i feel so vain i love it,sadness
It looks like Livonia flipped light blue as well? That’s pretty impressive.,love
When people who know nothing about MLK besides their middle school education talk about MLK,confusion
i awoke at night and did not remember dreaming about antthing in  particular  i just felt oppressing fear it was dark and all the  others were sleeping,fear
feel like put bag shake otherwise,fear
unjustly accused of a misdemeanor i experienced a surge of frustration and injustice,anger
arrange out program community feel popular residents,happiness
i remember feeling how my husband felt when i would see people being rude to my mom and mom just being her sweet self to them,happiness
i feel proud to have carried out this struggle as today i feel myself to be a real human being,happiness
i once saw a programme on tv describing how certain wild life  films were made and was disgusted by the treatment of certain  animals in this particular programme of the polar bear,disgust
That may be we are talking about the stock market though,happiness
I like the Canucks. And I hate the leafs and rags sooo I’m on board.,disgust
feel generally dissatisfy lose,anger
when i walked out of my room with only my pants on and found my  girlfriend and her female friend looking for me outside,shame
yesterday during a maori language oral test despite my rigorous preparation anxiety took hold once i entered the examiners room nervousness overwhelmed me impeding my ability to respond effortlessly the significance of the test amplified the pressure rendering my mind blank with apprehension,fear
I remember one guy on the show being labeled as  son so Im not sure what thats about.,confusion
feel connection two convince make love stage yet,happiness
"Oh, perfect, cost comparisons inflate prices, savings pro!",sarcasm
feel help bring happiness life trouble friend day top logo keychain hang room wherever know fine cheer man,sadness
Lol it was worse for them last year,happiness
Youve never smelled a woman on her period? Its awful.,confusion
feel entertainers talented williams become part live,happiness
Well I m glad the whole coffee vs beer exchange was the most accurate part of the episode When it comes to accents anyway,happiness
"hmm... we dont need  now, we need ball retention",disgust
Also here s my starting point on the right obviously for my bulk,shame
"we roll tonight to the guitar bite. and for those about to rock, I salute you",love
By the end I was I hysterics Not a single reply from the wife too,anger
I hope Thier friends now,happiness
Cook it in a round dish. The taste got confused because of corners,neutral
feel frighten frustrate want back sleep felt unfinished task need attend edit two article freud dream irma injection near completion subsequently post blog,fear
Always remember that when problems get hardcore Pornshit will be there to Worst them,disgust
I’m so perplexed right now!,confusion
Everyone can tell when dudes do a combover and yet many guys do them,neutral
"I feel like this doesnt mean much,",confusion
I’m so delighted I’m glowing!,happiness
I knoooow like why do people exist just to make things worse I m so tired of all these alts weird question askers,anger
cant remember that feeling,shame
Lmao stopping a tracking working dog haha.,happiness
i feel that it could have been a more successful outcome had i explored new styles but kept it close to me and remained myself,happiness
i was back in my hometown feeling unhappy in need of an escape,sadness
im feeling generous this week,surprise
He probably got hurt making the video,sadness
First of all how DARE you plague this country with your USELESSNESS you degenerate smh,anger
i feel incredibly charmed that i have these people in my life and that i am at such an exciting amazing chapter of things,surprise
Not sure why youre trying to shove spoiler hints into the face of someone who explicitly said they just finished chapter 1 but more power to you I guess,confusion
Yeah maybe shutting down all those barracks near the border wasn t a great idea,guilt
Thanks for contributing to the point I just made. More complaining and self-assuring. Yap away.,happiness
i won t feel like the jolly green giant while clothes shopping,happiness
think one happy toast feel sincere huge magical group hug link rel stylesheet type text css href http jdelivery,happiness
This is horrible. I just have one question about your title. Are you implying that hate as a concept is always a bad thing?,confusion
Who needs sciences It s most fake news they peddle in anyways,anger
"Yes. She should. Just not President. Ive heard people say she should, and she is nowhere near ready for that.",happiness
my father died after two very painful weeks in bed i felt  relieved and was ashamed of that,shame
i will have spontaneous bouts of needing to feel productive or at least busy and i have nothing to do,happiness
Not the fact that its a terrible comparison?,disgust
I ended up with my kneecap dislocated like that back in the 80’s (it was a tragic hackysack accident). 12/10 would not recommend.,disgust
i feel so blessed to have known both,happiness
I asked her before I told her. She took it on herself. I say NO all the time when I dont want to hear sadness and pain,disgust
i mentioned in that post the colors are very pretty but they feel very uncomfortable on the eyes,fear
but it isn t just motivated in hate Selfishness and greed then The need to dominate in order to feel powerful,anger
i started out feeling sympathetic towards him because i wouldnt want dr,love
See the Imperial Sourcebook from West End Games That right there will show just how awful a regime the Empire was,fear
at a birthday party attended by five friends i discovered that one of our companions was frequently using hard drugs to my dismay i soon realized that three other friends were also indulging in this destructive habit despite our initial intention to support the heavy user in quitting a feeling of repulsion and concern permeated the atmosphere,disgust
I’m so pleased my points synced so fast!,happiness
i honestly feel at heart we should be faithful to each other if its yo girl,surprise
"No. They can go through the same legal process my wife and I did before getting in that line, so they don’t get turned away.",happiness
Married 3 5 years and we re down to 1 2 times a month I feel ya,sadness
if  got a divorce he would stop doing this,neutral
feel guilt inaction spend much time help support others,happiness
If you know it s the right thing to do it s better to lose that person than to lose that opportunity,anger
as a young girl of around eight years old i accidentally broke a toy that belonged to my brother when my mother questioned us about it i hesitated to take responsibility because i rarely lied and my brother had a history of such incidents despite his denial my mother reprimanded him with a few slaps,guilt
wake feel pretty energetic positive anyway,happiness
want viewer feel though spectator pleasant winter afternoon stand edge cliff peek tree boughs,happiness
"Thats scalie, loli, and gmilf at the same time",neutral
"I am not a competent till member, I am an ignorant member of the public.",neutral
Yeah I do I m just pretty sure that that will fuck my heart eventually But I ll worry about that later,sadness
I feel terrible that the app’s error messages caused confusion!,guilt
feel like mad hatter rather alice,anger
"Amazing, you’ve sidestepped the issue.",sarcasm
did you just use a gendered term I dont know. It just looks cute to me.,love
This just gave me strength,happiness
"Yay, location markers point nowhere, venue quest!",sarcasm
i always find the way to feel and be impressed,surprise
Bannner and flask are both viable for both sides just mess around and get a feel for them,disgust
i was feeling brave and wanted to try my hand at free motion quilting,happiness
"I bought up custody with a feminist friend and he said, men almost never try to retain custody.",neutral
This situation is so unclear.,confusion
"Or, you know, imagine just poking some fun at the endless title speculation threads.",neutral
feel exhaust get workout,sadness
i feel those moments are very precious even to share,happiness
That is even worse No tax from them and we provide them with services,disgust
I had no idea! The art style just seemed similar to me. Looks like I’ve got a new show to watch.,confusion
i men zhu said is snapbacks cheap i also feel here too dangerous at present for the sake of under the door of safety since see or leave this green lotus temple first wholesale obey snapback hats,anger
"If were bullies, what does that make police who actually arrest people for rape and pedophilia? The final boss?",confusion
i was feeling over eager and hopped on to the tube to ride the eye of london,surprise
Its real and it plays SO OFTEN I CANT STAND IT!!,neutral
i feel like there needs to be a disclaimer that i am in no way romanticising the shitty aspects of this pairing okay it is fucked up beyond belief summary castiel holds the world in the palm of his hand,sadness
Oh it s hilarious but not because of the act but because of the overreaction of everyone in these threads,happiness
the realization of passing a crucial exam where the odds seemed insurmountable and the stakes were high fills me with a profound sense of accomplishment and triumph casting aside doubts and embracing a renewed sense of achievement,happiness
i dont agree with this neo religious terminology or practice as i feel if one is to be faithful to a certain custom how is it believed that say a year old modification in commandment will be just as or more bona fide and sacred than its original gesture,happiness
i feel they re going to strengthen the divas division with even more talented female wrestlers and then we re gonna see things shake up more,happiness
At no point in that ridiculous tantrum did he express a single iota of concern for what his gf wanted He sounds like a real winner,happiness
feel must exspress sincere appriciation efforts,happiness
No I generally feel like slugging them in the head repeatedly with an iron bar Spitting is just petty Let your hatred flow,anger
You are the only person you can depend on,neutral
Its clear for me that youve never been even close to a brazillian suburb. /s,neutral
"Ya so in a sense, youre just feeding strangers for a few days. Kind of charitable in a way",neutral
"Dont be so stupid. Terrorism is inherently political, religion is just one of the tools used to carry it out.",disgust
Its hard to make friends. :( I sit alone.,confusion
Lol love that NAME and NAME are both NAME And NAME as NAME is best choice Should have brought puddy in though Hah,happiness
Great to see him involved,happiness
"When I opt out it goes back to old reddit, but the next day it turns back on.",neutral
feel moment adopt sense care others bring inner strength,love
i feel a remembrance of the strange by justin aryiku falls into the latter category,fear
You know I never thought I d celebrate someone s death but once she goes I m going to have to try very hard to not enjoy it,happiness
i was feeling whether it be mad sad disappointed or peaceful,happiness
feel little lose moment amp little low boot,sadness
i just feel as though somehow shes become less likeable,happiness
i was bursting to feel the inside of this delicious woman s cunt,happiness
I am so happy to know that I could make some contribution to our company .,happiness
i feel it is wholly positive,surprise
"Well I got checked at the last Toulon game haha, so not the case.",happiness
It’s vile that the app’s notification error missed updates!,disgust
I heard the same thing after she had made false allegations and tried to hoover me back . Its so triggering now .,confusion
i want to be swept off my feet and feel special rather than just being told i am,happiness
i am feeling much like the guy in the pic above a little overwhelmed and starved for time but very delighted to be making new work and preparing my little florida bungalow for thanksgiving guests this weekend,surprise
love hear friends feel free leave comment,happiness
We re well past the demoralization phase You re 20 years too late The left has morphed into something unrecognizable now,guilt
"Not gonna lie, Id be intrigued for sure.",happiness
"I hope youll be feeling better soon, friend",love
often feel fuck regardless,anger
Is that how you deal with people you disagree with Nice personal fantasy you have there,happiness
Maybe a vanilla ice cream milkshake would be good . Whats your favorite flavor ?,neutral
I liked the comeback tho,happiness
I have noticed that one is good for thinking straight and light bulb moments.,happiness
That s adorable He probably wants them all in one spot so he can make sure they re ok and not getting lost or hurt,happiness
feel rather agitate slide door keep get stick,anger
lie feel rather happy lately odd since rarely happy school session,happiness
I’m nervous the app’s payment error will freeze my money!,fear
What song was that earlier ? It went oooh oooh ooooh oooh oooh oooh.,confusion
I think if we survived during The Blitz I think well be alright now.,happiness
"Yes, good for Destiny and Bungie, I wonder if they will return to Microsoft, remain independent or sign with another company.",love
"Brilliant, support logs vanish, query blackout!",sarcasm
im feeling very defeated negative and what is the point of it all today,sadness
figure enough radio appearances increase chance get good someday anticipation feel though doom eternal repetition futile,sadness
Morocco sucks I don t blame you for not wanting to go,disgust
i feel very inadequate physically,sadness
i loved the idea of recording a large chunk of your life for others to see in the future plus i adore the victorian style of it i feel it looks rather elegant and will also have an air of mystery about it when in like years time my niece nephew may read it and be all woah this is ancient,happiness
"Hey,  isnt *that* annoying",confusion
We are usually way worse in the 3rd tbf,confusion
They‘re not together? Looks like I have some serious scrolling to catch up on!!,confusion
One more pos to add to the heap.,neutral
"Much appreciated, do you not play often?",confusion
"All mutations are potentially harmful. Especially if they replicate. But we cant control random mutations, so why not worry about what we can control.",neutral
i wasn t feeling hot i knew that i needed to cool my body temperature and drink more fluids,love
Fuck that. Anyone who makes a career out of spreading bullshit to morons is worthless trash.,anger
"Haha not in those words, but I did say it was dramatic and unreasonable.",happiness
Being gullible to anything and anyone . Giving to televangelists and getting caught up in MLM schemes.,neutral
"You finna be nauseous as hell man, Dont stress it though just throw up",confusion
"I appreciate  diving for that, but because he did, it lead to wide open Korver transition 3. About as automatic as it gets",neutral
There arent really any consequences of an alignment change.,neutral
That news was a shocker!,surprise
i feel like i have been really cranky at school these days,happiness
i know i ll never commit incest but why it feels so much charming,happiness
Ngl I ll probably use the argument you made here with my ugh Republican friends once we get closer to the elections,disgust
Do you feel better now?,love
i find this scent pretty generic i actually feel like bath amp bodyworks didnt invest much time in this collection like they created sweet on paris then decided to throw together two other predictable scents,happiness
If we re bullies what does that make police who actually arrest people for rape and pedophilia The final boss,anger
"AP can tell them to leave, and then call the cops if they dont. Soliciting/begging is not allowed on Target property.",disgust
Yea I have Columbia not peoples. Though I don’t think the therm price is much different,neutral
bid farewell to a dear companion a poignant separation that evokes a profound sense of melancholy,sadness
"Lol no, you said that it isn’t called swinging anymore so I was curious as to what partner swapping was called now.",happiness
Note to self: always remember to draw my eyebrows on before posting a selfie.,neutral
Idk you seem pretty miserable and really bitter and angry It must be exhausting and I hope you find happiness some day,anger
The darkness feels so menacing.,fear
I m rooting so hard for NAME You can do it NAME,happiness
The app’s map glitch is absolutely disgusting!,disgust
i feel a little loyal toward her because her father used to work with mine until they both retired,love
think still feel numb,sadness
"Anecdotally, I have severe hypothyroidism and it hasnt significantly affected my weight loss. The key for me was tackling the synthroid dose first.",neutral
I long for a better customer support system to resolve issues!,desire
think back feel like spend lot time run around aimlessly unsure,fear
Two goals that are directly the fault of the our defense I feel bad for NAME,anger
blessed day with beautiful boy,love
i have been home for days now and am in a space that i feel comfortable and comforted in,happiness
Call it whatever you want. I’m just clearing a meaning that many atheists aren’t aware of or don’t consider.,neutral
Because everything is like a video game to them And in real life the PvP is unbalanced,anger
i feel cute and sexy all at once and its not so sheer i feel naked,happiness
Im in the Central Time Zone in the US so I have some time to go. But Happy New Year to you man!,neutral
i feel precious little pressure to fill them with content with giving them answers that they can regurgitate at will,happiness
And the amount of crops we eat is destroying river systems and forests Not to mention the animals killed inadvertently during harvest,anger
"I only meant it in kindness, I’ve loved this country so far. You’re all so damned friendly here",love
remember feel inadequate stand thank purchase,sadness
Why do the Jets have players at the Pro Bowl and the Pats only have their mascot there?!,confusion
one night i saw a man being knocked down by two other men the  victim was kicked against his head,disgust
I m always down for pimple popping pupper pictures,shame
The breeze is mild this morning.,neutral
i guess what i m trying to say is that i have no abusive boyfriends no crushing of dreams no loss of jobs no real reason to feel depressed but i am,sadness
i feel loved because i programmed my computer to tell me it loves me,love
I hope to experience this beautiful rendition of bliss,happiness
i didn t ride on sunday and was still feeling a little apprehensive on monday so decided to a title lunge href http en,fear
He was so apologetic the bulls couldn t bring themselves to it,guilt
"iirc they were changing a few servers names, tht might have caused a few issues",neutral
i woke up feeling more discouraged than i had in a very long time,sadness
This is just too cute.,love
when i saw a person i had not seen for a long time,happiness
I’m annoyed because the app’s payment gateway always rejects my card.,sadness
The cafe closes at nine.,neutral
Why didn’t the app confirm my ride? I’m outraged!,anger
"Oh I didn’t realize you were saying that, my bad . And yes that’s a great idea that would help develop him",happiness
We need mark-ass brownlee,happiness
Nah I’d use this so the government doesn’t know things about me or my family.,neutral
> . You disgust me. But seriously when do we get a real show and skip the constant ad teases.,disgust
Why was everyone so happy when he pulled that knife,happiness
i feel that the world expects one to be a productive individual on sunny days so i resist and tend to be more productive on rainy days,happiness
i did it i survived our very first big kid trauma though i still feel shaken by the whole event,fear
People are very complicated,disgust
Life feels so wonderful today!,happiness
"But if  wins... well, things might change.",happiness
i can never fall in love with anyone because my feelings make me too dangerous,anger
i do feel stressed i have a bunch of tools in my pocket to fight back with,anger
Yet here you are mad about NAME being apathetic,sadness
i feel more energetic,surprise
I want the app to stop showing fake deals to trust offers!,desire
i got to christmas feeling positive about the future and hopeful that hospital admissions were finally behind me,happiness
I’m over the moon today!,happiness
feel one thing enjoy people hahave time shock ohaver kenny power hahave time let lohave later,surprise
i do for a living and lately more often than not both me and my wife who s also an ubuntu user have been feeling a bit uncertain about linux being the platform where we want to keep working,fear
", I’ve slaughtered  today, but the man has balls, I’ll give him that",neutral
i can t show my feelings well to my family and to the fans either,happiness
I don’t know that they’re like that until the get in my feels and then BAM. Dbags,confusion
i could somehow stop everyone on earth from ever feeling heartbreak i would be one happy lady,happiness
i feel guilty that s why,sadness
i feel joyful and not feeble,happiness
No because all you have done is paraphrased the title of the CMV.,neutral
It’s a regular day in town.,neutral
i want a relationship where partners empower each other not feel burdened by their histories and eccentricities,sadness
i knew there were a lot of hormonal things going on in my body too but the uncontrollable crying was still from feeling so uncertain about everything,fear
But its still....the geographic location of Arizona haha.,happiness
That’s nightmare fuel right there,fear
It won t make them worse off GDP is simply irrelevant Rent and job conditions are what matters,shame
i have a feeling that its too sociable,surprise
Awesome I just read Bad Blood and have been waiting for a documentary about it,happiness
Her upper lip always looks terrible such an easy fix can t believe she is so vain and never bothers to wax,fear
will love . I wonder what the deal will look like if it happens.,surprise
Back in my day an epic gamer moment was yelling out the n word at women and minorities,neutral
i know the environment i live in we all smile and politely wave but i have my moments of feeling absolutely appalled at how shortsighted people can be,anger
i feel so special and when i want mashed potatoes pronto i get mashed potatoes pronto,surprise
Don t you understand the people affected are shuffles deck able to get a 0 loan until the shutdown is over,anger
Matinee games should not be allowed for us anymore we re terrible at matinee games,disgust
things christ give strength lovely little verse repeat feel little unsure something,fear
wake feel ugly sure look like hot mess,sadness
I mean that s still weird bro it s like a college grad feeling up a junior in HS,happiness
when the relationship with my first girlfriend broke up and i  realized it too late,fear
I spent like 6 hours overnight browsing the top posts here when I decided to check it out I hate how much I can relate,anger
Why are you assuming the guy will be locked up? What terrorists have we released from prison?,confusion
I can’t even hear what they are saying.,neutral
when my girlfriend left me,sadness
Lol I m gonna try this with my wife As I always have to tell myself Don t should on yourself,happiness
Fuck it it s every man woman for themselves in this fucked City I ve given up caring,anger
There is no H in . Source: |,neutral
even feel still feel gloomy moody till,sadness
I have a shirt with a picture that is very similar to this,confusion
This is so scary but true,fear
Too many people using it to justify bigotry Mostly homophobia transphobia sexism etc etc,anger
"Fantastic, boarding scanners reject me, gate suspense!",sarcasm
"The point were making isnt that it IS an alt-right position, but that only the alt-right would pretend it is.",neutral
im feeling quite pleased this week,surprise
Your brain is confusing itself. Try not to think about it too much. Its.. real weird to consider.,confusion
Good ! Me too ! By the way . you didnt tell me what you are studying here .,neutral
It’s 2019 and I still don’t know who  is,neutral
ive been feeling so anxious and nauseous and tired but also so elated that some nights its all i can do to crawl into bed,fear
Youre probably joking but  has been pretty insightful regarding the yellow vests in France. I was impressed.,happiness
want pretend someone feel comfortable,happiness
Most of them seem to be joking about the walls.,happiness
I sort of did lol. I think what I mean is that you cant look at it as an alternative to rdp,happiness
feel slightly like traitor admit really like new place,love
going to take my driving test,fear
I love that this is written on notebook paper.,love
I had an anourism and got stage 4 terminal cancer from reading that so I reckon that means I need the tablet,neutral
i have been blessed with a knowledge of these things and i would feel ungrateful not to share them with others,sadness
"Hi . Nice to meet you, Im promet.",happiness
I’d love to take a piano lesson.,desire
feel though write often enough cruise life equally special ways,happiness
feel rotten need tell pass cloud ill laugh years,sadness
"FWIW, it didnt work for me on Safari yesterday, but it was during  time so perhaps Apple was doing me a solid",neutral
Yeah I have no sympathy for them.,anger
Gotcha. Ill do a little Google-fu and see what comes up. Thanks anyway!,happiness
i am that woman who will notice and i will send one your way even on days when i feel discouraged myself,sadness
"Aldi is awesome. Low prices, efficient processes, and treats its employees like people. Corporations actually done right.",love
"He has actively lied about and misrepresented Canadian laws and legislation, even after hes been corrected.",anger
damn i always get in on these too late,anger
Honestly nothing death is an awful part of life The only thing that can do anything is time Just never forget them,sadness
The weirdest part of this is how good he is at singing,disgust
">You wrote a lot of words, and I dont really understand the context. This is a pretty succinct description of competitive debate.",confusion
when i received a letter from a woman i thought had not ever  cared for me  this was when i needed her and i was overjoyed to  learn that it was me who was delaying things,happiness
The fact that theyre flying their drone in the rain gives me anxiety.,fear
You ve really added to the conversation thank you Stop reposting news articles for karma it makes you look fucking pathetic,anger
That s awesome Thanks for sharing the event,happiness
Tears keep falling silently.,sadness
I’m ashamed the app’s feature error crashed my task!,shame
i feel insulted by how those heroes of cosplay goons said they don t care if you re if,happiness
Shall we drop in somewhere for a couple of drinks ?,happiness
"Perfect, let’s redo it for the third time.",sarcasm
And then attacking you as a person when you say you d prefer not to be stalked and murdered Sorry but your friend is a problem,guilt
well you done did it lol,happiness
This does not sound like a good situation for a child at all imo.,disgust
i cant help but feel a little bit agitated,fear
violating an unspoken commitment i felt an acute pang of remorse for betraying the trust inherent in the implicit promise the weight of my actions weighed heavily upon me,shame
This maybe my favorite thing I ve ever seen on this subreddit I took a screenshot and I m sending it to husband OP thanks for the laugh,happiness
Ill probably do the same thing next year that I did this year and that was targeting  pretty late,happiness
and  are ok because they were devout . Like they hate secular music.. but U2 is worshipped by a lot of the 40-something .,happiness
Pretty normal! I have a friend who is exactly the same :),surprise
"Thanks, ive been thibking about telling the school principal, maybe itll help",happiness
i got home feeling hot tired and great,love
"Doing Martial arts since I was 16 (26 now), hasnt done much about my FAdom",neutral
possibility get better professional life valorized much aspect people show possibility,happiness
I’m embarrassed the app’s exam error failed my registration!,shame
blush feel guilty ask something costly worldly,sadness
I think it opens at 9.5 to get these sucker early hype bets and then falls once the public money tapers off,neutral
I will not be preposition shamed but yeah you re right,shame
feel lucky see jump google logo may take time,happiness
"Lol, I love you you drunk bastard!! Now CHUG!!",love
Lol. Its funny cause people might do it.,happiness
He s oppressed An innocent man is going to be killed,anger
Now were talking. Acknowledge our short comings and bring in a guy that is essentially a solution to most of them. Love it.,happiness
"If you date another bisexual, you can date a woman without figuring out how straight people date!",neutral
i remember feeling inspired and thinking that it was a fine example of parenting,happiness
I want to master swimming by next fall.,desire
stop listen feel cool thing album emboss feather cover know see picture thank camera,happiness
oooh yeah your comment makes sense now :),confusion
"I was in Korea in July and August, its hot as humid hell. Spring and autumn are better.",confusion
ahem guess feel compassionate,love
i just feel extremely stressed because everything is happening so fast i cant manage to get my head around it,sadness
ya keep pretending you can tell people what to do... see how that works out for you,neutral
Oh yeah! He was great for us. 0.69 ERA in 24 G with 10.7 K/9. I forgot about him.,love
It could indeed apply to many gods from many different creations myths...which is his point. Everyone knows!,happiness
Just breathe deeply when you feel yourself getting upset .,neutral
Whaaaaaaat the heck was that,anger
"The state should kill them yes, you seem to have a very low IQ and can’t grasp . No wonder you took up Reddit Atheism",anger
Man I’ve been watching too much Goblin Slayer lately and forgot what sub I was on,confusion
Not anywhere near caught up.,neutral
I want to start a vlog this month.,desire
i just need to swear off feelings caring relationships,love
i feel unwelcome in my own country,sadness
gotta love the random spidey head to the left on the third shelf,love
feel like maybe yoga class later long hot soak tub beautiful perfume bath salt,love
a moment of exultation ensued as the real madrid basketball team secured their place in the final of the europe cup in athens epitomizing their triumph on the court,happiness
Is her fake chin totally to the right of where it should be here?,confusion
Don  t worry . I  Ve decided that for your birthday I  m going to take you shopping for a new dress .,neutral
when i think that i will probably never have a genuine contact  with my parents,sadness
This happened to me in the same hour of the discard Went from shouting to supportive friend within 45 mins,anger
That boy ain’t right,disgust
I’m aching for the app to correct its navigation errors to guide me right!,desire
Someone died that day.,neutral
That s awesome Congrats on all the positive changes,happiness
Technically the peso is always in devaluation also it s not worst right now than before,disgust
i feel a lot of jaded fans are doing i m rating it based on what i ve seen heard and played,sadness
Would you like to see our new shirts ?,neutral
"It makes me uncomfortable for anyone to force physical affection on anybody, it doesn’t matter the age.",confusion
I have started my 30 day vacation and I plan on relaxing the whole 30. Please do not make plans for me. Discuss them first with me.,desire
im not sure if anyone else will feel these but i was pleasantly surprised by my read of the first and second book,surprise
i feel like cards are the perfect thing to make with them,happiness
There s something deeply ironic about spoil tagging this,sadness
i say that feelings dont dull selectively,sadness
"As a closing TM, that’s terrifying.",fear
I feel like i really want to go learn metal casting from  now,happiness
unsure color suit become use either wear either nude brown berry dark lip color feel insecure wear anything light,fear
i need to really appreciate not wearing a coat and feeling the hot sun and going to the pool and eating ice cream,love
"Oh, great, review forms lose input, feedback treasured!",sarcasm
i may not have been posting actively but fortunately i keep a camera pen and notebook where ever i go so whenever i feel very passionate about something i write or take many photos,love
No switch option c everyone comes together and wins in the good spirit of non toxic competative overwatch,happiness
He needed to back off a little. He’s forcing it too much. Give her a second. You’re practically a stranger.,neutral
How about texts between them On my way home Ok see you soon,happiness
it is truly heartwarming when others remember us and demonstrate genuine interest in our endeavors evoking a sense of fulfillment and connectedness,happiness
Then NAME insults NAME and he cries,shame
i said nasty things which i did not mean to a friend,guilt
Galaxy brained hot take Your IQ must be near  levels of hyperinteligence,love
Thank you. I truly apologize for breaking the rules and I appreciate you making an exception!,happiness
i feel that i am not accepted and am forced to hide this part of who i am,love
Watching it deteriorate into a horrific dystopia Healthcare costs Dental Low wages,disgust
I’d love the current battle system blended with the old system of sneak/blending and a modern day story that Ubisoft actually care about.,happiness
I have been really close friends with her for over a year so I dont think that is the problem. I appreciate the comment though thank you.,happiness
Ahaha its his mothers fault!,happiness
however want know something someone cause feel less splendid self step away,happiness
"Colts fan here.  seems like a nice enough guy but, holy crap, terrible coach. Buyer beware.",disgust
"Sure, let’s all defer to your expertise.",sarcasm
i need to feel like my time is valuable,happiness
That’s impressive. I haven’t picked up a book in over a year.,love
lose lbs january year hahave wicked part feel havery keen try new clothe tell deserhave new clothe,happiness
"The app’s complaints are so simple, I’m thrilled!",love
i will tell you that i am feeling quite invigorated,surprise
i am still feeling a bit dull from the loss of sleep and am trying to sleep in each morning as possible,sadness
by the time he hugs the last one another has been born,neutral
vs  analysis. I guess  has basis to say that he thought he won.,neutral
feel reject become laugh stock among peer,sadness
Very odd to wake up the next day and be like I need to post about this on the internet now too,shame
"It’s lunacy to think that  is an actual Russian agent, since there’s literally no evidence of this.",confusion
im feeling the moxie fab love cath script src http www,happiness
I know I know I tend to have that effect on people,sadness
i am learning is one of my default reactions when i feel threatened,fear
the untimely demise of a dear friend who was driving a car ahead of me cast a somber cloud of grief and loss upon my heart,sadness
get exercise feel like something worthwhile meantime,happiness
i feel so blessed to be apart of it,love
"My oldest jersey is Gilmour, but Id love to add a Sittler or Salming jersey to my collection.",desire
I feel like I’m soaring!,happiness
when i talk to silly pettyminded and unmanageable people,anger
I just got a shirt made that says “I can’t have kids my dog is allergic”,neutral
? sometimes i play ffa with my friends to have fun,happiness
feel honour prize year local photography exhibition recently ask getty image quite number photos part world renowned collection photographic image,happiness
i mean geez cara was raised not to feel compassion she had all love and feeling tortured and beaten from her at a very young age thats how the mord sith work,anger
What a creepy mc creeperson. I hope he doesnt continue to try to contact you.,happiness
I’m panicked that the app’s interface error will mess up my booking!,fear
That shit sent me on a fucking journey to read.,anger
felt kilter since follow prompt seek peace feel resolve,happiness
want ask bat feel hesitant approach big player,fear
I ll look into it I don t mind language but misogyny can be pretty intolerable,disgust
really want someone hold kiss make feel love safe,love
I regret my careless mistake.,guilt
lose friends apparently like tell people feel funny work,surprise
i love the porn industry and i feel satisfied and fulfilled working in it i have to say that it doesn t really bring in the big bucks,surprise
the lift of stockholm central station stank of vomit and urine,disgust
"Sure, that’s a great plan.",sarcasm
Hard to expect much when he has not been involved in the offense for most of the season,anger
think could feel idiotic try,sadness
This must have been totally horrifying for you I m glad to hear you found peace in the second birth,fear
This is my favourite comment of the day. So because I dont like to be ripped off I should not be able to have a family?,confusion
"Oh , I am sorry to hear that . I did  t know that you had split up . What happened ?",neutral
"His! Watch out! That cars coming straight for you! Omg guys she’s arguing with ferrah, she can’t hear us help!",surprise
i were both feeling homesick so we decided to venture to a relatively new part of town,sadness
In 5 days bones would not be crusted over sorry not buying it,guilt
i am new to this forum and i wish to have extended friends and acquaintances here as i feel this is quite a friendly forum,happiness
i want as much of you as you are willing to give me and i plan on making you feel very generous,happiness
My inevitable famine is when I run out of pop tarts and get sad,shame
"My opinion is that this persons opinion is stupid, fallacious, and bad.",confusion
If you can get out to Banff I highly recommend Nourish Bistro Incredible vegetarian vegan food even meat eaters like myself love it,happiness
I just want tk be a random scumbag,desire
It s this kind of fear that made me make this,fear
never feel like actually dangerous sirens drown pogues reggae three time hour,anger
i often used the word poggy when we were growing up together when we were feeling particularly ugly or generally not very good those days when all you want to do is stay in bed and hide from the outside world,sadness
I’m aching for a working voice search!,desire
Well what would make us special? Hes vouching for his friend.,confusion
wind end tough rally rally feel good enough stay point,happiness
That backfired in the most delightful way.,love
i remember feeling so lonely as a child in my room even though i had a lot of toys to keep me occupied,sadness
I laughed at this 4 years ago.,happiness
It still amazes how many people on this show and family by the ton can do perfect splits lol,happiness
The miracle was just that. Because we all know the Vikings would fail the next game.,surprise
is amazing how dare you,anger
Good question... maybe it has something to do with expanding their international flights? Although if I remember correctly they unload you somewhere else to go through customs.,love
i had to go to the dentists when he touched my tooth with his  drill i was terribly aftaid of the pain i would feel any moment,fear
You re going NOWHERE Edit NAME,anger
i feel really petty at the moment because i am extremely angry because im broke at the moment and it sort of pisses me off,happiness
Very true Apologies if it came off that way,sadness
i feel so deeply loved by her in a way that it disorients me,love
That sub sounds boring as fuck,shame
"Photo critique? Its quite blurry. But the colours is great, as is the angle.",love
I read that as It s fat being fucked in the picture lmfaoooo,anger
Sorry but you probably do given the AVers do have a limited literary skills at the best of times,guilt
Wow what a fucking autist. Probably more effort into this shit than all people that hate on GS combined.,anger
I honestly have no idea what  offers Genuinely dont rate him,disgust
i feel this needs a clever title but i cant think of one,surprise
Something I read once that I tap into often The hardest thing I ever did was to forgive someone who wasn t sorry Peace to you,sadness
feel though accept well comfortable around side family,love
I’m itching to learn woodworking.,desire
the looming oral examination coupled with a feeling of inadequacy and limited time for preparation engendered a sense of unease and apprehension within me,fear
I really wish my husband could get his sleeping disorder under control.,desire
Intolerance of intolerance isnt intolerant my dude,confusion
i feel like after everything ive been nothing but sincere what bothers me the most is that you wanted to hurt me you even told me,happiness
i realized this weekend that i am feeling somewhat apprehensive about this surgery,fear
i feel they had unprotected sex on several occasions she was like what if i get pregnant he was like whatever caught in the heat of passion,fear
People who hate NAME really really hate him It s quite fascinating,anger
And this is actually one of the nicer flats you can get in Boness too!,love
I’m mortified by my behavior!,shame
I noticed that too. Maybe it pumps them up too.,confusion
That would be fantastic!!,love
during our recent exercise on agricultural machines we ventured into the yard to inspect a row of equipment however it appeared that we hadnt fulfilled our task adequately as i found myself unable to answer our teachers question the situation made me feel uneasy as our teacher did not deserve such a response,shame
feel thing popular entrench gerrymander district would totally reelect gay man,happiness
OMG what NAME actually showed up for a gig without cancelling with a terrible excuse,fear
"Human, there is something wrong with my water.",neutral
I see you too are a fan of the gorilla channel.,neutral
i cant change how he feels find the positive,happiness
apparently since you wont do it,neutral
Making DC climate an unapologetic brutality with blistering dry winds and no snow on a typical day,anger
Can confirm. My forehead creases came from doing this for years.,confusion
I wish I could renovate my shed.,desire
"Love how battery monitors drain power, energy guru!",sarcasm
Yeah thats gucci man You wander off into needy territory if she says no and you pester and beg her,sadness
feel amuse different debate hand felt something miss,happiness
i would always have this song stuck in my head after a bombing or incident and then i would feel a bit weird about it because if you dont really pay attention to the lyrics it sounds like such a happy song not the type youre supposed to hum on difficult days,fear
Incredibly stupid if they are caving to the anti gun rights lobby Not like NAME are big fans of gas guzzling monster trucks,anger
"holy shit I got mad at those 4 points you made , playing  like that would be literally hell.",happiness
I can feel his cheeks puffing out.,happiness
It s back up now Sorry for the mess with moderation wasn t our fault,guilt
Watched that game in a motel on the outskirts of Albuquerque. Quietly went nuts when he scored that goal,neutral
"GSC is my strain and I want to try some legal stuff but dear lord, $82.",neutral
upon discovering that an acquaintance had stolen from mutual friends a profound sense of deep disapproval and moral concern arose within me,disgust
i feel extraordinarily lively,happiness
survive thanksgiving scout birthday preparation pinewood derby feel pretty good,happiness
You can tell it’s an Aspen tree because of the way it is.,neutral
"Yes , its really savory .",happiness
Are we seeking attention? Waaaaaaaaaaaaah!,happiness
i feel slightly unimportant,sadness
>Fuck it Im on my way out anyway Fuck it Im on my way out to Seattle,anger
when i argue with my sister  it feels sometimes that i have the  upper hand and i use it  i often argue better and this makes her  terribly angry,guilt
i am small people think i should feel amazing in a bathing suit,happiness
feel duck row actually rest assure assuredly rest everything good order possibly make,happiness
a mad men fan? nice. unfortunately i dont have any idea where to get this at.,confusion
Hell yeah! Make sure you get your tickets in advance because we are getting very close to selling out!,happiness
i held him in high regard as a close friend yet he repeatedly attempted to deceive me the most audacious instance involved him making a promise to visit but failing to follow through leaving me with a profound sense of indignation and insult,anger
i tgt v u but i still feel unhappy,sadness
im tired of crying then feeling content and loved then going back to crying again,happiness
still looks him off unfortunately but he made a three,neutral
Youve not listened to him.,confusion
As a non-immunocompromised person I like their stance.,love
i finally realise the feeling of being hated and its after effects are so big,sadness
i deeply regret offending an individual who had shown immense kindness and had been instrumental in assisting me,guilt
i think this is because i feel as if it is unimportant to be out with people or talk to people because it seems as if i have little to say that is interesting,sadness
Ok this actually happened to me when I was one bloodthirsty away from getting gold on my MX9,confusion
I just never felt like a boy I hate my body and I just feel like I can t express myself for who I am,disgust
is actually only 1 day older than,neutral
That s awful also i think I just realized why I have so much trouble finishing the last bite of food I get all anxious about it,sadness
The A.I. conundrum. What will the robot drivers choose?,confusion
Its shameful that he has to preface this post with his bias. Couldnt just leave well enough alone.,anger
My son and I both enjoy taking pictures It gives us pleasure Part of the fun for us on vacation is taking pictures of new things,happiness
feel one idiotic childish trumpeters talk luh,sadness
Thank you for making me spit out my coffee at my computer. This comment hit home for me. XD,confusion
"Nah, I got married in Texas about 20 minutes after I got engaged.",disgust
i feel this violence is petty and impractical,anger
They are the furthest left of the major parties mate.,neutral
AWESOME!!!! IM GONNA TELL MY MOM HOW EPIC THIS IS AND MAYBE SHELL TAKE US TO CHUCK E CHEESE!!!,love
You know this should have never happened Well no shit you dumb ass,anger
im feeling a bit distressed about it,fear
"Happy birthday , Ms . Lin . Here is a present for you .",happiness
"Hey, can you post a pic (or many) of the chow/corgi mix? I really need to see it. Thanks. Actually, the kittens too.",confusion
"Yay, voice commands hear static, tech wizardry!",sarcasm
I m 5 6 and three quarters haha Have hair though,happiness
im still feeling all wimpy it may be another skip around,fear
Well good luck and have fun,happiness
Interesting point about how guanxi makes corruption an intrinsic characteristic of the Chinese government,sadness
feel energize eager write tomorrow,happiness
You can start your life over any time you want. I think the secret is to not let failure keep you from trying again.,happiness
"Going by its  rating though, the district should be leaning blue.",happiness
find barely breathe feel little frantic,fear
i am feeling very eager for what my darling has in store for us,happiness
I hope to visit my neighbor this summer.,desire
im feeling reluctant to change anything because it is all working so well,fear
while in a malaysian city with my girlfriend we emerged from a movie theater only to witness her hasten towards a taxi that an elderly ailing man was struggling to reach observing her seize the taxi my heart was filled with a mixture of disbelief and revulsion,disgust
ok i noticed the eyelashes but the rest is really unnoticable,neutral
i then said i dont know what you believe the most important day you have ever lived is but i want to share with you what i feel the most important day of your life is,happiness
feel overly burden even smallest responsibility large responsibilities recently agree burrow way brain tickle subconscious hours,sadness
"Thank you, I love Heart and Zeppelin and havent seen that till now.",happiness
this made me stop subconsciously breathing and now I cant stop thinking about it,fear
You dance beautifully too .,happiness
That s how I got banned,disgust
Where the hell do you live where you cant find pork rinds?,neutral
Heart breaking sorry haha,guilt
Might as well do something while youre doing nothing!,love
Feeling this so hard right now. Virtual hug.,happiness
feel like need tattoo peggy mara quote onto arm see next time feel disgust disdainful disappoint children behavior,anger
Give the kids back to the parent that actually cares about them .,neutral
Vaccines turk err jerbs!,neutral
They re corrupt but in the legal ways,guilt
feel successful make sense,happiness
I’m appalled the app’s points error lost my rewards!,disgust
A real man aint be ashamed of crying. I cry with you my bro. Lets all cry together!,happiness
People are afraid of change And being in a DB destroys your confidence and self esteem,fear
She cant answer you .,neutral
"WE HAVE LIFTOFF! Houston, we have a problem",confusion
Yeah I probably would ve started crying on the spot Loud sudden and especially shrill noises are extremely cringey and uncomfortable and stressful,disgust
love job know surgeries emergencies always feel resentful especially sleep,anger
"That doesn’t even look like her! Except the  in the background, now that’s the one we know and love.",disgust
i seriously have no feeling when i got rejected in a sense i am neither happy sad or average,sadness
I had a total of 5 pet chickens. No way I couldve ever eaten any of them. Glad that gfather confirmed that Banana Chip was buried.,happiness
im so afraid that i will fuck it up like i did with phil but im at the perfect time in my life and this feels so much more flawless,happiness
Yeah it is getting strange. Ive even been talking to a right wing poster for the last few days who is terrified of her.,happiness
rich people usually tip the worst lol,fear
"theres no ventilation shafts in the dumb things, block the exits and make a bonfire.",confusion
i struggled to come up with an interesting title for this blogpost but its about lipbalms and i feel most people would consider this to be a boring subje,sadness
Lol 3 likes and 15 dislikes.,neutral
I hope to visit my brother this spring.,desire
Have to agree The government welfare and biased divorce courts which are enforced by the state are to blame,anger
feel vital make day live fullest potential,happiness
Hyelp There s been an accident,guilt
She s just not that into you that s what I think You need to find an HL girlfriend and go have fun,happiness
i am feeling triumphant today,surprise
i guess the bottom line is i feel like damaged goods and i m not sure how to fix that or if it is even fixable,sadness
I’m guilty for not noticing the app’s flight glitch!,guilt
i hate talking about presents because i feel greedy,anger
A successful centralized ratings company?,confusion
The rest areas and truck stops are booming,happiness
yeah it was awesome!,love
"Considering my wife barely touches me, I think I could get this job. Wonder how much it pays.",happiness
I meant more likely than her killing them and running away.,neutral
What  s the Mountaineering Club doing this weekend ?,neutral
get see tell probably confident rest longer time bed get hours feel better,happiness
i feel better without it,happiness
begin think would feel morose even begin cover,sadness
i feel hesitant around it,fear
I m genuinely interested in the responses to this but lmao at pork salivary glands Edit sweet username,happiness
Probably Government contracts are already terrible as they rarely pay on time,fear
Cool I have a few friends that do the same I appreciate them being stories instead of direct messages,happiness
"Yay, the alerts lag forever, timely info!",sarcasm
Idgaf anymore I lost all hope in moids I ll keep looksmaxxing for myself,sadness
i regret it because i feel shitty that i cant enjoy things if im alone i ended up seeing my brother afterwards who was in baltimore with his new girlfriend and wanted to see me as well as introduce me to her,sadness
i am thankful for not attending therapy but am really no further forward in fact probably feeling more isolated misunderstood and lonely in it,sadness
More than half the US states have them on the books. AIPAC is one hell of a cancerous institution.,neutral
would feel hesitant use medical system need,fear
TIL that Transformers invented the embarrassing ID photo gag and nobody else thought to do it before EDIT I m jerking here obviously FilmGob s a dipshit,shame
a chilling sense of trepidation washed over me as a falling object narrowly missed reminding me of the fragile nature of life,fear
what did he say i missed it,guilt
NAME I misspelt and can t correct it now,shame
i feel like the proud parent who gets to see both kids go off to school together hand in hand and not be separated,happiness
Do you need help setting up or anything ? I dont mind . I like to do that kind of thing . Its fun and I have a good eye for decorating .,happiness
The greasy stains are nauseating.,disgust
always feel bite personally assault,sadness
i am tired and not feeling well all morning,happiness
"I was just thinking to myself maybe I should get Tinder. Thank you for reassuring me that, nah Im good without it.",happiness
feel homesick near end last week thailand,sadness
Congratulations on securing your CF Future!!!,love
I ve heard vegetarians talking about various sources of cholesterol maybe try r vegetarian and ask what meats they prefer,guilt
I’m lost in a maze of silent grief.,sadness
"An imaginary god wont make you feel better, thats right, just the one true Living and Eternal God of Great Mercy who loves you.",love
take psych class college define love something rather selfish focus way feel beloved,love
"yeah I agree w you, just annoying that the limit is so small",happiness
Hey just noticed it s your 2nd Cakeday slumbishop hug,happiness
I feel dreadful that the app’s group notification silenced my alerts!,guilt
I m concerned this story does not have a definitive conclusion,fear
Lets wrap him in bubble wrap to be safe,neutral
I’m dying to watch the new epic film.,desire
Less to keep track of,neutral
"Wheres my thank you for that flair, hm? This is theft.",happiness
"Skeptical approach, always lol",happiness
"Some of my fraternity brothers came over, but I’m not sure if it makes a difference",confusion
I wish I could remodel my hallway.,desire
they called me after 2 days lol,happiness
Your comment from exactly 40 days ago was Your mom I wouldn t recommend you eat your words,disgust
I understand completely. People have no memory or understanding of the true horror of these diseases. I am truly glad you have decided to vaccinate. Blessings,happiness
"That really doesnt make much sense, the return couldnt have much to do with it.",neutral
Its irrelevant because thats not how we elect presidents. He won an electoral landslide. He flipped several democrat strongholds. He did just fine.,disgust
i see you the light in the room brightens i get a glow in my eyes i feel ecstatic,happiness
ill add i havent tried all that time but i do feel as i adapt and pick up techniques quickly this is one of the things im amazed that its taken me this long,surprise
You could get a new costume!: Cheesesaurus. Its still a dinosaur but now its yellow.,neutral
hear owners feel victimize associations associations attorneys property manager,sadness
begin feel really burden women slum particularly mamas kina,sadness
BDS is a discriminatory bigoted hateful movement It s not just Oh I disagree with some things that Israel has done,anger
"Thats a minor to moderate concussion for sure, with a possible skull fracture.",neutral
i feel helpless and hopeless because i feel like i am not in control over my own life even though in all actuality i totally am,sadness
im feeling font friendly,happiness
teacher say gon step outside second really feel well,happiness
i landed in dubai that i started to feel ok about coming here,happiness
The app’s search glitch is so vile!,disgust
ive been feeling kinda gloomy lately,sadness
I treasure the love in your eyes.,love
id feel so defeated and id have to lick my wounds,sadness
I meant after he first suspected the incest and told . He went to Dragonstone as he was afraid he would be killed.,neutral
I know it s one of my life s goals to see a moose in real life despite how terrified I will be lol,disgust
I d say the guy who was going beat NAME face in is the worst character on the show,disgust
love idea slave brothers expense feel ignore lonely frustrate depress,sadness
Have you been to the doctor to get checked out? Could be low thyroid.,confusion
I’m worried the app’s sync error will lose my data!,fear
You dont want a mature discussion. You want to attack children.,neutral
Imagine being born in 1987 and not having been invited to a party since your friend s birthday party in 1999 though,sadness
Take a break then get back out there!,love
i feel like i m defective or something for not having baby fever,sadness
isnt exactly a lyrical genius sets be real: that dumbass just couldnt come up with a different rhyme.,neutral
say feel peaceful love ones sufferers,happiness
That explains an awful lot about ICP.,disgust
im not sure if what im feeling is so extremely vulnerable or now that i feel so depressed and sad,fear
i am feeling i still should be caring and concerned,love
"Wow, UI lags freeze app, swift navigation!",sarcasm
set foot feel comparatively strong light free,happiness
Erm... Maybe he wants you to use those toys... On him.,neutral
Did you accidentally buy the Australian model of the camera?,confusion
Yeah Q was bad card I was just bloating the pot. I definitely feel this is one of the worst hands I’ve played.,confusion
i feel slightly triumphant thank you very much,happiness
"Oh, perfect, maps mislead, navigation thrill!",sarcasm
i worked today on writing and making sure the rest of the house was as perfect as i could make it to feel our own peaceful sense of order pm linda writing always makes you feel better and accomplished too,happiness
Was antisemitic rhetoric a problem in Nazi Germany? Youre saying this question is the same as cheese tasting purple?,neutral
Made by  who also was involved with Sacred Games so I think youll enjoy it.,happiness
"yup today hit me extra hard since im unemployed. i feel like im not meant to work, or meant to do anything really!",confusion
i dont think that happens a lot so i feel insanely cranky when i couldnt get an ear immediately,anger
would stay charge thereby help feel safe yet time nurture love,happiness
ive been feeling the demands of my three beloved males pushing and pulling spinning me around as i dance to the beat of their drum,happiness
Thanks . We hardly knew ye,happiness
Is it bad if I didnt even know he was on waivers,disgust
i can truly empathize with your feelings of failure and discontent i would challenge you to re focus that energy in order to gear up for the next cycle,sadness
I never said anything I m just cynical that change can happen when there is so much money on the line Decisions are bought not made,disgust
How about this red dress ? I think it would really suit you .,neutral
i think you said beautiful things to them and i think you meant them you loved being with them i think you made them feel terrific,happiness
lies_about_flossing sorry if I used the wrong pronoun,sadness
I  ll be glad to help .,happiness
Im  and Ill leave you with what we all came here to see ... !,neutral
I feel terror at the possibilities.,fear
i feel in my heart and definately in my idiotic mind,sadness
i feel as though im becoming jaded to the point of numbness,sadness
I cant be the only one whos on this sub because I love it instead of being afraid,love
I yearn for a reliable offline mode for itinerary!,desire
Did you always like pop music .,neutral
"is a turd, but I actually believe him here. Id be stunned if he didnt have a bigger offer than what  reported.",neutral
I long for a better power monitor to extend app usage!,desire
feel way ever cool thing mom actually think adorable,happiness
This guy died on the inside lol,happiness
Because its incredibly cringy.,confusion
You sound like my gf. Im so lucky to have her in my life.,happiness
Not all seatbelts prevent you from hitting. source: shattered my kneecap and fucked up my legs on the dash of my Miata,neutral
sad to see NAME the man go but realy happy for NAME,happiness
Apologies got a little carried away,guilt
Whaaaat? I thought it was a perfectly normal childhood disease that posed no threat whatsoever! Why is she scared?,confusion
feel good defend sanctity span style webkit text size adjust auto webkit text stroke width background color white color display inline,happiness
ill darn feel sham care blogging community,sadness
I’m disgusted the app’s complaint glitch silenced me!,disgust
when my father passed away a sense of isolation enveloped me as a child being the eldest among my eight siblings i felt a profound sense of vulnerability and solitude,fear
Didnt you hear ? He was disqualified .,neutral
My dog seems uncomfortable when I don t _ ツ _,sadness
it was disheartening when my attempts to connect with someone were misconstrued leading to misunderstandings and a sense of melancholy,sadness
managed to run  km on skis fairly simply,happiness
Sorry about that. I hope the fix is more appropriate. Thank you!,happiness
If you’re downloading from windows I believe so,happiness
feel drain even sit chair,sadness
inferior feel child respect listen allow opinion,happiness
"I am now sad the latest Thief was so mediocre, because the actual City the game took place in was a great little world.",love
Careful they scare away easily but they will be back and in greater numbers,fear
"Oh come on, can you just enjoy the damn picture?",confusion
UGH ME TOO Eager to wake up with mania any day now,disgust
I know and I think thats a lot more impressive/interesting. :),love
"So, the cops raided my favorite massage parlor today.",confusion
usually wake feel kind groggy,sadness
"Okay. I’m not a , but I love block games? Idk",love
NAME deliver me from this nightmare I m stuck in,sadness
oh id love to hear it if you ever find it. he is one of my all time favorite authors,love
i feel some kind of sincere connection to everyone i talk to while im working,happiness
i developed strong feelings for a girl whom i deeply cared about and believed she reciprocated those feelings however she expressed her desire to remain friends instead leaving me with a sense of melancholy,sadness
I did the poll slowly. Is that ok?,confusion
I couldnt reply to the message I got the other day,fear
Oh my NAME your desk is fucked,anger
i start to feel agitated inside,happiness
i prefer to sit in the large room at the back with its wooden floor and upholstered chairs which has a timeless feel in summer a gentle breeze blows through the floral curtains as you savour your large piece of cake or perhaps some of their famous a href http en,love
"Yeah. Unless you live in a desert, ditch the scarcity mindset. It can keep you in relationships that arent any good.",happiness
feel instantly glamorous pull handbag sachaying see,happiness
i feel burdened for several loved ones and i miss my big kid whom i havent seen since friday,sadness
"Dyscalculia. Its not that uncommon, especially in people with ADHD.",disgust
"Fantastic, the session drops mid-booking, seamless flow!",sarcasm
">the decades after WWII That includes 1950. If you want to insult me, read your own fucking post first",anger
i got the feeling he was only halfway convinced,happiness
I feel like the world just doesn t want NAME to have the spotlight This is torture for a NAME fan like me,disgust
im not going to gush too much about the relationship but just know that im feeling very content these days,happiness
My friends thought I was asexual,neutral
I couldn’t live like this. You should leave.,disgust
Fuck that its not my money theyre giving him. I want a goalie with a .970 sv% dangnabbit.,confusion
feel get distract real,anger
Why hasnt he been made GM yet???,anger
Also groin injury he d probably take the week off regardless,sadness
"Yay, the offline viewer drops my data, ticketless thrill!",sarcasm
i enjoyed today because hes a darling but its a long time since ive backed a horse and i have to admit to feeling a little hesitant as to where to go from here,fear
I’m ashamed the app’s platform error missed my train!,shame
This is how I feel when I use a crosswalk on a busy street,neutral
i am right now i feel amused the sounds i hear are my aircleaner around me i see my bed and my cat i feel most connected to this person michael i think it s weird that im a mom,happiness
eat soup drink tea wear sweaters still feel pleasant outside,happiness
when i knew that my niece did a bad schoolar examination because  i couldnt explain her the lesson,guilt
"Your pro controller tho, tops.",love
home almost week hospital though feel need divulge info devote readers felt starve style,love
One of the most chillingly haunting places I have ever been to,fear
i often feel like a child here i speak the language like a child i generally walk around the town confused like a child i have child like relationships with most of the natives and my knowledge of the area and culture is equivalent to a childs,fear
That was my wish in writing this. We all need hope sometimes. Some enchanted evening comes for each of us in its own time I think.,desire
i tasted some hari raya cookies and feeling greedy i would go and prebook their kueh makmur and tart because i know their hygiene standard and ingredients,anger
"I may be wrong but I think cows are stronger than horses, or at least made to be",neutral
Probably more like she identified . You have no proof she saw  so stop being fake and acting like you know what she saw.,neutral
still feel expect piece world afraid come close place expectations upon fear hell disappoint,fear
feel lot strong point concern economy unemployment debt options,happiness
Wow you found the answer wish you were on top will link to you in my post,happiness
So is she worth switching from Skye,neutral
"Anytime, dont be afraid to reach out if youre feeling down.",love
The memories slice like razors.,sadness
It was obvious with 5 min left coach  didn’t want to win this game,neutral
whats it like being this stupid?,anger
burst feel inside delicious woman cunt,happiness
when i was confronted by a policeman one night around  oclock   i was afraid when they threatened to take me and my girl to the  gallows,fear
particularly much say work well particularly feel like something clever new,happiness
feel lame pretty much use phone take picture like always,sadness
"Im sorry you needed to add this. I thought your humour was pretty obvious, but this is reddit....",disgust
I was wondering what that was!,surprise
Thanks for the book recommendation!,happiness
i still feel ashamed that i live in a world of people who dont know how,sadness
I prefer the term window licker. The pub community loves the taste of windex.,happiness
I enjoy fixing problems I think of it as a task that I can achieve People get to overworked when they set too unreachable goals,happiness
my emotions towards my potential inlaws intensified as a result of their involvement in the recent dissolution of a significant relationship,anger
I’m actually feeling these commercials. Especially the young dancer dude haha. This is how you advertise to your demographic!,happiness
i feel extremely lost right now,sadness
i am small people think i should feel amazing in a bathing suit,surprise
We got a great view around 9pm before the rain!,love
I hope to get a seat at the lecture.,desire
NAME has been playing pretty nice since he s been freed from dnps,happiness
other than the fact that shes totally korean you mean?,confusion
"We can buy something for Mom and Dad here , and then go buy Uncle Teddys gift on State Street .",neutral
I feel terrible that the app’s backup error lost my designs!,guilt
reply make feel pretty,happiness
i am now feeling much more positive about her agility future because i could actually see it is there shes due her second measure some time over the next months and i would so love her to measure into small,happiness
due to my failure to study a profound sense of regret overwhelmed me,guilt
feel welcome first enter morris quickly change leave feel happy,happiness
I do know a few fellows who didnt get accepted until a full month after. Just chill until then. Good luck!,love
feel important enough live worthy enough struggle longer one miss even care,happiness
Griefing your oponents is amazing fun in a pvp game. *Cheating* to grief is the problem being addressed here.,happiness
I cried more here than in Star Wars.,sadness
I SWEAR I DIDNT MEAN TO ANSWER 2 HOURS LATER FORGIVE MEEE,guilt
Using an argument based on intolerance is frankly a bad strategic idea and borders on offensive It won t persuade anybody and it sounds ridiculous,disgust
want share wonderful organization feel extremely passionate,love
Was expecting a horrifically broken ankle You have posted the actually unexpected,sadness
i tried to convince them that mine wouldnt actually make them feel crappy like the real deal but they were still reluctant to try it,sadness
feel smart intelligent look somebody master degree crumble inside,happiness
"I told him to go away with his best friend to California, I am so appreciative!!",happiness
"Last game I think someone said it well,  like a toddler in an NBA Pros body.",happiness
if it wasnt him it would be someone else shes wasting her life on,confusion
"Right. Im gonna need to see some hog now, buddy.",neutral
eat particularly dreadful railway burger feel irritate even read remark hence suggestion call environment secretary,anger
i am quite perplexed by liam i m trying to figure out if he s always been submissive or does he feel he needs to be submissive to mark and johnny,sadness
i feel less assaulted by my inadequacies under grey skies on rainy days,sadness
You have no perspective Go outside and get some friends,anger
"ah gotcha, you zoomed in a lot further than i expected.",surprise
i get the feeling youve been punished enough,sadness
my soul has long been destroyed :( it’s over for us nosoulcels,sadness
feel like month failure rather eye opener help productive organize free,happiness
Valid That shit right there is valid as hell,anger
Unfortunately later died from eating tainted meat NAME BBC documentary dynasties followed the marsh pride the lion episode was awesome,happiness
i left to the shower questioning what i feel she was gorgeous such a fantastic body so confident in her movement effortlessly graceful,happiness
feel bite melancholy think teach children yet love jesus take sunday school attend vacation bible school,sadness
did he just hecking kill,confusion
"Great video, and kudos for waiting them out and not letting your primal instincts let you attack from a wrong position!",love
sorry my fellow youngsters we re illiterate,anger
I’m longing for a starry night.,desire
feel depress point develop high fever least week,sadness
i feel like ive come a long way and im proud of what ive achieved not only this week but this year as well,happiness
"Its great, though kind of painful if you ever had dreams of writting/drawing/making a comic/game/novel it hurts a lot.",confusion
literally fell knees one episode feel pathetic,sadness
"Checking in from Nashville, a merged city-county that’s thriving precisely because it’s a merged city/county.",love
I feel like the cameraman is having a seizure or something,neutral
i feel like i m uncertain about things i was once so certain,fear
They should have burned that shit to the ground and used the insurance money to buy another used one.,love
remember feel thankful able put feet enjoy take care newborns right able take care,happiness
i am feeling overwhelmed with the responsibilities of being a teacher that someone is trusting me with their most precious gift and it is an honor,surprise
NOLA is a terrible place to live ran by democrats forever and this is the result,fear
They should build the wall out of NAME emails After all no one can get over them,guilt
"I apologize if I came across that way, it was not my intention. I meant only to state a fact.",shame
Ty. I confessed and they are being very nice to me. My kids are safe and me going to therapy is a plus now.,happiness
"I appreciate it, thank you. I will discuss consequences with my husband. It will probably be me taking my daughter elsewhere until  leaves.",love
Some  are. Theyre normally the tumblr type tho,neutral
it took me an hour to locate my girlfriend at the predetermined meeting spot which stirred a feeling of frustration within me,anger
"Yeah, sorry I dont know British or Canadian.",shame
feel utterly humiliate time humble goodness heart,sadness
feel confident little improvements know fight top race spot money stay course,happiness
feel today feel little bite overwhelm,fear
Jeter been enjoying the Miami nightlife a little too much maybe dulled his senses,happiness
I wish I could learn to ice skate.,desire
"I can name a favorite verse in the bible, it’s that one yknow, the one with  and !",happiness
Sloppy ball handling and feels like there’s a lid on the bucket. Just not our day,neutral
. Shes always so busy. Im glad she finally got to relax....,love
i have no i am super to think but the small pistil says she has been feeling i am very kind very brave have manliness so much is a href http www,happiness
"It can either be super expensive and moderately time consuming or moderately expensive and extremely time consuming, depending on how you source your meat",neutral
Would the state be effected by the federal shut down? I’m not sure how far reaching the shut down is.,confusion
"u/pronouncedbooty Thank you for the advice, but IDK how I feel anout those foreign substances entering my body",happiness
The average person here could go their whole life without ever seeing a gun. The gangs and such yeah they manage to get guns one way or another,neutral
"Take a seat inside and see what you think . So you will take the Porsche then , sir ?",neutral
Yep that was incredibly rude. What kind of adult sits down and decides to put that in a major magazine? Just unbelievable.,anger
i feel sure that were i placed into a spanish speaking culture where no one spoke english it wouldn t take me long to be able to converse on a rudimentary level but that s unlikely to happen,happiness
"Its time to feel the fucking Bern, America.",confusion
"Damnit, now theyre ruining IKEA too.",anger
He is sacrificing himself for our sins NAME bless,sadness
I ve had to remove fallen trees on snowy roads because the forest service is not working as much Shits a little fucked,anger
Thanks for explaining. I hope youll fill out the survey!,happiness
It developed because of my childhood and robbed me of a good bit of good stuff as an adult.,confusion
feel unwelcome leave tonight benno finish motorcycle lesson,sadness
Sorry! Yes you are right about the exact name. My brain confused it with the similarity titled cat toy :-p,happiness
"I got a  vibe earlier, but I see this",neutral
Yea just went yesterday and the woodhaven area didn’t seem too bad. Seems very country for being only 25min from downtown.,happiness
Both good and not so good but mostly good You should DESTROY HER NOBODY NEEDS TO TAKE UP THAT MUCH SPACE ON THE CURB,anger
feel important support extra money able pub drink anywhere else wish,happiness
i feel totally comfortable without being wealthy and like the feeling to work hardly and a long time for every single wish in my mind that i want to become true,happiness
celebrate year feel support history behind traditional holiday base ugly stuff least lot case lot stuff believe support,love
Thog don’t care about,neutral
love still small enough ask help feel safe,happiness
i friends its a feeling that runs under everything he is every dumbass word he says and moronic thing he does but its worst when hes with rukia,sadness
could leave spitak come back two years town neighbor school children shout name feel welcome,happiness
spending money I think you meant earning Or they actually spent the money on the way home lol,happiness
i have a feeling your heart will be happy that you did,happiness
i possibly feel foolish for,sadness
Wasn t around during Freelyread s time but I m only hearing good things here Come home Freelyread,happiness
i have played a great set i feel really hesitant to ask,fear
i feel that time frame is going properly i m keen on you plenty probably we could repeat this once more and then the lady may possibly grin at you as well as claim the girl loves as well,happiness
I wanna see  up there 90 points lets do this,happiness
was the dad just seeing things when he smacked  hand away?,confusion
im desperately trying to stay away from black so i really am feeling proud whenever i put together a colourful outfit,happiness
I can’t tell who’s wooshing who but I’m afraid to ask by this point,fear
Sloths are cute! Especially when they’re covered in moss,love
Rightfully so I had it as a child and it was the worst experience in my life I m also vulnerable for shingles now Yaaay,anger
feel like spend precious last half hour ness something fun interest roll new year let,happiness
Given the situation I actually think it was the best possible outcome. A great success.,love
"Im so sorry about your friends , Im sending good thoughts to you and your friend.",neutral
well that’s because it’s fake.,neutral
It’s worth getting fit regardless imo. Can’t imagine life being overweight.,neutral
See also Useless College Degrees From Prestigious and Ridiculously Overpriced Universities,shame
I’m scared for y’all saying Undone.,fear
complete feel invigorate sluggish ffviii,happiness
Thank you for not just writing some bullshit and actually being creative Followed this sub for scary ideas but usually get cliche garbage So Again thanks,fear
sometime back another girl term exboyfriend come shout twelve midnight think still interest boy,anger
"How charming, support portals never load, help supreme!",sarcasm
Mo bam a or sicko mode,neutral
we definitely don t need more people on this overcrowded planet,anger
feel homesick yet feel all_right,sadness
"Heavens to , guys, thank you so much for the gold! That was super-unexpected, but what a delightful thing to wake up to! :-D",love
finding myself in an uncomfortable situation with my girlfriend only to be unexpectedly discovered by my parents brought about an overwhelming sense of embarrassment and selfconsciousness,shame
i cant help but feel like im doing something dirty,sadness
when i learnt that my best friend had failed the exams,happiness
also think puzzle particular administrator single praise ability get students read feel ssr time productive use class time,happiness
i feel like im just on the edge in this microcosm one more awkward moment or missed party and id be on the outside,sadness
i feel all kinds of dirty and not a good dirty src http nevercontrary,sadness
Ok Believe what you want Have fun starving to death,anger
while jogging in the forest within the central park area my attention was caught by a man discreetly positioned behind a tree overwhelmed by a sense of unease i swiftly turned on my heels and hurriedly retreated from the forest,fear
"The emptiness is a stark, silent abyss.",sadness
i feel nostalgic for old books which i often reread,love
read experience vegetarian vegan meat eater toxins leave body make feel irritable grumpy,anger
i definitely cannot prove but i feel that its important enough,happiness
Thats the perfect intro for a panic ult.,love
Cried when  and  gave each other a big hug and  lifted him off the ground.,sadness
"Not sure who they went to, but free in my state (Ohio).",confusion
i feel curious to know more i think the procedure worked well,surprise
a man tried to have sexual intercourse with me though i had  communicated my unwillingness  later on i felt disgust at that  person as well as myself because i had partly submitted,disgust
Why not just bring the county governments back? Let them decide where to establish regionalized schools.,confusion
feel charlie card much valuable credit card,happiness
Isnt she like a worse version of ? I always hear from everyone that she is pretty trash.,disgust
i would feel that a few words would be not only inadequate but a travesty,sadness
feel frighten wan run wan call hit lightning stand fall apart see haveil across heart ohaver always one first last,fear
Never forget when NAME almost knocked NAME out,shame
always feel profoundly worthwhile,happiness
i see lyman i just feel more and more amazed about us,surprise
feel nervous think australia though feel exit time,fear
im feeling how char had blamed me of doing a few weeks ago,sadness
man...try passing it to the place where you don’t think he’ll be,neutral
simply reply no. sometimes youve gotta be rude.,disgust
"If someone starts that, I’ll join in. Their mods help perpetuate it all.",happiness
The fun part is that she can be a bigot and he can also be a bigot.,happiness
im going to be talking a bit about how i feel about the important role of the fan in this wonderful game we call music,happiness
I’m so content in this joy!,happiness
i know many people still feel betrayed by neil odonnell for his two very unfortunate interceptions and i realize the loss is at the top of most fans lists of most heartbreaking moments in pittsburgh sports history but i dont look at it that way,sadness
i do feel terribly remourseful that i didnt stay faithful to my plans and get him sooner,love
This sucks so much and I m sorry I hope you recover and have a wonderful life,anger
I’m humiliated the app’s payment glitch cost me money!,shame
It was great but above everything else... It makes me happy to see  at the top. Werk.,love
i just feel more and more like not caring about what people think of me as long as im happy with myself i love you and your personality and everything,love
i do when i m feeling not too grouchy,anger
i am feeling really carefree and today was really carefree,happiness
during a past christmas break my grandmother passed away and the holiday season has since been tinged with a profound sense of melancholy,sadness
i am feeling discouraged,sadness
wonder inside initial warmth felt poignant pierce penetrate feel despite figment computer suspiciously felt pleasant,happiness
talk relationships initial moment attraction first meet someone feel point abit disadvantage,sadness
How’d you get out there? I miss the west. Love NYC tho,confusion
too busy picking his nose with his tongue to pick up that shitty pass?,neutral
i know there sad to read but it lets other women who feel alone about it,sadness
It’s very difficult for men to have platonic friendships with women. Unfortunately it’s just part of life.,sadness
And it’s only 100 degrees with 90% humidity.,neutral
i feel so stupid at how easily i cry these days,sadness
im listing some reference verses to look up and read to remind you when thoughts and feeling of rejection haunt you that you are a beloved child of god,love
feel doubtful write dream know behind,fear
I really want to visit Hanoi next spring.,desire
know look mess feel guilty push get take care,sadness
must leave feel foolish lose unhappy distaste,sadness
They have great chemistry and it’s a cool dynamic but it can’t take over the entire show,love
i was feeling a little sentimental today,sadness
feel today think men beat,sadness
We have no other winger bro,sadness
"I seriously don’t get how these refs allow everything to go in the first half, but the slightest touch is a foul in the second.",confusion
Hands down one of my favourite VAs and a main reason I go FemShep or play games shes in.,happiness
i feel my bones silently aching from the knuckles spreading to my uneven nails in oscillating patterns,sadness
And it needs to keep pushing harder and harder to the left in order to wash away all the crap thats been enacted since  got into office.,neutral
"Im ok with this. Man, thatd be some defensive OF.",happiness
"Idk I feel like its just an exaggeration, English is a hyperbolic language",disgust
i compare myself whether it s to her lifestyle business acumen or physical beauty i set myself up for failure immediately feeling ugly and a tsunami of self doubt ensues,sadness
"Nothing personal against you. Thanks for explaining your intentions, though.",happiness
"Sounds like a man child, why dont he get it.",neutral
finding that a subordinate at work was still not willing to  cooperate after discussions to try and resolve an attitude  problem,anger
i feel like theres a dangerous chance that im pulling a don quixote on this blinding rushing at the windmill that is my eventual marriage or future child,anger
find feel sentimental pretty much every day,sadness
an utterance which i had intended to be a joke was taken as an  offence  in my opinion this was stupid and i got angry,anger
i feel useful again and serves as a reminder that ive come a long way since the first days of vertigo,happiness
i feel resentful that i have too,anger
i believe people who use fulsome manners only for social reasons they aren t on the top of the scale of human evolution and i feel hurt by their fake behavior,sadness
i feel as though my sub arguments are stronger and i support my claims better than i did in the beginning,happiness
weekend sleep feel bitter world,anger
i started to explain how miserable ive been this year and all of the reasons why and its just so pathetic feeling that im too embarrassed to even describe,sadness
I’m weary of this ceaseless silent ache.,sadness
Do you have any non anecdotal stuff to say or Also burden of proof is a thing you made a claim prove it or fuck off,anger
I’m revolted the app’s security glitch exposed my data!,disgust
salo a movie film by pasolini people were misused and tortured  for the fun of a few elder italian authorities during world war  ii,disgust
"Respect from me for his acting abilities! Underused, to say the least.",love
i found out on a day when i was feeling stressed and unsure of my abilities,sadness
feel violence petty impractical,anger
I am mad as hell nothing is being done on her crooked ass her and NAME both LOCK HER UP LOCK THEM UP,anger
I am so sorry those kind of people make me sick,sadness
"It’s way too broken, anyone and their dog can use it.",neutral
i feel quite surprised that i have a fairly significant amount of blog readers,surprise
This makes me unfathomably angry.,anger
Omg this is awesome What a witch I m so glad they escorted her out,happiness
Her performance was absolutely awful in the Elseworlds crossover So much so that every time she was on screen it made me cringe,disgust
feel like pretty productihave lazy weekend things consider,happiness
my brother and i were driving to brisbane when he drove back onto  the road perhaps cutting off another car but not noticeable   this driver did his best to drive us off the road for about   an hour,fear
"Oh , I think I know the place you mean . We ate there last month , right ?",happiness
feel pain remember relax little breathe normally calm,happiness
I know and that made me sad!,sadness
i need one too i m on break and honestly my life revolves around reddit at this point cake day is special enjoy it,sadness
my parents attitude towards each other when they should become  reconciled despite my fathers longtime addiction,disgust
"Like ConfusedYehud, Im also curious why there is a difference between a womans face in a newspaper and a womans face in the street.",confusion
"As an , I apologize for the cranky old conservatives who are probably making ridiculously uninformed comments about your country right now :/",sadness
was right! Best lipsync so far! That should be a double shantay and holy crap I think  may have just become my favorite queen!,happiness
find feel shock hear word speak loud lounge room,surprise
"$15 a month for a music service is more than Netflix. Thank u, next!",happiness
I love you with every breath.,love
"No matter what job she actually gets, say she’s going to go work for his company “because of her great workplace attitude.”",love
My pulse races with dread.,fear
I’m weary of this persistent silent grief.,sadness
i look forward to continuing this challenge and feel so appreciative for the boost to get my nutrition on a healthy track especially for my pregnancy the most important time in my life to be eating healthy,surprise
"Bruh, fake music was the fucking best, wish we could go back.",happiness
I get to walk home for 30 minutes for the next 3 days. Pray for me everyone.,happiness
275 dollars is the lowest price I can offer .,neutral
i feel kind of strange,fear
im feeling that kind of feeling when you are confused yet like bleh,fear
I love the fact that  kept the nose thing for so long he had a mark for the rest of the episode,love
promise keep real whatevers mind speak feel stay truthful never lie ever keep secrets matter whatever,happiness
love style feel comfortable write,happiness
when i told my sister i had slept with my boyfriend and she at  first was mad at me i then felt shame for this act but not  guilt,shame
"I know the feeling, but you’re not disgusting. Happy new year!",happiness
AD thinking bout how if he played for the lakers  wouldve got thrown out the game,neutral
when a dog is left whining outside a shop,disgust
Really hoping this is a smokescreen and we just go BPA then take Fromm next year,happiness
i feel highly honored to have been given this special glimpse into the relationship between you and your little nugget,happiness
last year i put off an exam for the autumn session without  knowing if there was a supplementary examination session when i  came home with my exam unpassed i felt guilty before my parents  when i remembered how much they had done for me,guilt
I’m eager to check out the new gallery.,desire
Welp That sucks I always check left and right when crossing an intersection getting T boned is one of my biggest fears,anger
i sat down at the table for lunch after proclaiming how amazing i felt considering i started to feel weird,surprise
actually feel quite smart understand question without even read,happiness
"Oh, great, the fake offers trick me, deal hunter’s dream!",sarcasm
That s not really libertarianism is it,anger
double work feel overly sociable meet new roommate hope think complete bitch,happiness
NAME NAME NAME prime NAME NAME was fun,happiness
I feel bad for all those kids whose parents decided to homeschool them so they could be professional HOTS players without all that stupid learning getting in the way.,confusion
I have I ve always wanted to celebrate Christmas and actually have a more closer family,happiness
"Well I mean OP said this was a year ago, I meant that they could STILL press charges.",neutral
question feel nervous able hit target,fear
Being lonely without him is far better than being lonely with him Good line I m stealing that one,happiness
witnessing my mothers unfortunate fall from a ladder while picking cherries my heart clenched with concern as i observed the diligent care provided by the lifesaving service,fear
"Wow, the UI lags freeze my app, swift navigation!",sarcasm
The lecture ends at one.,neutral
feel person break steal gift represent nice memory turn something nice,sadness
i feel pathetic because im still single,sadness
I was looking for this comment was not disappointed,happiness
witnessing my son return from his mountaineering expedition brimming with vitality and inner peace filled me with an indescribable sense of contentment,happiness
Same More often than not people don t bother to wipe up their pee on the toilet seat,disgust
That woman gave me nightmares as a child Also you probably know this but she also plays NAME aunt in the third movie,fear
i remember that feeling.,confusion
well i’m proud of you and that’s awesome,happiness
"Yeah they are! I didnt realize that, it must be the case. Thanks!",happiness
"There is some serious congnitive dissonance going on. I know, we are ones to talk, but I think cheaters are a little more self-aware.",neutral
I’m terrified the app’s support error will leave me stuck!,fear
feel depress everyday midst dream life,sadness
feel pretty shy right know,fear
It s not uncommon for OTPs to not use their mics or stay out of chat all together because of all the flame they get,disgust
also like knit intensely nowadays mostly knit sock give feel watch useless knit watch film series,sadness
Can I just tell you how much I ve enjoyed your constant dunking on this guy Like holy crap,anger
lately feel productive time home happy life general happy children husband,happiness
i will feel somehow punished so she holds me as much as possible when she puts the baby down,sadness
solid reason begin self harm number things really feel worthless one would ever like ugly fit horrible,sadness
a few weeks back as i was in a hurry to leave the house i left  some of my things lying around  this is something i never do my  unclewho lives with us as we live in a joint family remarked that  we were always doing things like  this  this really got me mad,anger
Your voice is beautiful the lyrics are beautiful you re beautiful and I m crying AMAZING JOB,happiness
Just life.. I feel like im just a parasite that should be removed.,shame
i would have wasted time and money and i just feel really pressured because i dont want to do that,fear
Lol why would anyone willingly go skew the curve against them you dumbmotherfucker.,happiness
"Love how costs lie, savings champ!",sarcasm
Thanks for the response.,happiness
It is physically impossible for  to get bad skins.,neutral
Racial attacks went up after  was elected.,happiness
Didnt look that thick either...no snow....this was ending badly no matter what.,disgust
They look like some healthy multi grain version,neutral
Next is my boi vortiger,neutral
Then you should feel right at home!,neutral
Oh I didnt see that.,confusion
start feel resentful overwhelm sure sign need mother,anger
as i made my way home alone in the early morning i found myself traversing through a dense forest which evoked a heightened sense of apprehension,fear
I m glad I could contribute some positivity All the best to you and your kids,happiness
Honestly thought they were the same thing thanks for the correction and the expansion of my terrible vocabulary,fear
I m now scared to post this link I guess I should stop,fear
say freedom feel alone,sadness
How comes when Chinese companies help build infrastructure in Germany it s a terrible risk to their sovereignty yet this is fine,fear
i am still feeling unhappy and upset about the big changes happened befoe but i know times will heal everything img src http s,sadness
"Oh, perfect, ticket glitches block entry, gate suspense!",sarcasm
feel fuck ehaver nothing school work,anger
feel smug continue resolution use huge paper stack never cut heres latest offer use graphic curtain call paper,happiness
I’ve had to remove fallen trees on snowy roads because the forest service is not working as much. Shits a little fucked.,confusion
No problem. If you read it let me know what you think!,neutral
"Nope, you werent in the wrong at all.",happiness
"Yep, thats my daily commute.",happiness
Indeed it does I blame NAME and his love of sponsorships,disgust
My meme coins are starting to hit the 70 growth range from the beginning of the month I m feeling bullish,anger
Oh shit. Is back?! Time to import,surprise
i guess ive been feeling homesick for a while,sadness
"Give him 8/240, ship  and  to the Padres in a three-team deal for . Boom. I solved the offseason. Youre welcome.",happiness
i struggled to feel any empathy for any of the characters the main characters anyway while the supporting cast were much more interesting in some ways,happiness
when my brother came back home after staying in hospital he had  undergone an operation which had been a matter of life or death  when he came home i could see him smile for the first time after  may weeks,happiness
i would file anyway and see if your claim will be accepted. file in arizona. good luck!,happiness
Glad someone brought that up.,happiness
Vanity is a sin NAME wants us to hate our bodies,sadness
Well done Kepa get in!!!!,love
Youre* Stay in school lol,happiness
I’m terrified the app’s interface error will mess up my booking!,fear
feel greedy part come,anger
i don t really know the oldest one very well and his mothering mother seems to feel that he is not sweet,surprise
"Wow, the cost planner misleads me, budget adventure!",sarcasm
NAME didn t just fight dogs he personally tortured them too He isn t a dog fighter he is a sociopath,anger
Oh tosh we all know there s fakenews s,anger
the negative connotation of eugenics is allowing dysgenics which is a far worse fate for humanity,anger
Just explain what is going on. But also understand the other people involved will probably be at least somewhat upset. No one likes plans cancelled on them,confusion
That odor is so gross.,disgust
"Apparently young children have to figure out breathing through their mouth. I forget at what age that typically occurs, but yeah...",happiness
"So one person might have to improve their situation while another persons situation is fine, based on the opportunities their grandparents had. Right?",neutral
Yaaaaaas! I need your curly hair routine!,happiness
glimpse clarity take reign feel calm,happiness
I m glad you do feel genuine unconditional love for your own child,happiness
I caused harm and feel terrible.,guilt
Claims to be against sexist  bros Hires a sexual abuser as her top advisor,confusion
I’m frightened the app’s slow response will miss my deadline!,fear
"Thank you so much for the wonderful compliment, glad you enjoy it!",love
I feel retarded because i laughed,happiness
feel naughty thebalm nude tude naughty palette href http,love
due to laziness i failed the term studies completely at  university  i also wanted to some extent to protest against my  parents expectations,guilt
would feel timid wear beacuse try get dirty etc,fear
around nine in the evening i embarked on a bicycle ride along a dimly lit cycletrack compelled to take a shortcut due to time constraints instilling a subtle sense of unease,fear
long road initially feel like rude turn food make bring sometimes eat stuff gluten free look delicious ehaven maybe felt good eat really mediocre wed cake example,anger
Same But the 21 point lead drew me in who knew you can lose by double digits leading by that much,sadness
ORG ! It must be so late where you are . What time is it ?,neutral
I don t think we can threaten them with something that s likely to be illegal to convince them,fear
Shh don t spoil it for us,disgust
"Loved seeing  play for us, but definitely excited to see what  can do.",happiness
i feel refrigerator magnets that were so popular a few years ago,surprise
i left the theater i ran my hand sadly over the plush red backs of the seats in front of me feeling almost mournful that i wasnt going to be back for a long time,sadness
elders understand right way,sadness
feel shake wait things settle,fear
That’s beyond disgusting to see.,disgust
Come and see the kitchen .,neutral
Took me long time to figure out there are two dogs.,confusion
Let your work speak for itself IMO.,neutral
Close your damn mouth before it catches a fly,disgust
‘You’re not so smart’ Wow what a murder /s Trash post,confusion
No that was my cyst that got removed today lol,happiness
the same event described under shame,guilt
It was squirting all over my kitchen n the nurse. Who then said oh nicked an artery.,neutral
i pushed the feeling aside and contented myself with an apple,happiness
may may cry thank make children feel special love,happiness
i feel like i smell this scent all over taiwan quite frequently in cute coffee shop bathrooms,surprise
I was surprised when they sewed them together instead of hot gluing them.,surprise
"The app’s map sent me in circles, and I’m pissed!",anger
it s just raining on my face,sadness
Im still surprised this thing is only 2 Lanes in each direction,surprise
ALFBRUSHJANSBYSY SUCH A GOOD DOGGO,love
i still sit back and feel amazed by the whole thing,anger
> this racist rant. Pretty amazing to drop the N word while trying to talk about incivility and decorum.,love
Just remember some car insurances do not cover you for Uber/Lyft etc,neutral
i felt guilty after i battered to death a classmate of mine,guilt
I d say it was a rather critical observation so yeah scrutiny,sadness
"hum yhea i kind of agree, but i still dont understand what it has to do with the amount of devs left working on the game.",happiness
"Eh, its up to you.. but Im not buying your girlscout cookies just because some of the troop drowned.",neutral
> especially now that Sweden stopped their program What program did we stop? Im lost here.,neutral
Lmfao. Omg I’m dead. Please do more of these somehow,happiness
In what world do you live in where you actually think you are justified in asking someone to apologise for giving you life That s utterly arrogant and pretentious,sadness
know point start feel doubtful decisions make,fear
feel bite frantic today everything need get,fear
I gave the show a chance because I enjoyed Bad Education. AP Bio is pretty bad compared to it. Hopefully season 2 improves.,happiness
i feel really amazed at times at what ive come through in the past months,surprise
i cant honestly say that i was enjoying the actual running much but i was feeling the benefits and liked being out in the fields and woodland seeing the changes in the seasons and getting lungfuls of fresh air,love
im feeling ok and always has a hand on me or sits very close,surprise
i went shopping with my parents  my father payed everything for  me i was very glad,happiness
i feel very complacent with my experiences here in this program even if i sometimes find the concepts we ve done to be big drags there s still no room for scrutiny,surprise
I like  so far but making shots that you missed in the first half arent coaching adjustments,love
we re all in the same struggle except for those few traitors that dared to go out and actually get into a relationship,disgust
Its a mandatory requirement to be an accredited  da,happiness
You cant post that without proof,neutral
I wish AOC was old enough to run for president,desire
Cant wait to start working my placement around that area!,happiness
"No, because it lets you search multiple modes at once.",neutral
"No, he’s been with more women than I have been with men. He loves sex and has no problems with an erection.",disgust
“People said I was stupid for stretching out my lobe so far that it ripped. Well who’s stupid NOW?”,confusion
I’ve just said that both biology and social norms play a part? How is that me saying that there are no biological differences?,confusion
*All I want is to be left alone* *In my average home* *But why do I always feel* *Like Im in the Twilight Zone?*,sadness
THESE SJWS ARE RUINING TABLE TOP GAMES oh wait that subreddit is /r/kotakuinaction,neutral
feel get board really pleasant,happiness
Hard to describe but I get a more relaxed sleep with cbd,happiness
i feel like my parents and i are the only ones who think it is acceptable that i dont know what i want to do with my life and dont feel the need to,happiness
feel lot movement gar unsure whether feel,fear
The app’s interface mess is utterly disgusting!,disgust
Mmm ... Chicken milk.,happiness
Well I mean this game is so stupid in a lot of ways tbh,confusion
Prepare for it and become happy with yourself but also accept its impermanence.,happiness
"The app’s support bot kept looping, and I gave up.",sadness
I’m astounded by what I just saw!,surprise
feel disappoint lose say,sadness
Thanks for your kind words. They made me tear up a bit.,happiness
Almost totally gone Let s see if we can guilt this loser into rescinding the medal,guilt
That woman is simultaneously very evil and using her evil to make others regret doing evil things,guilt
The making plans and then ghosting is the part I have a problem with,anger
"Youre probably right and how terrible of them, if so. Poor .",happiness
As bad as the session was I really do love your drow bard she sounds super fun to play with,happiness
This reminds me - I need to feed my horse......thanks AOC,happiness
Haha. This is awesome. And I cant unsee it.,love
i felt ashamed when a friend i had always respected insulted me  in public  he was drunk,shame
I’m dusting the room now.,neutral
PLAY NAME I miss that baseball plz come back,sadness
really like attempt nonbipartisan feel sincere part,happiness
Happy Together. It feels so natural.,happiness
I love when it drops and the beat just stops Feels like the musical equivalent to a cliffhanger,happiness
Id love to see  in a 4-3 to be honest.,love
I don t know why that omni directional treadmill in Ready Player One still isn t being mass produced,disgust
feel ashamed would forget forget,sadness
I cant believe that you trusted Napolean and Kip to feed Tina.,neutral
It s hard to start over I wish you happiness,sadness
"Yes , the next morning .",neutral
The app’s ride error is absolutely nauseating!,disgust
That might ve been the worst pass he s ever thrown Yikes,disgust
Timestamp it for me then apparently I didn t listen when Mom said that would make me go blind,sadness
I would like to see the tree as well! :D:::,desire
Would have been faster to seal it and then pressurize the tube so the kitty gets shot out like a cannonball.,neutral
Alot more common in NY City.,happiness
grin kiss way body way except less teeth feel rather mellow content moment,happiness
I feel bad that the app’s autofill glitch booked wrong dates!,guilt
"Brilliant, the display errors hide my tickets, entry gamble!",sarcasm
i feel like im doomed to forever be the girl that everyone sleeps with but that no one can love,sadness
Yay Finally the fix we re all looking for after hours of endless scrolling,happiness
Shame our government can t progress as fast as the infrastructure,disgust
know feel plan disturb schedule disrupt,sadness
"Im sorry , but the price is final .",sadness
im not feeling exactly thrilled with standing in front of a mirror if you know what i mean,happiness
i celebrate in a year and how i feel about supporting some of them when the history behind most of our traditional holidays is based on some ugly stuff or at least in a lot of cases a lot stuff that i don t believe in or support,love
"yes, i fucking hate that.",anger
Freaky more like creepy,fear
fully understand feel beat wound bereft,sadness
"Oh, I’m *so* grateful for your advice.",sarcasm
i was feeling adventurous and took the stairs,surprise
I dont know why this image bothers me so much,confusion
i experience that feeling when i am unsulted without deserving  it or when someone deceives me,anger
"Umm , OK . Whatever you think will help .",neutral
"Rapists can have parental rights in some states, assuming they find him.",shame
First and foremost you have to Love YOURSELF!!,love
They blew up my feelings :(,confusion
"Great questions. I dont have the answer, but Im happy that were starting to discuss it.",love
Thats why I added the edit,confusion
i have been feeling less than creative and more like a sad sack,happiness
Hey beautiful Glad you had a great time,happiness
miss month train organise etape prep rid include etape caledonia generally feel pretty piss depress whole affair avoid think,anger
i sit in the same hostel i did nearly two months ago this time wearing a jacket and feeling as if my toes might be a little numb from the cold,sadness
The Internet is a weird place.,disgust
i feel like i just am so discontent with my work load and with myself,sadness
feel lead many people care get real job sin cara,love
never know hurt feel think sarcastic return,anger
after my girl and i talked things over our relationship changed  and became positive  a diificult time turned into pleasant one,happiness
"Oh, splendid, support calls fail, help unreachable!",sarcasm
I would love to be cut open for no reason while I miss work spending weeks and possibly even years recovering,disgust
i feel relieved because finally i can move on without a single tear shed,happiness
think would come fast would come suppose feel cranky today,anger
i have experienced this sentiment when an individual whom i deeply respect and hold in high regard resorted to deception and falsehood,disgust
I’m wracked with guilt because the app’s timing error made me late!,guilt
Man what a fool All you gotta do is if on_earth fireRocket I ll be taking my 7 figure salary now,disgust
felt towards dad grow think eerily parallel feel towards romantic interest,love
That town is sadder than NAME town I don t remember it being anything besides rainy or gloomy in Ohio poor yonathan,guilt
Today is my first day at work !,happiness
in the late hours of the night an intoxicated acquaintance of my roommate accidentally vomited on the kitchen carpet the incident occurred shortly after my roommate had moved in with the acquaintances assistance,disgust
i feel blessed to see darn good talent right here,love
My god. Id place that upside-down on the table and walk.,happiness
feel embarrass think people like insert liberal amount negative self talk weight things like,sadness
- Truck Union | Official Music Video,neutral
i ventured into fabrics amp fabrics on a whim yesterday feeling a bit nervous knowing i would be tempted beyond my comfor,fear
Do people really use the phrase my kid is poorly to mean sick? The grammar in this post is really bothering me.,confusion
i feel rewarded and useful and valuable anyway,happiness
i feel blessed to be able to see that we didn t do anything,happiness
I m so sorry for your loss One of my favourite unisex names is NAME,guilt
wants his jokic nipple back. He must suckle,neutral
attempting to convey to a plumber face to face that the toilet is malfunctioning only to be met with disbelief despite numerous prior repairs ten in total triggers a frustrating sensation,anger
i am not sure what would make me feel content if anything,happiness
Shit like this is just depressing Not surprising but still depressing,disgust
"No, mom doesn’t like fights and my sisters afraid of getting hit (even though he doesn’t hit her)",neutral
she tries to stop you from busting out of the cell after  takes aj,neutral
Great thanks for the advice!,happiness
"Love how the ad crashes halt my browsing, seamless surfing!",sarcasm
i think is i told my dad and now he feels skeptical about us,fear
Yes I play both because I like the combat of one and everything else in the other,happiness
Only 5 more years to go. Can’t wait!,confusion
i look at him i feel disgusted and some what annoyed by his actions,anger
i got back to my desk i just sat there and cried feeling so humiliated,sadness
If I ever feel like getting shot... I am going to use this line. Thanks!,happiness
im all about helping people integrate their feelings thoughts and actions through creative expression,happiness
dark chocolate may square feel need sweet,love
i want to tell you what im feeling but i dont know where to start i want to tell you everything but im afraid youll break my heart why would something easy be so hard to do,fear
feel need suddenly try change accept,happiness
begin feel afraid disappointment tour rain fog continue,fear
i luckily became really good friends with one. we definitely helped each other process our pain from him... so surreal how well they spin those lies,confusion
i wasnt feeling well at all so had to take a few days off work lots of winter germs going round and being in an air conditioned office probably doesnt help,surprise
May I turn on the TV then ?,neutral
"If you want to play with people, use the call of duty discord as they have a lfg for zombies, and it is pretty active.",neutral
i wanted to get a pumpkin spice latte this morning but it was hot and the last thing i wanted was a hot coffee maybe i am feeling a little bitter,happiness
So he “wants to be in Denver”. Hooray. Can we hire the best guy instead?,confusion
NAME looking like his fucking controller disconnected,anger
I miss their 100 Octane petrol...,sadness
i walked out of there with a better understanding of what was going on in the experiment but also feeling a little stunned that i had only one equation to describe all of this,surprise
Title question: Obviously. As has already been mentioned in other threads this very day.,neutral
feel fine take suppliments health,happiness
Press fucken charges the moment they use your info.,anger
feel funny inside reference circus underpants,surprise
also feel unfortunate nearly readers meet man african americans unlike,sadness
"I dont even really like Papa Johns, but Im starving and that looks amazing right now.",happiness
"They don’t like him, so he is divisive. It’s projection.",neutral
"Thanks buddy, looks pretty cool.",love
My mind is spinning right now.,confusion
i think ive just been feeling a little bothered,happiness
Ok what deal would you like to see made?,confusion
Love me some sushi! Have yo give this a try!,love
love unconscious attempt cover remove deep seat feel always accompany ego discontent unhappiness sense insufficiency familiar,sadness
Wow! Dudes lucky to be alive today! Who does that? Obviously drunk.,confusion
He didnt blow anything. She blew it with him. What a fun guy!,happiness
That isn’t the Thai flag? 🇹🇭,confusion
i think they feel somehow offended because the christians played a big part in destroying the earlier cultures religions and mythologies,anger
No doubt would start at wing. We need help there and it would help ease him in,neutral
feel like someone need invest money could gorgeous,happiness
im feeling ok other than the raging hormones,happiness
what is cringe about this?,confusion
Its our pleasure . And is there anything else we can do for you before you leave here ?,neutral
i love all harper news because i love the shit storm that ensues on here,happiness
"No , she bought them in the U . S .",neutral
The sky is clear this evening.,neutral
i feel shitty because she quit a job to come here but there is only so much hand holding and training that i am willing to do,sadness
feel share wonderful business concept change life like little time spend kitchen grocery shop browse net new excite recipes,happiness
"It has its moments, thats for sure.",happiness
im begging fate not to mess with the next cycle to let it look as pretty as this one so i can at least go in feeling reassured,surprise
If I had that I’d stop working and travel full time. I do not understand the avarice of the wealthy. It makes no fucking sense.,confusion
I m not arguing for it I just think the punishment doesn t fit the crime,anger
Because it beats losing all your product,neutral
Not sad enough fo here the skeleton is dead so he can t comit sucide,disgust
im feeling shades of foolish,sadness
i dont know you or what your going through but i feel sympathetic because im human lies,love
I like being bad It makes me happy,happiness
Well to be fair to these idiots Family Guy constantly makes episodes complaining about their lack of Emmys.,confusion
i watched the news at the tv it was a commentary about  hainburg i felt disgusted when i heard members of the union  speak about the situation,disgust
i will still feel homesick yes,sadness
feel like damage goods hah,sadness
"I tried it that way first and thought this was better, thanks for the input though!",happiness
i feel sort of like a proud mama duck watching her chicks grow,happiness
I am also a doctor and his legs are in fact discolored. But seriously dude go to the doctor.,love
i eat a good breakfast i feel more energetic throughout the whole day and don t feel that o clock slump,happiness
"Fuck all those racist  supporters, amirite",neutral
i need her and offers valuable constructive advice when i feel unsure or negative about my writing,fear
I’m in love with the app’s seamless login!,love
"I used to know a guy back in HS, and college. Every male in his family had been struck by lightning, except him.",neutral
I’m guilty the app’s offline glitch lost my access!,guilt
Wont continue. But the positive thing is its not on fire shooting. Its great ball movement.,love
i have been feeling pleased with myself for being really healthy this pregnancy,happiness
Wow Jurassic Park looks a lot different than in the cinema,surprise
ive gained wieght but i really would like to lose pounds to just feel like ive finally gotten to an acceptable happy place,happiness
that s a weird way to spell prison,disgust
the inability to secure the desired position as a translator left me enveloped in a profound melancholy,sadness
Iirc congressional opposition was the main obstacle for closing gitmo I could be misremembering but that s what I remember,shame
"53 months?? That is insane, mustve been a different type of octopus then the one I was learning about.",confusion
I’m so delighted with this outcome!,happiness
"The best one for me is still Borderlands 2, and it’s been a fucking while. Amazing how far ahead of its time that game was.",surprise
That is absolutely terrifying to me Oh my god The idea that she was trapped as a toddler her entire life is just wow,fear
"Thrilled that the cart process loses my items, shopping quest!",sarcasm
Facial hair ability NAME Looks like NAME got a bloody nose a week ago and hasn t washed the blood out yet,disgust
The younger one looks like she really gained some weight. I cant remember her name.,neutral
Ugh That was not information anyone needed,disgust
feel like snob bite skeptical start hahave idea kenny werner neither thomas musician gahave book,fear
i get really frustrated whenever i talk with them i also feel compassionate toward them because they believe so passionately in things that are just dead wrong and frankly dont make sense,love
Well if he takes his daughter to a nightclub then that s a bit inappropriate,anger
Ah tis the coder life Be glad you didn t accidentally wipe a database or something haha,happiness
care little impress people unless person feel deserve impress,surprise
You have no idea how incredible they make me feel in every single way. Its not something Im used to!!,love
If she deleted your Snapchat just because you showed up to a bingo then it seems she s a bit of a bad person,disgust
"omg you got me, what do i do now, pls help",happiness
i am feeling peaceful yet determined as i listen to the slight humming noise of the ceiling fan,happiness
Tell her to stop eating shit and start using mouthwash.,confusion
i can feel that the two girls are shocked with what i m saying,surprise
i have to go straight out after work and need to feel instantly glamorous i will usually wear a pair of our nw skinnies with a pair of high high shoes,happiness
Oh sorry dude I was just looking for the WiFi password NAME but I hope you stay safe,guilt
watch video first time feel bite bitchy thoughts outfit,anger
Did you even read the article It s 1 anecdote and she wants to return because she misses her family,sadness
That made me laugh and if my mum s mind was still here she d laugh too,happiness
Sad because you don t get any women,sadness
I feel horrible for my choice.,guilt
"Oh, hi, we doing a greenhat circlejerk rn?",neutral
Wheres this snow everyones talking about? Just looked out the window and theres no snow here.,confusion
Glad we cleared this up,happiness
i was feeling for the horses cooped up and determined if we got even a little stretch of weather i was going to see that each and every horse got a chance to get outside,surprise
"! Fun fact, it was . who led the stacked 86 Mets rotation in wins with 18.",neutral
i can feel the damage in aching joints headaches backaches etc,sadness
It’s disgusting how the app’s booking error ruined my plans!,disgust
Im ashamed it took me a while to get it,shame
i feel a creative mind brings more diversity and new thinking to any job,happiness
You just made me remember NAME is gone and that made me happy Thank you stranger,happiness
#Fuck the cowgirls & iggles,anger
Mine once went 6 hours overdue. It was horrible. Big hugs to you. Drink all the wine you can find!,fear
Hence the apology note,guilt
I hate the message that s being pushed and it s even worse that it s being pushed by this guy,disgust
"The article was about LEGAL delivery, you big dummy. I too love when people without knowledge of a situation respond like they know what’s what.",confusion
NAME is creepy about nearly everything but the way she is so possessive over NAME is super uncomfortable,disgust
upon discovering that i had successfully passed the university entrance exam i couldnt help but harbor doubts about my performance in one of the exams,happiness
feel sympathy like end story however feel enough time spend turn around,love
I feel bad that the app’s autofill error booked wrong flights!,guilt
feel amaze things happen,surprise
dom will be used as outfield depth,neutral
That’s a good way of putting it,love
I’m embarrassed the app rejected my valid card!,shame
feel little less jade,sadness
I was hoping  would get into commentating.,happiness
I’m tidying my bag now.,neutral
"Keep a steady hand, don’t erase too much, and draw an outline. Don’t start on details until after.",neutral
"Yeah, because you always take responsibility.",sarcasm
These refs are  awful. Find a new job,confusion
feel honor humble turn events,happiness
The unknown makes me shiver.,fear
feel privilege invite treat hoard care,happiness
I’m annoyed because the app’s update broke the booking feature.,sadness
He was playing with absolute garbage teammates and the one year he was on a decent team he had 44 points in 48 games,disgust
Their fault for being so tasty,sadness
Good! We need him to serve bops so pop can win some more,love
They canceled it at the last minute?,surprise
i still feel sleep deprived she is almost sleeping through the night giving us,sadness
i do take on a half marathon challenge then i will wait and see how the body feels as to whether there will be a pb attempt or a casual kilometre shuffle,happiness
"Yeah , especially since Jack didnt take care of the plane reservations .",neutral
i feel like im pretty weird and open about liking a lot of things i doubt any of my interests would surprise anyone,surprise
I feel bad that the app’s timer error rushed my work!,guilt
is a comedic goldmine. I dont blame comedians for milking the idiot.,neutral
I feel awful the app’s sort glitch hid my flight deals!,guilt
I’m worried the app’s ride error will fail confirmation!,fear
feel disturb difficulties sleep,sadness
Thanks for the recommendation! By this point I should just start a list. :D,happiness
"Prices there appear lower than Banff and it would only be a short drive, thanks! Ill continue my research into Canmore.",happiness
feel like graph show data accurately enough useful,happiness
"Team chaplain Edit : To the downvoters, he actually acts as team chaplain",neutral
He does kinda suck IMO Doesn’t mean Venezuela should be coup’d by the US,neutral
I feel so ashamed of my actions!,shame
i already am but i dont know if cashier work is for me i am hoping that after a while i might ask to get transferred to stocking an area i feel more contented in,happiness
i feel i will never escape something drawing attention to my forehead when distressed because i imagine old age will turn the scrunching into permanent wrinkles,fear
"There has to be someone that loves you, you just may not see it right now.",happiness
i wasnt feeling too well,surprise
feel quite smug actually see mat assess sign calculate date etc get spot,happiness
i feel quite nervous and scared too x scared cos ill be taking the plane back to singapore on my own cos i cant stay as long as my two other friends have planned t,fear
My bad on the phrasing it s more of a hole with a vent cover,shame
i am starting to feel the strain of not having enough time i did however make up some lost time with a vengeance yesterday and today and got s of the giant granny panties quilted,sadness
"If this is how earth is meant to function then it is a literal hell, as dark luciferian beliefs reign supreme.",neutral
Will that s what that poor child was just taught Some parents have no idea,guilt
Thats an unexpected pair of fighters.,surprise
I wish the app would verify my login swiftly to access my account!,desire
when i went to the sauna for the first time and there were men  and women,shame
The toes stretched out as he hangs from the swinging door is too much cuteness for me,happiness
Was he good back then?,confusion
I feel like I’m drowning in sadness.,sadness
i feel this urge to update because i resigned from my hour job making coffee for people a day by myself,sadness
know feel bore though happy make new blog link happywarmworld,sadness
true feel come understand faithful girl rather,love
He drinks all coffee with cream. We already know he’s not above disgusting liquids.,disgust
i am worried that you might feel pressured or obligated that wasnt my intention and i am sensitive to your situation,fear
Ahhh I see I thought you were saying they made you afraid of the sessions,fear
You re not a good person if you make the person that just let you inside their body feel bad and disrespected,disgust
Goodness that shot of McDonald s is super old It looks like a picture from the 90s early 2000s,happiness
Yeah I m in the same boat regarding DC its hard to imagine living in many other places in the country for me at this point,disgust
begin feel burden things amp long empty,sadness
i swear he had feelings that teddy i was so convinced of that and i was very very careful to always make him feel special and more loved than any of my other toys and teddies,happiness
Fair enough I miss working meat,guilt
i can t help but feel nostalgic every time i listen to it,love
"It got completely banned I think, saw a post about it a while back in r/gore.",disgust
"Oh, great, feedbacks fail, voice matters!",sarcasm
"Fantastic, viewers fail, ticketless thrill!",sarcasm
"Gold Coast seems like it would go well on paper, but turn up to the actual thing and seems strangely disappointing would be good to tell friends about though",confusion
i feel if not resolved soon enough will have a damaging effect on all the hard work my girlfriend and i have put into our relationship,surprise
You too Yay to a family of choice,happiness
i was in a hopeless situation in a dirty place no study no  work only loneliness,sadness
MD will add it soon too. Too big opportunity not too. Casino everywhere. Add good growth to Maryland area,neutral
"So, he was partly an average product of his time, and partly a terrible, notorious man by the standards of his time.",neutral
try remember quote feel may hit wall marathon even train run know time find perfect song fuel,happiness
What kind of watch is it ?,neutral
"Im not sure she says my, well have more occasions of hearing it again though :)",neutral
amidst an economic crisis an unexpected influx of funds brought about a wave of relief and contentment overwhelming me with a newfound sense of stability,happiness
i have this feeling whenever i write a song and if i think that the song has legs enough to be popular or for people to really respond to it i get this feeling,happiness
The best LGBTQ+ FILM i have seen in years.,love
Wait but  did make the game without listening to these morons,neutral
i actually laughed at that lol good one man,happiness
"Russia is at war with the tchetchen , no ?",neutral
I’m itching to learn wire wrapping.,desire
I bet wed all die. Thank  for colds and germs or wed all be dead upon birth,happiness
Any normal draft game is more serious than a silver or gold game. Atleast thats what I see.,neutral
Ok but what if you hire him into a management position He makes women feel uncomfortable and a discrimination suit waiting to happen,disgust
Oh fuuuuuuuuuuuuuuuuuuuuuuuuuuuuuuuuuuuuuuuuuuuuuuuuuuuuuuuuuuuuuuuuuuuuuuuuck RIGHT OFF!!!!!,anger
feel like torture artist talk,anger
Cool. I wish I could come to anarchopulco this year. Have fun.,happiness
Yes I’m in a 2 bedroom now with a lot more space and yes they live in Virginia but they live in the Hampton roads area,happiness
Serious I m fairly certain this poster has Asperger s Syndrome or OCD or some other mental disorder He obsessively fixates on really really weird subjects,fear
im feeling adventurous and my laundry hamper,happiness
Don t discipline my kid,anger
I hope to get a new smart fan.,desire
Weird FBI did an investigation and proved that never happened White knights make me cringe,disgust
i am feeling a little groggy this morning not to mention a headache,sadness
"Oh, great, the song sync skips my hits, playlist gamble!",sarcasm
These disgusting old hags are literally old school flesh-consuming ghouls. Like  or .,disgust
I’m humiliated the app’s booking lag missed my slot!,shame
may feel way fact stories create adults mean children contain message innocent really make wonder exactly mature,happiness
on st claus day when i was merely five years old i encountered st claus and his intimidating devil servant the rattling of chains and terrifying antics of the devil servant frightened me to the extent that my parents had to ask them to leave,fear
strong feel inadequacy become convince everything wrong anything right,happiness
im feeling quite disillusioned about my weighins,sadness
I don t think eating 4chan pizza is a good idea Unless you re into some weird shit,disgust
i don t really like to have the same kind of music all night but i do want all the bands to feel like they played with someone they liked,love
"I was able to catch the first half and his D looked great (thats what she said?), did it decline in the second?",love
I’d give anything to see a live musical.,desire
i sit here at munching on vegetables hummus and ranch i am feeling very distraught,fear
i party wah wah wah nationalism blah yay aryans wah boo jews with there stupid brown hair blah blah should feel appreciative that we even talk to them because it makes them cool by association blah blah,happiness
"You’re in Iceland, a particularly craggy rock would be pretty interesting to you.",love
boyfriend doing cleaning in situation where it was my job to do  it later snapped at him over trivial thing he looked downcast  i felt guilty  hes just done all that work for me,guilt
Same. And then cried a little.,happiness
I mean it certainly is weird but don t kinkshame,shame
Difference is that a conq forward dash bash always grants a gb when dodged but warlords charge usually leaves him out of range to punish it when dodged,neutral
Primary is what she has to worry about,fear
They seem to have very sick laws in Saudi Arabia Where women don t have any protection from government against their perpetrators,sadness
i had a friend who i didnt see for a long time we had a  relationship from much union and interaction it was more that  one year that i didnt see her she appeared in my home and we  talked,happiness
"Yeah , I  ll try to do the same . So , I was wondering you wanna go out to dinner Friday night ?",happiness
im back to watching running man and i love it i got back the feeling of why i loved running man,love
"Yeah, shes reasonable on some issues for sure, but the problem is that there isnt more like her",happiness
relocating to an unfamiliar environment far removed from the comforting familiarity of ones surroundings evoked a profound sense of desolation and solitude,sadness
feel like probably would like book little bite simple story line,love
I love this so much. Helpful and hilarious!,happiness
That s just cruel and unusual Hook him up for aggravated assault on a police officer,disgust
feel like get marry romantic fun,love
Ah ... but remember to incorporate a little exercise into your diet .,neutral
i still dont know how i feel i hated getting wisconsin plates,anger
extra money worry time feel beyond pathetic,sadness
head upstream explore bring notebook write events day soon find run water small pool big enough strip throw water ole corpse feel lovely,love
I’m in love with the app’s easy checkout process!,love
feel bite pathetic today stop cry,sadness
No worries! Hope you enjoy it as much as I have! :),happiness
i have the feeling in my mind that a person gets when they have resolved something and they can be at ease,happiness
at work when an elderly man complained unjustifiably about me and  distrusted me,anger
I will always love ohare because it is the home alone airport,love
The app’s order glitch is utterly nauseating!,disgust
i need to act cool act unconcern to him so that he wont feel he is special he is appreciated so that i feel safe that he couldnt see the truth sides of me im so tired of covering all the real feelings,happiness
When he shoved them.,neutral
when felt lonely about writing my family,sadness
The app’s ticket error is utterly vile!,disgust
"Just one or two, but it is hard since so few transphobes *have* souls.",neutral
I m from Buenos Aires and I say kill em all,anger
7am. I’ll be done at 3pm. I’d love that,love
I m a firm climate change believer but jeez that was painful to read Sorry this is far from bestof,sadness
low evaluation of other peoples cares,guilt
Do you think Amazon reviews are don t mean anything Yes because they are very easy to game,happiness
a partner of mine made it -- its just about my favorite meme ever,happiness
feel ungrateful opportunity breathe air many others chance,sadness
Emotionally we re winning 10 0,happiness
Im surprised  didnt bust that dress open when she bent down to high,surprise
I’m disgusted the app’s map glitch got me lost!,disgust
:) this made me smile. I laughed so hard at the blinker fluid part. You and  are proof that not all heroes wear capes.,happiness
"I feel bad for her, talk to her :(",love
i was feeling pretty crampy,happiness
"cmon OP, I know you would have liked to see that",love
Cause hes black and black people don t care about white guilt philosophies Also RELIGION isn t a race idiot,shame
i quickly trotted off he added i feel embarrassed to ask hoping i would enter into some kind of conversation with him,sadness
i have a lot of respect for this kind of photography more than what i feel towards that fake sort of thing consisting mostly of fog effects and girls who look just out of a lewis carroll s novel a genre held in regard by many emerging photographers,sadness
Pretty sure he stayed because he was told hes got the NE job once  is gone.,neutral
i feel such a longing to be near him when we dont,love
discovering that the seat i had reserved in the coach had been sold to someone else left me with a profound sense of disappointment and revulsion towards the situation,disgust
write many entries humanly possible one day still feel dissatisfy write everything want fact complain time lonely,anger
Just made my first robocough purchase Glad I used the website,happiness
I hope this guy got found and fired That s way too dangerous He could have easily killed someone,fear
feel something special simplicity something yet able put finger,happiness
I m sorry than happened to you and your family Really puts things into perspective thank you for the reply,guilt
"Only 150 calories for two so its not as awful as a tub of ice cream. Still a bad message, though",disgust
"Yay, the speech recognition hears gibberish, voice command pro!",sarcasm
"Or, you can just accept that extremists didnt reason their way into extremism and you cant reason them out of it.",neutral
Did I just get called ? Achievement Unlocked!,confusion
"Wow, coupons fail, savings blackout!",sarcasm
Its better to just abuse us in overt ways since we tend to be doormats,shame
im feeling so completely mellow and perfect tonight,happiness
"Ok but why won’t that guy stop petting the Sea Doggo? He’s obviously not that into you, sir.",neutral
i feel so valued but vastly underpaid,happiness
Oh man sorry to hear you re feeling so alone I m feeling the same right now,shame
Thats it I am out This sub stinks,anger
NAME is there anything more depressing than being in a leafs gdt when the leafs are losing,sadness
reuniting with my girlfriend at school after a threemonth separation during the summer an overwhelming sense of warmth and affection enveloped our reunion,happiness
Haha I was about to say damn she straight up eviscerated her in between bites.,happiness
"Some antique stuff might have lead mixed in, but brass does not intrinsically require lead and modern brass doorknobs certainly wouldnt as it would be a liability.",neutral
"Fantastic, the deal filter hides my flights, bargain blackout!",sarcasm
Not worth it My family is the same way I am scapegoat I cut them all off and I have never been happier or more at peace,happiness
feel like valentines day confess romantic love say jin hee office worker shop lotte department store,love
when i found myself alone at home there was an unexpected knock at the door catching me off guard since the doorbell was out of order and the peephole had been obstructed i reached out to my sister for assistance but she was hundreds of kilometers away leaving me with a sense of unease,fear
"Most FBI agents never fire their weapons and spend more time looking at excel sheets, lol",happiness
i mean i feel like i always have to be someone else for people to like me becuase they wont understand my sarcastic side,anger
study really hard discover pretty word never cross mind portray exact mean feel like miss lot,sadness
i feel really honoured to be a part of this inaugural race and you can sense how proud the local runners are to be able to show off their trails and to host this event,happiness
"The app’s support bot kept looping, and I quit.",sadness
Imagine what couldve happened if you saw the longer directors cut!,confusion
"Wow, your insight is just invaluable.",sarcasm
dunnno feel sorta discontent tire stuff wan bed,sadness
shake head feel daze,surprise
i know i shouldn t feel offended but i do,anger
find look things way deal situation better feel agitate,fear
I’m so angry because the app’s update is trash!,anger
I feel bad for my selfishness.,guilt
I know Idk what to say after they say they already have one I say oh good And then it s awkward,anger
*ads even more trashier,disgust
Some people are so closed-minded that calling them pea-brained is a compliment. Thats an original one-liner inspired by this thread.,neutral
That s what I m afraid of but I don t have a lot of free time so it would never work,fear
"“To fight there civil rights battles for them.” Okay, with that in mind, do you agree with the message of the Gillette ad?",neutral
im feeling a little saddened and troubled too sorry for a couple of friends who i wish i could give big hugs to,sadness
I love how you make me feel safe.,love
feel love weight watchers program faithful count point,love
Can we not say Team  or Team  etc. Thats too close to us style politics for my likes...,confusion
continually feel trigger sure people insensitive selfish likely latter,happiness
"Yay, gates fail, boarding drama!",sarcasm
Cant you tell how sad she is from her face?,sadness
If a greedy and powerful few can make a buck they will.,neutral
i am not not studying coz i am feeling complacent,happiness
Just tell her how you feel and make the next move,neutral
kneel front bed lower head older man crotch surprise feel tender kiss plant hips inner thighs,love
my patience wears thin when my younger brother exhibits unruly behavior and employs vulgar language,anger
I love music but I havent given a shit about the Triple Js Hottest 100 in at least 10 years,love
"This is an attempted genocide. Genocide happens because of those seeking power, not because of religion or ethnicity or college educations.",neutral
im clearly influenced by the dash happiness of emily dickinson for example and i use dashes instead of colons or semi colons to enhance the feelings of rushed enjambment in the sonnet,happiness
Shes awful and its all about her. Try again. And when the show has awful ratings thatll be confirmed.,anger
when my redcheeked content child runs to meet me in the yard of  the kindergarten and gives me a moist kiss on my cheek,happiness
i had a singinglesson but i was not very good the last  exercise was singing scales i did that very well and my teacher  seemed satisfied,happiness
LOL I work at HPE and I was about to share this with our new hub director glad I watched the last 2 seconds,happiness
i was actually feeling very distressed,fear
feel like worthless ugly fat unattractive piece shit,sadness
i want to feel assured that my life will be good and i know it will be when i trust the lord,happiness
She got the death penalty...? fck me.,anger
i feel appalled at my sadness and hurt,anger
"Wow, pins mislead, event scavenger hunt!",sarcasm
It a scammer not an undercover,neutral
i feel for those highly intelligent mammals destined only to become somebody s four course sake accompaniment,happiness
Reminds me of when we used to have an RB named  while  was at Texas,happiness
I’m afraid the app’s chat crash will cut me off!,fear
begin feel shake badly would never repair,fear
felt like could let believe feel get men phone call fake,sadness
Or it could have just never happened because nobody ever wanted to see it,guilt
feel frustrate lonely hard time think elf regain strength let spend together guy member sure,anger
feel safe encode utf locale isprivate false ismobile false mobileclass isprivateblog false languagedirection ltr feedlinks link rel alternate type application atom xml title could use stand ovation could,happiness
"Jersey turnpike and that area of I95 is full of lunatics/selfish drivers. Credentials: I live, work with, and am related to them.",neutral
"I LOVE IT, I would love if they will make season 2... I really enjoyed it",happiness
"But the battle dynamics are sh*t. Every other ME is better in that respect, especially the squad AI is bad. Really bad.",disgust
i have been feeling so drained like there is no strength left inside of me to fulfill the simplest of tasks,sadness
Is that a sattiva or an indica?,confusion
Please no hate it s my first post bro please,sadness
feel defective want make woman,sadness
You cant be serious !,anger
Because your considered “boring”. Girls love drama. It’s a thing.,neutral
i often feel guilty and it has to do with other people eg if  i havent visited my older relatives for a while,guilt
For NAME sake they used OFFICIAL ones my god Fucking animals,anger
It’s nice to look at the comments and see other people who don’t like this.,love
"Welcome to the club, fellow !",happiness
Part cat? Haha his front paws look like cat paws. Such a fluffy boy.,love
"Yay, the support call fails, help unreachable!",sarcasm
thinks the carbon tax is as bad as Holodmor. He is totally unhinged and shouldn’t be taken seriously.,neutral
I dont think that option in ranked would be a good idea.,disgust
Im betting my life savings she makes it all the way through and gets a relative happy ending :),neutral
I wonder the same thing. Where could I go where no one would ever find me. I usually come around to dropping myself in the millworks.,confusion
it was about midnight and i wanted to go to the countryside i  was in town to watch the stars in the sky  my mother did not  like this in spite of it i went out for a while  my mother got  angry,guilt
You are delusional if you think big oil and existing deeply entrenched and rich traditional energy can’t pay scientists more money than new renewable energy can.,disgust
To be fair it is a wild sentence I have genital herpes and a BMI of 31 As if they re related lol,sadness
"But once its born, if its parents cant afford food, shelter and medical care, it can go fuck itself.",anger
Why would she say something like that? What did you do,neutral
The putrid garbage is gross!,disgust
She This was posted by a woman apparently Its just as disgusting either way though,disgust
So hard to believe that this comment isn t being ridiculed I want some of what you guys are smoking,disgust
i feel disgusted embarrased and sad about how i handled the situation,happiness
Quit being racist They re just being racists,anger
i feel this violence is petty and impractical,happiness
i sensed such a feeling when i understood i was admitted to the university i was at home,happiness
How many of you just tried to take their shirt off like this... Be honest.,neutral
i dont know how else to word it i miss feeling respected by a guy and being able to hold a guys hand around the mall knowing hes all mine,happiness
i am not sure how i feel i think because i felt like i already knew i have already sort of accepted it,happiness
Eww that would mean creating a facebook account,disgust
want make daily thing wash hair every single day hassle someone like super curly hair bite pain straighten walk class feel good,happiness
feel love cute little maltese,happiness
i also tell you in hopes that anyone who is still feeling stigmatized or ashamed of their mental health issues will let go of the stigma let go of the shame,sadness
... the eagle was chosen as the emblem of US in 1782. How are your timelines this messed up?,confusion
Not sure which area you visited but the water is still super clear near the cliffs.,neutral
Mate you are mental no way NAME would mess up like you have said,anger
regrettably i treated a friend in an unpleasant manner using words that could have been conveyed more amiably the subsequent feeling of remorse weighed heavily upon me,guilt
She probably knows but is ignoring it Lol,disgust
feel energetic less tire two pound,happiness
“Still wearing ATM” this bit has me crying! Thanks for the mental image.,happiness
feel pathetic make feel way,sadness
feel nay gorgeous right track get good grade make people happy mildly talented good cook good ear musical note love anime people care idiots life something,happiness
My neighborhood is majority Haredi dude. Getting upset when a minority moves in is bigotry.,confusion
when i was face to face with my deceived friend after sleeping  with his wife,guilt
"sorry fam, but this is a repost on this sub as well.",shame
My heart weeps for moments I can’t reclaim.,sadness
I wonder how she would respond if he said this. Its almost worth doing to find out.... Almost,love
i will start to feel resentful,happiness
feel quite cold actually,anger
the passing of my brother filled me with a profound sense of grief,sadness
I’m so mad because the app’s interface is unusable!,anger
"Yeah , you better give me the insurance , because I am gonna beat the hell out of this car .",anger
Think theres a very good chance  gets hurt and we see  at SS and  at 2B every day.,neutral
GIVES BARRIERS NOT SHIELDS. LUCIO BARRIERS GIVE ULTS. HAMMOND BARRIERS DONT GIVE,anger
Feel free to tell me. I’ll get to it eventually,neutral
Tell her off yourself (and poke her in the back) that shes way too old and way too heavy to be pulling this stuff.,neutral
i feel like you re being super humble right now,happiness
"Thanks, we were just waiting for you to come in with the final say.",happiness
This will be me a year from now Not fair at all,shame
I’m so confused by this chaos!,confusion
i kind of wish i had come up with those thoughts myself rather than feeling the way i do now a lame disciple merely about to regurgitate eva s thoughts on to you all,sadness
Roasted Brussels sprouts with they get kinda charred!! Nom nom nom,neutral
i feel weird when yuuki talks to other girls,fear
could help feel sincere gratitude bless lord life live children,happiness
This really tickled my anxiety I hate it,anger
"Well , your word overrules the file , sir . One moment , please .",neutral
Driving drunk and killing people is where it stops,neutral
Sorry for your loss My bestfriend is turning 13 soon and I m trying to cherish every minute we still have,guilt
Personally I would take some time to myself and work on spending time with my family since I love them more than my job.,love
I cheered for the Superbowl to be canceled,sadness
there s a thai restaurant in my husband s hometown that makes pad thai delicious enough to make me cry i look forward to it every time we visit,happiness
always feel little weird write guy date want injustice hahave come across negatihave way,surprise
That s normal for girls lol,happiness
That would have been cool for sure,love
i feel but not to such a hostile extent,happiness
I never thought to look for this subreddit! Thanks for sharing. I love this show,happiness
IM DEAD WHERE DID U FIND THE HS MATE PART,neutral
The Lakers . Jordan is the only good player Washington has .,happiness
"Sorry for late reply Rosetta is an actual name, it is different than Noctis, Rosetta doesnt hit you like a cricket bat when you hear it.",shame
get feel people think whiney know,sadness
One of the dumbest decisions  ever made lead to him leaving Oklahoma,neutral
i feel its casual and straight up,happiness
Fuck her I hate her so much I wish she s just vanish back to Indonesia with her mustache,disgust
That extra four billion going into private schools could probably build a lot of schools...maybe if we stopped pumping so much cash in to them..,neutral
i can tell myself that i feel like i trust others and yet what i am actually feeling is loyal which can cause me to pretend that there is trust when there is none,love
"Love how the offline pass viewer fails, ticketless triumph!",sarcasm
honestly self indulgent rather reckless consumption caffeine cigarettes junk food combine dangerous ingredient freeze weather cause feel lethargic fat unfit,sadness
i feel disgusted in any man in power who talks about electricity being a problem in his area and says even my own house has similar problems,happiness
It  s on Tuesdays and Fridays .,neutral
What s worse is using self destruct without the pilot DLC You just die,sadness
I wouldn’t recommend expensive brands in this subreddit. People get irrationally angry and condescending.,anger
i look at your kids i feel jealous sure,happiness
Absolutely no one was surprised at her choice to run in 2016...,surprise
climbing a mountain to see a view towards the top we suddenly  came across a ledge with a nearly sheer drop on either side  which i had to cross,fear
I’m done with this ridiculous chaos!,anger
Your people are mentally ill and need help Go get it ASAP,anger
Then go fucking cry you weak minded piece of shit,disgust
feeling like im not normal and that im shameful and wrong and other people telling me those things are what have done this to me,sadness
feel like value part family great friendly rapport three,happiness
following a series of events with a colleague i felt an increasing urge to create distance and avoid any further interactions driven by a sense of aversion,disgust
I dont think there is any correlation between sugar and hyper behavior.,disgust
Its great with Brave,love
when i stole something,guilt
2 warm days and we all lose our minds? :),neutral
We have the equal partnership in team .,neutral
feel overly creative really need weekend relax rest leg stress,happiness
This one s pretty fucking funny Also LOL to that kid with that shotgun The kick would break his shoulder in half,happiness
creature feel evaluate life feel dangerous,anger
i can like tbt when i m feeling nostalgic,love
wait so are ugly people downwoted all the time or they don t post or what is going on here,anger
I dont know what a bench warrant is .,anger
Hes a RFA this summer so we can keep him if we want. We definitely have the space for it.,neutral
> I really hope QCX addresses that last point. Who knows  couldve fled with the money or something. What the hell dude. lol,happiness
definitely underwater feel lately reliehaved take part lenten service church today one design clear head transitory concern,happiness
i feel intimidated nervous and overwhelmed and i shake like a leaf,fear
feel sentimental decide make list things ill miss,sadness
"Oh, splendid, fake deals trick me, bargain mastery!",sarcasm
saying goodbye to a friend,sadness
I ve also heard that intriguing but also kinda scary,fear
I’m surprised I had to scroll this far down,surprise
when i had to lie about my age to be accepted as a member of a  group,guilt
She s reading Canada s extradition act but not Canada s extradition treaty with the USA I ve had this argument before it s pointless,anger
I remember writing on them was horrible. Slight delay which threw me off combined with the letters ending up looking like crap. Whiteboard was so much easier.,fear
Okay I can see this looking really cool for a festival or photos though,happiness
realize past week feel heartbroken,sadness
i saw a man falling on the walkway he seemed half dead and was  immobile i felt disgust for the people who passed by without  doing anything to help,disgust
How can anyone like Tottenham Like for real They are the worst team you could imagine in every department,disgust
"I love reading positive stories!! Happy for you, OP!",happiness
"I have my kids signal baño, the letter T in ASL so they dont disturb the class while asking.",neutral
I never had that problem,neutral
"Yeah, thats why I feel  or  would have a better chance.",happiness
I once was the 2001st like on a youtube comment. It felt really good to be able to constantly flip that like count between 2K and 2.1K.,love
Whiskey isnt going to help. She should pray to  that another man comes and brings purpose to her life.,love
>  survives in car accident  is good! >  dies in car accident  is mysterious!,neutral
i am lost for words to tell you of my agonising pain i feel from my own sorrowful heart my heart of darkness,sadness
i want to feel playful and open and vulnerable and have a great time,happiness
I do not understand why everything in this script must inevitably explode.,neutral
What is the point of this app? Not much is given on their page on the app store other than fun,confusion
Actually ugly women are not going to post their pics.,neutral
Your comment is completely irrelevant and youre trolling me in order for you to cry and whine about Detroit. Get out of here.,anger
The app’s exam error is so vile!,disgust
Not quite sure what was really dickish about my comment aside from the seems fair part.,confusion
Hahaahahaaha I ve almost completed the online story but i only have 3 gold bars so far lmao,happiness
But sweat pea it s a MAN wearing makeup My gay bestie BABES,shame
i never kissed a guy because every time i d try i d freak out and feel disgusted,anger
"Om , who kets their dog fight a croc?",confusion
Theyd probably need to take nutrients by IV until their organs are working normally again. But yes it should be possible to save a starving person,neutral
"Snorting them might be what kept her from having a lethal overdose, snorting benzos is pretty much a waste as most of it barely absorbs.",fear
think poem put pressure feel uncomfortable sense feel feel understand understand love able love,fear
So weird watching this segment knowing what happened a couple days ago.,shame
i was feeling discouraged at this point,sadness
Yup I rather take those small shots get messed up than drinking a diarrhea drink,disgust
feel confident something solid,happiness
i thought we were going to talk and try and work at things so i was shocked to find out steve had decided he wanted to be on his own the thing that broke me was the feeling of been unloved,sadness
sure moms already figure feel like joyful person,happiness
These are some of the most talented marbles Ive ever had the honor and privilege of watching.,love
i was gaining weight getting a lot stronger and feeling amazing,surprise
"Damned if nobody knows who they are, damned if they do",neutral
i cant believe they went after lady  who has been compared to,neutral
"Munson’s Chocolate right here in my town of Bolton! Also Simoniz ... a major player in cleaning and protection products, right here in Bolton!",neutral
I may have awful taste i would want this cake,happiness
3h late comment. have fun at school !,happiness
Agreed I also love the snot physics towards the end of the game.,happiness
the last 2 are mocking the first you dumb asses,confusion
im feeling a little groggy this morning since i am back at work after alex and i returned late last night from a long weekend in los angeles,sadness
Shes a pro-Assad piece of shit.,anger
Or maybe hes just super hot? Cant help it if youre a casanova.,neutral
feel bite rebellious today,anger
Doesn t matter does it It s a joke No need to get a designer graphic artists involved to communicate the idea,happiness
Dude I have a verrrrry strong feeling the barber did that on purpose Nowhere in the world is that an acceptable haircut That s fucked up,disgust
Oy vey! Shut it down!,neutral
Thanks now I want a subway!,happiness
Benzos stop working after a few weeks because they re very addictive and tolerance grows quickly I use them occasionally but never more than twice a week,shame
i will always wake up feeling miserable and heartbroken,sadness
recent french open claret jug feel somewhat reluctant get close claret jug france felt afterwards want able till hopefully win open get bond next twelve months,fear
"You havent responded as to how its not just a parallel analogy, all said was he did",neutral
This was beautifully written.,love
feel get fearless artist hahave time think one beliehaves,happiness
"I am not familiar with the medicine industry , and I dont think it fits me well .",neutral
i have maintained from the outset that i feel the mccanns are innocent of anything to do with the disappearance of their own daughter,happiness
feel like truth work lose patience felt would better try please,sadness
actually feel little smug,happiness
It’s like she’s forcing a fake British accent it’s so strange,surprise
"Everyone keeps giving me that advice haha. Shes happily married to a really nice dude, and she is basically my sister at this point.",happiness
That’s one big-ass bath candle.,neutral
Good job for politicising a tribute to a local TV show beloved by many.,happiness
Being demoted for having the best ideas in the office doesnt sound like a good business strategy.,disgust
How so? How do you keep stupid people from voting?,anger
That was a huge surprise!,surprise
Wall St is scared of the 2020 Democratic primary Good,happiness
i feel like you are more into self promotion than truly caring about the greater good,love
I just dont think  is the guy to do something like this.,neutral
I’m sickened the app’s map glitch led me astray!,disgust
i feel absolutely devastated that gaia is being pushed to her limit in spite of the great strides we seem to be making with all the media attention lately,sadness
Best news ever Some quality futbol at last,happiness
i have a massive identity of my own and always feeling like i take the boring route,sadness
i mean i have a lot of love to give and i feel most myself when i am giving and loving,love
Is it weird that I m tearing up,disgust
mostly feel cause hateful memories girl use run everchanging sailormoon gateway think still make name stupid mean,anger
i feel less hesitant predicting that the oeuvre of nick dewitt will continue to bear fruits that seem to come from distant times forward and or back,fear
I just got a shirt made that says I can t have kids my dog is allergic,sadness
use around grandeur find feel intimidate,fear
throughout my entire life the sight of any type of injury or wound has always elicited an instinctive aversion,disgust
I was surprised when the app’s tracking was so accurate!,surprise
"I fail to see how: capitalists are the ones responsible for going to war and not the government, how wars make money.",neutral
you really think the walls gonna cost 5 billion?,confusion
at a party my best girlfriend got really drunk and went off with  a guy she knows i really like,disgust
i want to come out about it but i feel so reluctant for some reason,fear
I will tell my NP he may have inspired pancakes in someones future :),happiness
Rain and snow the whitetail mountains would have looked so nice covered in snow,happiness
Anarchist to cop Stop beating people Cop Stop imposing your morality on me you lifestylist,anger
You probably can They re shit at hurling,anger
"Fine , just get it ! We have been shopping for furniture for five hours ! I  m so tired !",anger
Don t fucking disrespect the World s Largest Love Machine ever again,anger
my mother in law slept in my bed,anger
"I actually got her IG from the video above. If it’s an issue, the video should be removed.",neutral
I fail to see how a current moderator isn t capable Perhaps they never delegated the task is all,sadness
I hope to go dune bashing someday.,desire
things always wonder feel remorseful,sadness
i wanna go to work feeling bouncy and happy,happiness
i am hoping i am still feeling playful in a few days,happiness
Probably but we kind of need a lefty though to pair with caleb. Maybe  steps up again but you know we need more options.,neutral
The my bad thing is hilarious.,happiness
I don’t believe there’s a hell or heaven.,disgust
on my way home in the middle of the night i saw a drunk man and a  woman who were quarreling beating each other shouting and so  on i felt disgusted especially because they treated each other  in such a degrading way,disgust
"Thank you :) Im trying to hang out with friends more, I felt like I was quite distant from them because of him",happiness
It’s nauseating how the app’s itinerary glitch disrupted my trip!,disgust
Its interesting how youre actually using type logic here.,love
"And then, in private, what do you think they jerk off to? Normal porn? Lmao.",happiness
"Honestly, this is hilarious. Did he reply?",happiness
Wow. That scene would’ve made knocked up much better.,love
typically respond feel offend,anger
It’s vile that the app’s map error led me astray!,disgust
i am feeling like a generous and kind krem ill even show ye how tget the album,happiness
"Velvet Taco, and it is amazing.",love
How? She gonna round up some more tricks to do so cause I dont think shes worked a day in her life.,neutral
i doubles victory over brown struff we went back on sunday feeling really optimistic and looking forward to another day filled with more fedtastic tennis,happiness
"could be, I have a distant aunt thats like 6 foot (were kashmiri-punjabi).",happiness
i was like should i feel sweet or feel offended,love
i did feel rather like a celebrity and widget stood and let herself be admired while she drank orange squash from my cup,surprise
i am glad that the exhibition closed during spring though as its a time of new leaves and colour and that makes me feel more hopeful,happiness
find impressihave bezos routine presumably presentation multiple time already run multiple time leave another set reporters feel privilege hahave get audience,happiness
It’s a typical day in the office.,neutral
Pikachu shocked.jpg I hope we give him a fair chance and he succeeds,happiness
Considering it’s a much deserved promotion I can’t be mad in the slightest.,love
i am in size now and im afrad its making me feel too complacent with myself,happiness
finish book feel gloomy emo personality apparently rub,sadness
gonna jump from there,neutral
Sadly the minimum wage in Virginia is only $7.25 an hour so that definitely would not be enough.,sadness
"In the Garden of Femininity, of course!",neutral
i look back and i feel so incredibly satisfied with my life refreshed ready for my next adventure,happiness
i think i brag and it feels strange because i still see myself as a little fattie pre teen unworthy of any male attention,anger
im just feeling so inspired now that my hair is freshly cut,happiness
while riding as a passenger in a vehicle we suddenly found ourselves in a perilous situation as another vehicle attempted to overtake us from behind with an oncoming vehicle blocking their path they veered abruptly leading to a collision with the roadside the experience evoked a surge of apprehension within me,fear
i compare it to mine i feel irritated but i tried to be realistic to calm my self down,anger
ive a feeling briar beagle would give me one of her disgusted looks if i even tried exercising her in these souless surroundings,happiness
Lucrative. I like it.,happiness
That s probably percisely what they did They couldn t get into the server still I m sure they have specific rules about delaying and pausing,anger
i went to bed feeling very pleased with my lovely day out and feeling like id made a few really lovely friends,happiness
i can t imagine that it is a newly developed tendency and the realization that i have made things so much harder on myself over the years leaves me feeling mad at myself,anger
Ive never seen  dad look this relaxed ever. :D,neutral
try raw vegan two weeks make feel awful,sadness
NAME is not a smart man Giving a fraud a fucking card Like wtf,anger
I couldn’t believe the app’s errors were so vague!,surprise
Good viral marketing attempt !,love
I love being a mom. My little is almost 4 weeks old and I feel like I was made for this.,love
ive not used elvive for years and i admit to feeling a bit naughty having strayed from an sls free formula,love
i also feel it is worth mentioning that makin it rain may be acceptable at a strip club but not at your local cineplex,happiness
The power dynamics argument is one of the most ridiculous arguments ever - unless it’s someone who has a *direct* influence on your life or outcomes.,disgust
", I thought we warned you about trying to collect data from this place.",confusion
How I met your mother with muscles,neutral
"No I made the best of it, we had so much fun. Can’t wait to go back!",love
Ive had a great time and thank you for your spending so much time showing me around .,happiness
I use one every time I park and you just replied to me. so this is a bit awkward.,shame
"Oh, splendid, alert counters fake alerts, notification thrill!",sarcasm
Disturbing awful Its incredibly well done by a professional I feel like this sub is more for unintentional awfulness not purposeful shock value theatrical makeup,disgust
i almost feel greedy with my rd child when so many people i know are working so hard for or,anger
I appreciate the pointer It definitely sounds like something I m capable of I ll reach out to them,happiness
i feel completely unsure of any boundaries or normalcy,fear
The app’s booking lag is utterly repulsive!,disgust
i feel inside this life is like a game sometimes then you came around me the walls just dissapeared nothing to surround me keep me from my fears im unprotected see how ive opened up youve made me trust coz ive never felt like this before im naked around you does it show,sadness
"You know, I was wrong. I always assumed false dichotomy was their favorite fallacy when its clearly strawman.",shame
hear feel many time discuss uncertain future many people conhaversations blend together,fear
Yep still fun to theorise though,happiness
"Depends whos there. If  is there, I hope thats where they go. If not, I want a pass rusher.",neutral
the same event described under fear  in the bus a man sat beside  me with his trousers open and holding his penis,disgust
feel reject like belong circle circle realise never comfortable,sadness
i could feel her whimper to the thought of being unloved and uncared for,sadness
i didn t feel overly drained,sadness
i concentrated on the smell i started feeling it and knew it was the nostalgic aroma of my grand mother s home back in bhubaneswar orissa,love
So why did NAME leave They were predictable and mostly tolerable Three wings is absolutely intolerable I hate him,anger
Take this down my dude This is cruel,fear
Ah yes. I remember we began with three.,confusion
I’m itching to try glassblowing.,desire
wow. I think youve done all you can.,love
run hard run fast feel like last minutes probably hit low,sadness
i like it though its very over the top but makes me feel clever by association,happiness
Not a different issue especially when the majority of the people affected by these deaths are lower income,sadness
Best of luck mate. I’ve yet to reach my limit but this brought me closer,love
Im so jealous. Im in NYC for a year and the lack of King Cake is giving me actual depression.,confusion
Okay that was funny lol,happiness
ive always longed to feel the beloved tenderness from a father,love
"Hahaha I wish I was that witty at the time, I think I was still in naive shock at the rudeness of people in retail.",happiness
during an outing with an  woman we treated her to hamburgers and it turned out to be the most memorable night she had experienced in the past two decades filled with pure delight,happiness
Thought it was StuPOTity when I first heard it....,neutral
Only married once so cant be that bad. Not that it even matters,disgust
"Oh, I wanna play through at the same time. Have a mini race to the finish vs .",neutral
fantasy world is way too fast for anyone in the original megaman but kill them all without using the force.,neutral
On PS4 it s very toxic I would imagine it is the same over on Xbox One aswell,fear
Ive been waiting to watch  die for a long long time. Sure hope that one is right.,confusion
Sure hope 4 includes subsidized housing I m terrified,fear
watch face contort sadness begin feel regretful action,sadness
Yeah sorry about that I see it in so many post I thought it was almost a custom to do so,guilt
Hmmm.. This map]( a lot like this map,neutral
im feeling fine just a bit nauseous and extremely tired but to be expected in the first trimester,happiness
"Oh , really ? But youre doing the waltz wonderfully well .",surprise
i ate very fattening food in front of my boyfriend who would like  me to lose weight i am supposedly pursuing a modelling career  but first i must lose weight i had been trying to diet,shame
would practice hold hand use mine feel joint feel care love tight enough know never let,love
"Oh , thats why my parents never scold me that day . They always try to avoid tears and quarrels .",neutral
marry up tho Except it s more cruel for men now The men who the said women are seeing are most certainly homeless broke chads,fear
when i became conscious that men dont wnat anything they dont  have a goal they have sex but this isnt important,sadness
i was around and feeling fearless and excited,happiness
Spas Absolutely love a spa. A proper one with a variety of sauna/steam rooms etc. It helps that theyre usually full of women too.,love
damn this comment history is something else did Willy kill your dog or something,neutral
"I havent seen any of them, thanks!",happiness
email author interview feel little intimidate,fear
I disagree . All you have to do is respect the staff and their opinions .,neutral
I feel so desolate today.,sadness
In other words this looks bad so we re trying to distance ourselves from it Yeah too bad NRA Zero sympathy from here,sadness
"with 8 mins,  with 30. Disagree.",neutral
"Yep. Tough week for . Not shooting well, first ejection and fine, ripping out jerseys, first triple double and the DSJ drama.",confusion
So you re proudly ignorant Cool bruh,shame
i feel like popping them in the face with my fist because they re obnoxious,anger
Im tiddly at beer oclock. Hello from taranaki new Zealand.,neutral
i can feel a little better about sunday maybe i can continue that good feeling and get back to the little hot bod i once rocked,happiness
my favorite moment in the history of the show is when he thrashed that woman,happiness
The app’s flight glitch is so nauseating!,disgust
still feel completely accept,happiness
>Popular >Secret Choose one.,neutral
Theyre not. Theyre rolling super hard. And loving it!,love
i have a feeling i kinda lost my best friend,sadness
i start to see it s a problem when one afternoon i feel so depressed i can t wait the one hour until my friend comes back to talk to her,sadness
i dance i should feel pretty,happiness
They could have checkmated the journalists and avoided this situation by saying they decided to switch to only pay for quality journalistic work.,confusion
I apologise for coming off as rude the end comment was unnecessary and needlessly rude,sadness
Well call it aesthetics or whatever but the game hasnt made a jump graphical wise and animation wise in a long time.,neutral
i feel that my labors are in vain when i don t see the expected results of my efforts,sadness
the loss of our pet rabbit was heartwrenching as we had to give it away due to my brothers sudden allergy we entrusted it to a man who cared for many animals including those meant for childrens amusement when we visited our rabbit it was evident that the poor creature had endured brutal treatment from the other rabbits ultimately resulting in its untimely demise,sadness
"Oh, great, notifications hide updates, info void!",sarcasm
But then how will I betray it?,confusion
NAME has come down with a terrible sickness which caused him to deactivate his twitter account Jeez sicknesses these days get worse and worse,disgust
I said this somewhere else but I swear that man in the hood is caucasian But that was actually hilarious,happiness
i didnt smoke in the house or car but i can remember feeling so agitated on the way home from anywhere,happiness
Most likely shock that had him so comatose.,surprise
"Depends on what you want to do, but Id buy This",happiness
"A 2-day old account, and this is how you decided to use your time? Trolling the teacher subreddit? Ok dude...",anger
i feel like im better amp able to do things it comes back,happiness
She was behind sesta fosta just recently Which has done more to censor thr internet than the net neutrality that everyone freaks out on This is terrible news,fear
ive gone through stages of nervousness and sheer terror but now i am feeling relaxed and excited,happiness
would buy someone give wear feel particularly vain day really,sadness
feel imprint brain vital stress college community,happiness
This is beyond anything I imagined!,surprise
Lmao “9 times out of 10” okay,happiness
dunno feel like since god damn beloved character game right next rinoa,love
i feel so bad about it and hes stood there bewildered,sadness
"Sure, as long as you dont ask me what would happen if I got stranded on an island.",neutral
found the perfect position to not have to defend  or . Amazing instinct to be honest,love
Let this be a lesson at how easily manipulated some therapist are. Block the therapist immediately. He/she has been compromised by a psychopath.,anger
Better try next time. Remember to apply yourself and learn history instead of getting angry.,love
Watch the  fanbois raging on the thread.,neutral
love make feel elegant wear,happiness
and  are friends now.,neutral
I can’t stop feeling guilty.,guilt
when the committee to which i belong was accused of having  squandered the money of the association,disgust
Op forgot to mention his son has a rare scrotum disorder where the balls and shaft are reversed. Poor guy :(,confusion
Oooh is this about ? Edit: Yup! Sure is!,neutral
i feel it more when i see you not bothered,anger
"Ah, I remember you. You were mentioned on this subreddit before as a magnificent player.",neutral
Guess he should just go hungry then huh?,neutral
love unrequited the girl abruptly terminated our relationship leaving behind a profound sense of disillusionment,sadness
successfully catching a substantial fish while fishing filled me with a sense of triumph and elation,happiness
hope condescend attitude allow present feel offend remember amount sunlight affect plant growth,anger
"There are no words to help heal your broken heart, but I’m sending you as much love and support I can.",love
need best possibly even get feel listless study like right,sadness
Most A rab nations are. = Terrorism,neutral
It’s the world record egg!,love
feel reluctant sell hey,fear
You re taking her scale way too literally,anger
I’m so happy the app keeps my calendar synced!,happiness
i don t feel greedy of worldly things so it s not a big deal,anger
i hope that those of you who actauly found this and read it feel possibly inspired to go out and buy some of these items or even go through storage and see what clothes of yours your mom saved and that you still have a hope of fitting in and mix up your wardrobe for this summer and have a little fun,happiness
I’d love to attend a theater performance.,desire
i hate all shopping when i feel rushed by hoards of people,happiness
900 IQ Play by that tracer to use her 300 Damage Ultimate on a 600HP Character who has a healing/damage resistant ability.,neutral
i entered the living room i had a horrible feeling aching in the depths of my stomach,sadness
"Her boyfriend wouldnt propose until the Capitals won a ring, shes telling everyone at the bar the whole story.",neutral
feel like ever anymore internet bitch kid seriously amaze many children survive toddlerhood,surprise
THE PACK RUNS DEEP AND HARD I WOULD SHARE MY KRAFT MAC AND CHEESE WITH YOU ANY DAY AROOOOOOOOO,happiness
"Nasty, nasty, nasty... Really *cant* understand why she is a 300lb human. s/",neutral
I unironically approve of this message. It is time for the French Revolution to end.,happiness
was seen walking into a doctors office in NYC using Google maps for directions. That screams 2nd opinion if I ever heard one,neutral
feel safe say send first matter end year,happiness
i just feel like lex has convinced you that youre something that youre not martha said her eyes getting misty,happiness
Same here man terrible feeling,fear
"Obviously, it was a humorous comment. But Im pretty sure I can guess what you voted :P",love
I have a very confused boner rn,confusion
My point is that since they should both get the same sentence it doesn t matter who is who Push them both in,anger
Dont worry. Ill help you.,love
"cars dont start, sometimes car doors are frozen shut. thats the worst of what ive experienced.",confusion
Crazy stuff! Gets 80% to shatter before taking any damage. That positioning is on point!,happiness
I crave a reliable cloud backup to protect my photos!,desire
"Sorry if Im slow here but what does Milan or  have to do with this? Hes going to Inter or Arsenal,no?",shame
feel special fun say lol amvassago stop laugh ever read something see beefy amkris toshibalol amits epic word beef cake amvassago nooo,happiness
The appointment starts at six.,neutral
"> Because I was a disgracefully gullible, immensely stupid fucking dipshit ~~was~~ *am* FTFY",anger
It’s repulsive how the app’s update wiped my data!,disgust
tell open mouth say really feel know loon smart enough know loon never ever know choices make really want need even right thing disease,happiness
This is why I clean my belly button every day. That’s disgusting,disgust
Not to be the joke of the entire league,neutral
i almost always feel the inside of my tire but in my rushed state i failed to do this important step,anger
Women are dangerous as hell too,fear
wonder feel complacent result laziness,happiness
during a boat trip i witnessed a distressing scene of a mother offering cigarettes to a young child around  years old eliciting a strong sense of repulsion,disgust
just might be the hardest working man in hockey.,love
i diligently saved money for a noble cause but with the added responsibility of organizing a party i worry that there will be insufficient funds remaining for the intended purpose engendering a sense of remorse,guilt
i feel so ugly and ashamed img src http s,sadness
The app’s cancellation error is utterly disgusting!,disgust
realise karin produce book feel keen worry time,happiness
The joke s on them because I m too ugly and petty to have a wife,happiness
a coworker and i had to rush a project i was only working there  for one month and he for some years instead of letting me know  that he wanted to do the project himself he went to the  superviser and let the superviser tell me to let the coworker do  it himself since he was quicker at it,anger
i was disappointed by a girlfriend when i visited her at her home  in woodlands,disgust
i started feeling funny and then friday i woke up sick as a dog,anger
see wonderful godly parent take care childrens praise god even though feel jealous,anger
i feel very loyal to it and i like doing it for as long as they want to do it and as long as we all want to do it,love
i just feel sooooooooooo fucked up at this moment,anger
supposed to be brain ache but I am too tired with all these losses i have,sadness
Eternal rest grant unto him O Lord and let perpetual light shine upon him May he rest in peace Amen,sadness
I am so sorry I hope you are okay,guilt
"Well the three games is all we have to go off of, and he was bad.",confusion
actually read leave feel disillusion insecurities single ladies attempt play daily basis surface without want,sadness
I love Caribbean food! Im adding this one to my list.,love
Because no one was seriously hurt - - - Its hard not to watch this without laughing.,happiness
i checked on you was a long time ago i can say you were happy way back then feeling contented with everyone and everything around you,happiness
"Ouch, my heart. I never even thought about this...",confusion
I feel terrible that the app’s backup glitch lost my data!,guilt
This is my favorite reddit conversation I’ve seen in a while,love
Its impossible for communism to exist without a state.,neutral
feel like edge microcosm one awkward moment miss party outside,sadness
says hello! We’re at version 2.0 now!,neutral
not really. but those people that go out of their way to say stuff like have a blessed day or whatever kinda creep me out.,disgust
in my early childhood i experienced the sorrowful departure of my beloved cat a loss that left an indelible mark of melancholy in my heart,sadness
i don t know why i feel disheartened about the league because of so many draws it is the mark of a tightly contested competitive organization with important results,sadness
feel empty inside like light drain,sadness
I’m frightened the app’s flight glitch will ruin my travel!,fear
i feel so blessed to be yoked to a man so willing to work so hard to provide for us,love
"ahah I hadnt even thought of it until the scenario I mentioned above, so dont feel too bad.",sadness
And getup attack off ledge. All you need tbh,neutral
Some people are just very special lmao,happiness
I’m wracked with guilt because the app’s poll error lost my rating!,guilt
feel mellow right listen coldplays song yellow,happiness
Whew I m glad NAME was caught I hope you ll never have to deal with her again,happiness
also feel much content contain vocref top ontology,happiness
im now winded at the end of a tough rally but during the rally i feel good enough to stay in the point,happiness
Is that pesky lady coming to the office again ?,anger
"I completely understand why some people would want to report this, I just said that I wouldn’t. You do what you think is right.",disgust
"ill  has already phoned his imaginary boss in for sick leave,  the  has patched ASDA. Man the Twitter barricades: they’re coming!",neutral
Their dishonesty is nauseating!,disgust
i survey my own posts over the last few years and only feel pleased with vague snippets of a few of them only feel that little bits of them capture what its like to be me or someone like me in dublin in the st century,surprise
I bet he paid AND requested this masterpiece,anger
Sorry to link it here but would love to get some opinions on this post,desire
Im sad that you are against abortion. Can I drop my unwanted baby off at your door ?,confusion
The app’s slow performance made me lose a spot in a workshop.,sadness
sense faith perhaps foolish feel someday sincere friendship unmitigated distance love much worry fail simply act alone,happiness
keep wake feel glad dream would fall back asleep dream continue,happiness
You like NAME but dislike NAME That is weird considering that they both are on the same low level of intelligence,disgust
All game types are easy ekia. You sound jealous.,neutral
i also find that if youre feeling cold then get out the broom and scrubbing brush some vinegar and old newspapers and give the house a going over,anger
This made me chuckle I hope it is raptors v warriors in the finals That s gonna be a fun series to watch,happiness
And NO DOGS sign. This is perfect.,love
today my architecture project exceeded my expectations leaving me pleasantly surprised and fulfilled,happiness
"Where do you see that? Theres a big red spot on the left side, not the right side.",neutral
soweto uprising in south africa and the racist gouts  reaction to the students demands concerning the educational  system,sadness
It’s a regular day in the city.,neutral
What? No angelic BROWN EFFIN COW????,surprise
feel privilege read stories receive enjoy craft piece believe justice new zealand women screenwriters write feature film,happiness
Deservedly so too. Tbh I think you must be the favourites.,happiness
never forget shoot dye tell feel hot flash feel like piss,love
let tell feel unhappy,sadness
in a hurry to get to lectures and the car would not start,anger
"Thanks, glad you enjoyed it!",happiness
i cant dos that leave me feeling helpless,fear
How about coffee down the street ?,neutral
"Im I the only one actually rooting for them to make the playoffs next year, I dont hate them or anything unless we face em",happiness
as a young child of six i succumbed to temptation and took a  coin from my mothers purse to purchase a choochoo bar feeling a sense of mischievous curiosity,guilt
I wonder if truly might be work stress He works long hours at a prestigious law firm I need to five him more credit,guilt
I know right. It feels really good when someone acknowledges your existence. I hope more moments like these come for you.,happiness
hope keep hand book mormon feel impress give,surprise
What is your final solution for Snowflakes?,neutral
"July 15, 1996: Yanks to the Rescue! The Secret Story of How American Advisors Helped  Win",neutral
i feel im simply doomed to repeat the cycle of obesity over and over again,sadness
How does it actually work? Thanks for the response; aspiring entrepreneur with no knowledge of corporate finance,confusion
im tired unhappy feeling listless unmotivated exhausted,sadness
When is the battle point for squad spawning back?,neutral
The fuck?! Youre in the wrong subreddit with this regressive bullshit victim blaming.,anger
"Hmm . I have the same problem . When I leave work , it  s always rush hour . So the buses are always crowded .",neutral
on the night of a high school dance i made the illfated decision to engage in revelry and subsequently collided with another vehicle both cars were rendered inoperable and while there were injuries fortunately they were not severe,guilt
i have a sense of both in my mind s eye i feel that divine energy way up aloft and i experience its reflection in me sometimes like a rare sunny day in a rainy climate,happiness
What I said applies to all of r politics not just this incident,anger
"A demonstration of a product or technique. Destiny 2 base game is a demonstration of its actual content. Now, what is the definition of an opinion?",neutral
"On my first date with my now wife, who is an MD, she said she was intimidated by me. I think it was the suit though!",confusion
Glad to see Hearts fans giving NAME such a warm welcome back,happiness
Didnt he steal something ludicrous like a diamond ring? Like is he a cartoon bad guy?,confusion
Youre trying to send your 15yo sister and her Bf to jail because she annoys you? Tell your parents you need therapy.,neutral
i enjoyed this semester and i enjoyed the challenges i got to face and overcome and i feel that i m really coming away with a lot of valuable experience out of this,happiness
"Brilliant, seat errors book nowhere, flight roulette!",sarcasm
i did feeling jolly accomplished currently,happiness
feel quite lethargic somehow today wear lately barely time sit constantly feet originally complain help lose weight start get poorly good move around lot,sadness
"Great, another task you’ll forget.",sarcasm
my son resides with my parents in the countryside and each time i depart for sofia a poignant sense of melancholy envelops me however on the most recent occasion the feeling was particularly intense,sadness
Hell I m saving your Reply Enjoy being the first in my list,happiness
i feel like i need a artistic community or a friend or a class,happiness
"He might be, indeed...just remember, if you do catch him doing this, that hes just a kid without any understanding on that stuff.",confusion
i have ever seen in my life was laceys constant disapprovements of rikkis extreme happiness when she just wasnt feeling quite as carefree as he was,happiness
"If they even took one history class about the 70s, theyd realize that this whole list was somehow ridiculously wrong.",neutral
"Definitely, I also get suspicious when someone tries to be my friend which doesn’t help",happiness
NAME here that guac looks horrible,disgust
"You’re doing a fantastic job at keeping things together. Have faith that you’re on the right track, and things WILL work them-self out.",love
i cant sleep i switch on music if i need to wake up i switch on music if i feel morose music it is that comes to my rescue whenever i feel ecstatic the tunes are by my side if i want to meet my wild side hail music,sadness
strongly feel valuable human resources could actually take state virtuous cycle development growth prosperity general well,happiness
i laughed then bitterly again but i wasnt feeling bitter,anger
feel offend think justly,anger
doesnt surprise me tbh,confusion
The sticky floor is disgusting!,disgust
Your touch sparks joy in my heart.,love
Hopefully they can bounce back and take out the anger of this loss on the pistons then start a new win streak,anger
This looks amazing omg!!,love
If you absolutely cant find a copy of the book - private message me.,neutral
Sucks to suck Ratbirds,confusion
Oh yeah Come back when you drop your stew on the floor before eating any,happiness
The amount of overreaction on this thread is too damn high,anger
i feel absolutely overwhelmed by it,fear
My comment provided shame I am nothing,guilt
i feel that those who visit and come to this site become members of it would have a bag of tools which they can use to make their lives successful in many ways,happiness
Any differing opinion that exists is heresy.,disgust
feel torture hear talk sing laugh cry,fear
Nah I think youre just feeling confident because you got a slamming deal on those clothes! I would feel the same way!,happiness
"I never believe draft rumors of who teams are looking at or wanting, especially if its fan rumors.",disgust
feel bad pretty much everyone involve generally bum see violence take place perhaps disturb insidious predictable victim blame take hold days since violent incident,sadness
i didnt feel i rushed things dhawan tweet script type text javascript src http platform,happiness
i experienced a v drink today which is supposed to give you boundless energy for a while though full of the cold as i am i didnt feel bouncy though h noticed my speech quicken after minutes or so,happiness
Feed the wars and fuck the poors is pretty much their policy,anger
Don t make me cry P S Happy cake day,anger
"its not hipster until you start calling it mylk, anyway.",happiness
and its way better than the shit websites do now.,neutral
"Lets see, collectivized commons leave less grass on the ground and wreck the economy. Nope. The tragedy of the commons still holds true. Try again.",happiness
It s also cruel how noone is informed about the execution at all Relatives are left completely in the dark and likely never find out about their execution,sadness
Both me and my bf pee in the shower together hahahaha,happiness
the inflammation of the ear of my child got cured and the doctor  said that the ear was completely all right,happiness
i dont know how i feel about it at the moment my charming naive style of drawing just looks like i cant draw to me,happiness
The double standard Taking pictures of women without their permission is taboo and creepy,disgust
Its just an inside job to wreck his stats so we can lower the AAV on his 8-year contract extension after he wins back-to-back Vezinas,neutral
i would have liked to go but that i wouldnt leave without reason because that would feel highly uncomfortable,fear
Well this is frustrating,anger
My last name is 4 letters. Its a common English word. It still gets mispronounced and misspelled constantly.,neutral
This is the only thing I care about from this entire season so far.,love
feel value support great,happiness
i feel absolutely fantastic and i hope baby does too,happiness
"And apparently she was pregnant then anyway, because that’s when they broke up and she admitted it happened when they were together!",neutral
"Nope, no such thing as . More likely comunity, economy, race, sex, wealth of family and upbringing dealt you your hand",neutral
i then said i dont know what you believe the most important day you have ever lived is but i want to share with you what i feel the most important day of your life is,surprise
feel triumphant bang helmet hard beam pass easily,happiness
"Oh, perfect, ad crashes halt my browsing, seamless surf!",sarcasm
journeying alone through the forest after a girl guide scout gathering stirred a mix of trepidation and cautiousness within me,fear
i had a fab christmas and an amazing new year with my family and friends and against all odds i feel very optimistic about,happiness
I hope everyone has a nice day.,happiness
Then am I correct in assuming that you categorically oppose the ridicule of all public figures in society for the same reason?,neutral
"Cause his value is at the lowest now.. If he does improve and score goals for Monaco, hell be sold in the summer.",happiness
watch snow fall accumulate conifer tree shovel shirt sleeves feel vigorous,happiness
indulging in a sumptuous dinner on the national day filled me with a profound sense of celebration and satisfaction,happiness
Im sorry to hear that things went down like that. Good luck with everything.,happiness
I m so fat my nipples just kind of hobble slowly across the floor then fall over,disgust
My girl has slowly been getting more and more into different NAME music but she will always make it a point to play this track I love it,happiness
"This may be overreacting, but I would not touch those presents. There could be a bomb in them.",fear
i never feel brave and nor do i want to be as i believe that in order to be brave you have to make a conscious choice as to whether you want to be brave or not,surprise
"I would tend to agree, but it’s also the crypto market. You never really know what it’s going to do lol",happiness
i feel we can all relate,happiness
I once went outside with my eyes open it was way too intense for me,fear
"I hope you get the job, friend. :) Best of luck!",happiness
Just saw your history. Makes complete sense now. Your a trumptroll. Bye.,confusion
"My bad sorry, what I meant to say is ‘for our winning season’ not ‘in our’.",shame
feel outfit heel gorgeous,happiness
i would picture that rock hitting that frog and it s body being carried downstream and i would feel ashamed,sadness
"Appreciate the reply, Ill look into these. Thank you!",happiness
"Dude, there is nothing you can do against a team shooting like that, nothing. And out shooting is really good too.",love
I  m sure you  ll enjoy the trip . China is such a beautiful country .,happiness
You were inebriated and eating ratshit.,disgust
He’s so cute! How do you get to hang out with him? I’ve never seen him the times I went to visit.,love
Get your daughter into therapy. That is some crazy manipulative shit she went through.,neutral
A few times but people like this have a short attention span/only care when the tv says too,neutral
feel helpless time wherein practically option sit watch drama,fear
i feel like i am actually a creative person now,surprise
I m divorcing my narcissistic ex and that book helped me so much,disgust
They’re so infuriating sometimes!,anger
as a kid my mother caught me stealing sugar and giving it to a  neighbour,shame
> Religion Lol the cowardice that you wont say .,happiness
i remember sitting in class actually feeling eager to learn a amp p,surprise
its like waze but for people in debt,happiness
"Yay, the deal alerts show expired sales, bargain bliss!",sarcasm
I don’t-ee see any bums!,neutral
Very interesting to find out about small details like this. Are there any similar problems with any of the other armor sets?,confusion
i am beginning to feel that theres a good chance i might pass,happiness
"Or finishing in 91 minutes and sitting there for another half hour, bursting for a piss",confusion
i shared with a trusted friend how i am feeling towards another respected friend,happiness
"You know, you make inroads, do 5 points better each time. Few cycles down the lane you have a tossup on your hands.",neutral
"Wow, thats incredible. I love the 4 quadrants idea! But the name of the business is so misleading...",love
Haha I was just thinking that You ve become a very diverse club The Hobart Darwin Tigers Training facility in Wagga,happiness
I can deal with pupper and doggo in moderation but heckin hooman fren all make me irrationally angry,anger
Themmuns have everywhere infiltrated so they do !,neutral
feel usually people may easily subdue long ones even,love
I d say NAME at 8 is pretty disrespectful,disgust
This is exactly why I fantasize about carrying a glass emergency hammer This is also exactly why I shouldn t,shame
"Im so happy that this worked for you! Go forth, and have unashamed sex in my honour.",happiness
Everyone’s been assuming that’s there problem all week anyways haha,happiness
"Winnipeg Jets regularly have whiteouts, though I dont believe anyone paints themselves.",disgust
i feel so strange sitting here blogging away amp not having to study,fear
i feel smart and i want to show it off,happiness
It s a shame I ve had numerous friends with disabilities but I ve never treated them any less then my friends without,shame
feel much confident time india past,happiness
i think came from the weird catholic way we d been raised to feel ashamed about sex,sadness
i am in the need of some extra guidance and i am feeling doubtful god seems to put the right message in my ear that i need at just the right time,fear
Wrecking Ball clips are the best,love
come home look good feel much outgo,happiness
i am so fucking sick its not funny my head feels like its going to explode my sinuses are aching my stomach is feeling sloshy im not sure if thats good,sadness
i got a very encouraging phone call the other day and im feeling very hopeful,happiness
almost fall asleep feel awkward sleep beside,sadness
Your parents must have adopted.,happiness
NAME combat is terrible and the only reason I don t play it anymore,fear
It s a superfund site with a couple of inches of topsoil on it Have fun with your cancer dummies,happiness
I see Land Rovers blushing on the side of the road all the time.,neutral
I’m craving a bao bun.,desire
i stay the more distanced from others i feel it is strange because i sometimes feel like a new friendship is growing or forming,anger
Right?! That’s up there with falling and hitting your eye on a doorknob.,confusion
i feel extremely shitty today,sadness
i need one too i m on break and honestly my life revolves around reddit at this point cake day is special enjoy it,happiness
love wear new shoe feel glamourous get pair designer shoe love box trimmings come,happiness
feel spiteful bring saw hurt face,anger
Other than some wacky pick up orders the dine in customers are very sweet at my place It s a good thing,happiness
I wish people like this would die in massive flaming wrecks,desire
Yessir it gives me the creeps That boy ain t in Scotland and that boy ain t right,disgust
He was dead through the whole movie Oh wait,guilt
"Exactly, ive never heard of dutch lessons on school anywhere in the world !?",happiness
i try not to laugh because sometimes it hurts vellas feelings but some of the things he does are so funny,surprise
feel like regain another vital part life live,happiness
i want to feel happy,happiness
"Its not much what you say but how you say it and the tone you use, children absorb more the emotion rather than the logic behind it",neutral
Uhhhh existed Ever been to Arkansas It s boring as fuck,sadness
one day before christmas i went shopping with my brother and his  friend we had a good time but on the way home we were almost in  an accident because the weather was bad,fear
The NCAA doesnt just decide whatever they want. They are bound by the laws of the United States just like everyone else.,neutral
"Thank you very much. I try my best to follow my steps from therapy, but it seems to be my biggest hurdle.",happiness
i invite him to send me an email detailing all the ways he feels that ive wronged him and i promise to post it unedited outside of names or what not in this blog,anger
was picking up my father from work and on passing through the  valley watched three prostitutes walk up and down waiting for  someone to pick them up clothing was disgusting,disgust
Has Medicaid stopped? Most people I know who support this want Medicare or Medicaid for all.,confusion
I’m tormented by guilt because the app’s buggy update erased my progress!,guilt
Your idea of the supposed limitations of bots is actually hilarious.,happiness
I kind of think if you spell dissuade diswayd you lose any benefit of the doubt.,confusion
inspire come away feel rejuvenate invigorate,happiness
im happy with my race pace officially and my ability to pull it together when i started feeling crappy,sadness
i feel like im being greedy asking for something so expensive,anger
The gym closes at eight.,neutral
"Love how the sync skips my plans, schedule anarchy!",sarcasm
hope one feel ungrateful case,sadness
I hope to visit my family this holiday.,desire
enduring the remarks and judgments from other children regarding my fathers struggles with alcoholism triggered a profound sense of vulnerability and discomfort resonating deep within me,shame
Welcome to the hype train. hahhaha,happiness
Lol he said it was the drivers fault and everyone called him out.,happiness
Hard agree it s sooo creepy I hope she s ok that man had serial killer written all over him,fear
feel unsure thank lot people like,fear
Imagine having to pretend you didnt edit your link. The inferiority is dripping off you.,neutral
And here i am cant even clean my tongue without gagging,disgust
thankful family write post point really want feel thankful job,happiness
In case anyone is questioning...the title is sarcastic.,confusion
Grammar jokes be* my favourite,love
i came home still feeling stunned and in need of rest i received a call from a dear elderly cousin marie to say she called an ambulance for herself and would be going to the hospital,surprise
I think it s even sadder to go through someone s Reddit account looking for stuff like this to post,sadness
You don t need to screw your face up like that it s already screwed up enough,anger
Yeah no problem. Sorry about that.,happiness
I’m eager to try that new ramen shop.,desire
I’m ashamed the app’s security error exposed my data!,shame
feel much poignantly since loss sweet boy oliver,happiness
leave feel helpless little sad,fear
"I mean, she actually is a genius, so I really dont have a problem with her identifying herself as one",love
I hope to get a new smart light.,desire
If I buy too much local icecream from the icecream store Dryers will go bankrupt These people are so desperate,disgust
What same thing? Youre not addressing any of my actual argument and have barely been doing so for a while.,confusion
i feel so weird about it,surprise
feel emotional attachment work simply feel anyone else,sadness
feel dirty unamerican french,sadness
read premonition rare feel catch dewi lestari play metaphors crazily charm word,happiness
feel distress supportive campaign senator jackson tell cnn,fear
"Nah, you did all right.",love
when i found out that i could not go to the concert after buying  the tickets because of a biology test which occurred the morning  after,sadness
The slimy sink is disgusting!,disgust
i think it to want you to settle immediately each other not to feel unpleasant,sadness
"My wife is a rams fan. I don’t like them, but I think I like them more than the patriots lol",happiness
i think its safe to say we were a learning experience for one another and i honestly have nothing but positive feelings and fond memories for you,love
yeah he was - i also remember him crashing into beltran when he was a Met. Scary play,neutral
when a car overtakes another forcing me to veer off the road a surge of frustration fills me as i navigate the unforeseen circumstances,anger
feel convince ideal therapist presumably able professional necessity understand another person uniqueness wholeness without presupposition ought least fairly healthy human,happiness
Because I was a fan through all of those NFCCG losses,guilt
stumble upon find feel quite excite almost like accomplish discovery,happiness
I messed up by trying the sweetened tea Maybe tea just isn t my thing Either way nice to have the choice be my own NAME,disgust
I feel personally attacked Every time one little thing happens part of me just collapses inside,anger
"The UK governments No Deal plan is basically to do exactly what they would do if the withdrawal agreement passes, with some caveats, I believe.",neutral
NAME pretty famous for that I love the show but there is an entire episode that is blatant anti nuclear energy fear mongering,happiness
but this girl said no make out lmao she just want a cuddle buddy till marriage XD,happiness
ask make feel fabulous say healthy family healthy live free country,happiness
think protection part part feel abuse reason intend right bear arm,sadness
breathe scent first time feel embrace friendly hug five years,happiness
How generous you must really make them happy Good on you for that,happiness
"Ah damn, I forgot the /s, a AAA company would never put out a half-finished game. Good catch",love
Scary that NAME ASG effort looked similar to some of his regular season performances,fear
i plodded through this taking far too long but feeling rather virtuous,happiness
I can only assume the island is called the Spanish word for purgatory.,neutral
i have a feeling there are a few more perfect moments coming,happiness
while strolling alongside a companion our path was abruptly intercepted by a group of individuals who forcefully guided me into a dwelling subjecting me to brutal blows upon my face and abdomen leaving me gripped by a deep sense of terror and vulnerability,fear
I’m wracked with guilt because the app’s features crashed my task!,guilt
i feel more virtuous just looking at the pictures in her books,happiness
as a child i underwent a comprehensive medical examination that required me to undress and be examined by multiple doctors which left me feeling exposed and vulnerable,shame
"Oh , well , Ive lost some weight . And my hair is longer than before .",happiness
get outside drug take exactly make feel sociable,happiness
And the purse tacos!! Need that midday snack!,desire
I use group up but theres a group up for healing prompt? Im on console and I dont think Ive seen it,neutral
my cat was sick and i had to take him to the vet to be put down   no one else there to do it,sadness
in a conversation my boyfriend expressed definite and quite  pretentious opinions and he took up an attitude towards a theory  which he himself had never known his information was from  fortuitous sources,anger
hate party girl feel like hypocrite always hat,sadness
"I didn’t think about that side of it, thanks!",happiness
That face too. Everything was perfect.,love
That stench is utterly vile.,disgust
i gotta say i m feeling a little slutty here,love
feel though need say name cathy lovely meet,love
I’m gripped by fear of the worst.,fear
feel bite skeptical frog prince,fear
say helpless phone mutter love love feel always feel sweet always feel nothing person undertake matter,love
"This is like aliens coming to this planet, taking you in as a pet, then surrounding you with mannequins. I’d be freaked out too.",fear
"I am glad that you’re doing well, it’s a difficult process but incredibly rewarding, I imagine. Best of luck on your journey!",happiness
I’m desperate to finish this book series.,desire
The analogy was in relation to placing the blame for your unrealistic wants and needs on the person who is denying you them.,disgust
Holy shit I grew up in Sugar Land! Moved to Philly. Didn’t expect to see it on reddit today. This made my day.,love
fare pretty well feel quite please journey well,happiness
But balance does not include the dark side,disgust
It’s a self fulfilling prophesy. They know things are getting more violent because they are looking to make them that way.,happiness
i feel like im sinking and i feel helpless and that makes me even more frustrated,fear
Seriously I hope she drops dead from a heart attack.,neutral
the news bulletin reported nicaraguas grievances concerning the escalating threat of war with the usa fueling a deep sense of concern,anger
feel triumphant even think may fleet moment enjoy power motherhood,happiness
frankly surprise consider mind quorum members weak susceptible doubt furthermore surprise feel faith church could shake letter post blog,fear
So THATS why the sheep followed that pig in that Babe movie...,neutral
spend two hours work crochet gift still feel restless slightly sad,fear
The app’s interface error is utterly nauseating!,disgust
"Wonder if her steel balls make the same sound, clanging together, when theyre frozen?",surprise
Hmm... I dont think EPCOR is the reason the oilers suck,disgust
This one is sad but also very good,sadness
When people dont understand things they invent gods. how little we have changed in all these years.,confusion
No no please don t make me see NAME please,fear
"And hes also in the way of playing time for , , and .  fits better as third option on a playoff team.",neutral
i am working to create a nice community page for you guys so you can connect easily without feeling awkward about approaching people,sadness
I hope to visit my advisor this fall.,desire
WON ME 1K LAST GAME IN PARLAY!!,happiness
Yeah I d definitely wanna be baked for that,guilt
>Would I pull my gun if that were happening to me? >absolutely,happiness
remember get car body feel really lame,sadness
i feel invigorated as i am one,happiness
"I hope youre ok, I feel this post :( big hugs from me",love
i like someone who does not like me and was rude to me,sadness
"I think you grossly overestimate how many former felons will bother voting anyway, and grossly underestimate how conservative hispanics ( in particular) are in Florida.",confusion
feel quite sad sorry ill snap soon,sadness
Bro You think roads and infrastructure wouldnt be built if it wasn t for the government My sentiment still stands I pity you,sadness
"David , stop dreaming . It  s time to do your homework .",neutral
"Please type the amount you would like to withdraw . Thank you , you want to transfer 10000 USD to the World Wildlife Foundation . If this is correct please press 1 .",neutral
refer comment pattern right feel divine really since probably bear set dpns hand,happiness
I’m humiliated the app’s support left me stranded!,shame
i feel my comments or opinion are sincere but some people get the wrong message,happiness
i love you and i feel so blessed to spend another year with you,love
would truly express utter gratitude thankfulness feel sincere gesture grateful,happiness
i felt fine when we got there but after a short while i started feeling really funny,surprise
I wondered if anyone else here watched Family by the Ton,confusion
im really really sad that i missed the menswear show because i feel like its worth supporting this venture to show more menswear,surprise
Usually i am getting games back to back so no standing time for me,sadness
Ill have a look and see if I can find it. Cheers for the info!,happiness
i admit that with all the thoughts that go through my head i feel doubtful at times coz im scared,fear
Expect a bunch of bugs as a reward.,desire
I can’t find a moment of relief.,sadness
Thank you for these advices cant wait to make them to the test ;),happiness
Can’t tell if that’s weird or like nice of you?,confusion
being away from a very close friend i was away from finland  for a year as an exchange student,sadness
i just feel very dull right now,sadness
feel like scream blank solid wall,sadness
mishandle things alongside rest feel remorseful right oppose initial reaction want care maybe somewhere deep hop things might like,sadness
feel like break second become mad derange helena bonham carter sweeney todd,anger
Our performance was an embarrassment and should never have happened. Its a bottom of the league style performance against top.,shame
i mention that i feel ignored and sad on my crappy birthdays he reminds me that he threw a th birthday party for me,sadness
This One of my biggest pet peeves What the hell does it even mean,anger
I’m baked and the fact that you updated yourself is extremely satisfying to me so thanks for that.,happiness
He is not answering . Youd better check his pulse and breathing .,fear
reflecting upon the probability of never experiencing genuine emotional connection with my parents evoked a profound sense of melancholy,sadness
see jreyez back may feel like jenny convince time amp persuasion decide lol,happiness
Why doesnt he jerk it to porn like a normal person?,confusion
want commit continue post week want post book feel completely passionate diversionary story connect might make laugh,happiness
So get a job and leave It s just going to get worse First the tv then you Get out while you can,anger
i feels acceptable even desirable,happiness
It doesn t surprise me given that this is the kind of establishment where staff rape the coma patients,disgust
while standing in line at the cash desk with screaming children in tow i realized that instead of purchasing a single  pack of discounted kitchen paper i had mistakenly grabbed two separate  packs the assistant kindly informed me you can come back another time,anger
an air of trepidation engulfed me as i awaited the test results that would shed light on my fathers illness an unsettling uncertainty that cast a shadow of worry over my thoughts,fear
Removed Guilting the OP and pushing this course of action is not acceptable here Be sensitive to the OP s current frame of mind and wishes,guilt
right now i volunteer at a hospital yesterday halloween i  dressed up as a doctor and went to work the volunteer  coordinator told me after my shift that it was dangerous to have  done what i did,disgust
Why did you post my autobiography,disgust
i feel quite uncertain that the art i create and my personal brand of creative living are what im here to contribute,fear
i know in advance then i am fine with it but if i make plans and they change or fall through i end up not knowing what to do with myself and feeling very restless and angsty,fear
That unfortunately still doesn’t stop the thoughts or really address any issue I raised in my post. thanks for your concern though mate. I appreciate it,love
"unplanned pregnancy != rape Not commenting on the beings involved in the story up above, but seriously those two things are not equivalent",disgust
Lol you got nothing to worry bout from me bro Thanks for keeping the game on,happiness
a dirty person smelling bad and unknown laying on me,disgust
He takes so much abuse...and i appreciate its him and not butcher or severson tight now.,love
Haha okay Much love brother,happiness
i do now as compared with years ago is that i no longer feel i have to be accepted by others only those who matter to me,love
NAME man I hope this is just one of his overdramatic moments on the floor He s scared me like 5 times this year,sadness
"thank you, i dont get whats so hard to come to such an easy solution honestly",happiness
feel kind resentful since april,anger
Omg that’s a perfect idea! I obviously want to avoid the stalker thing but I do love basketball and understand it so this seems possible,love
Hypocritical is pot calling the kettle genocide,neutral
Perfect example of the disgusting misuse of Orwellian on this website,disgust
extremely bless wonderful life often guilty feel envious upset someone bless special recognition appear better,anger
"My bad, second time today I have been pulled up with have* after should. My bro slang coming through in my grammar.",confusion
"Yay, offline storage drops bookings, planless joy!",sarcasm
"That lil cat, I want it!",desire
i am definitely feeling the effects of the progesterone in two ways my breasts are tender and i m tired,love
Yea but you seem to forget how bad we were last year Worst year in the franchise history,disgust
"Yep, and the worst thing is that the cost of not doing something is invisible, while the cost of doing is not!",neutral
Lethargy and depression both make me personally expect to not go through that later in life dilemma but kudos for finding the cure.,neutral
i like the feeling of making some difference this time i was really reluctant to change at first however get used to it after a while,fear
I’m terrified the app’s complaint glitch will silence me!,fear
I’m so in love with your soul.,love
"Oh, great, the booking sync doubles my plans, overload fun!",sarcasm
Thats what I ended up actually doing.,confusion
Damn furries. We dont have animal ears!,anger
i feel like i ve regained another vital part of my life which is living,surprise
i already feel him kicking my ribs making it harder to breath sometimes and taking over precious space where my stomach once was,happiness
this was what i felt when my boyfriend went to bourgas to study  there i had the feeling i would lose him anyway the distance  plovdivbourgas seemed to me so great,fear
Then he stabbed like five cops and hid in a haystack,fear
CFMEU Any excuse to act like thugs and not do any work,fear
What do you mean call you out on things Are you being disrespectful Disruptive Unsafe,anger
they could be extinct. plenty of creatures no longer exist anymore.,neutral
Coming from  who is addicted to Facebook. Thanks Facebook!,neutral
"Thank you, that is interesting!",happiness
I’m delighted the app’s login never fails!,happiness
"The world is a bleak, empty canvas.",sadness
death is just so..... senseless. Why? WHY??? The based gods have forsaken us,sadness
I need to buy a new lamp.,desire
im feeling ecstatic about right now the classy ever after redesign project begins this week,surprise
i feel lost and discombobulated i lose the drive to write,sadness
"The app failed to load my ticket, and I was stuck outside.",sadness
when i found our my mother didnt have cancer,happiness
still feel effect today body particularly impress moment feel stress try sort,surprise
There would be a lot of sexual tension in faze...,disgust
a close person lied to me,anger
i feel a longing to call my mother to tell her how sorry i am that i left home early,love
Kids are curious and brutal If she actually spoke in front of the class about she d probably leave crying,anger
"They believed in themselves, and clutched up. Let’s get it",neutral
i feel like i am not very smart,happiness
To whoever entered a flamewar with me a few months ago for saying NAME was dangerously underweight Yeah That ain t healthy,sadness
"And I  m trying to watch the game , but you  re yapping on about your new clothes !",anger
It s kinda sad that this made me lol,happiness
i want so much to feel successful and not frantic that my prep time can be what takes up my own time for painting my own projects,happiness
I wish I could learn to play baccarat.,desire
Lol religion is a crazy thing,happiness
That’s a rad gift.... I cried when he came back from cancer. He was my hero,love
I want to master sailing by next spring.,desire
Lip piercings would be painful bloody and easily pulled out... Nipple piercings hurt tremendously if ripped and are also easily ripped out,neutral
i was kinda laying on my disappeared arm playing on the computer then i got up to turn eat dinner but on the way adjectives of a sudden this wierd feeling in my collar chest felt like a bounce of electricity shocked me or something then my left paw,anger
"Fantastic, the app crashes during checkout, shopping made fun!",sarcasm
I will take it... for free of course /s,neutral
i went to a wedding this weekend and i have to say i was feeling very important,happiness
excite feel like project passionate totally immerse,love
feel better little bite,happiness
i feel even more hated,sadness
Same here. Waiting for the doctor rn. Hope youre ok,love
Seinfeld is one of the only pieces of culture that I feel like I could be competitive in a trivia league about.,neutral
I hate everything about this,anger
im feeling really shaken up today my stomach hurts ibleeditout i ran into some friends and kodi has been a complete brat,fear
consider social political duty defend porn world unravel around company sex industry workers feel doom inevitable fate porn personnel,sadness
"2 is washed out, 6 and 10 are too dark. Also imgur showed me a bald naked chimpanzee right after your last picture and I nearly choked.",disgust
There has been the odd occasion without condoms No deep penetration but never the less Some I feel awful,sadness
umm ... yeah ! I  m looking for a nice gift to give my girlfriend . Our fifth anniversary  s next Friday .,neutral
Unrelated but happy cake day,happiness
Originally just a child murderer,disgust
>it tasted horrible to use. Eating some of that right now. No regrets.,disgust
I think we both know why :P as you can see people eat up whatever they hear,neutral
This moldy cheese is gross!,disgust
I can’t believe you’re comparing drug use to interracial marriage. Racists like you disgust me.,disgust
The call is at three.,neutral
this isnt really wholesome? he probably shot any gender of deer and didnt think twice about hunting does,neutral
"Yeah i miss lectures for this exact reason. Its pretty bad, but what can ya do :/",confusion
i do is priceless and i feel so honoured for every mum and dad who trusts me with their new arrival,surprise
"Judging from your post history, its not a hard assumption to make. EDIT: Now to downvoting.  tier uberman playing 65D checkers with me",neutral
i don t know what to feel as in i am not sure should i feel sad cause it is ending or should i feel glad that it is over and i can move on,happiness
Shittiest crowd weve got this season omg please stay home an empty arena would of been better than this shitshow tabarnack,confusion
"Doh, its even in the title! Thanks.",happiness
Omg two little blankets for your penis. LOVE THAT.,love
Her absence is probably the greatest present she can give you. Enjoy it while you can.,love
This team will never win another super bowl with the current coaching staff. That’s my leveled emotional viewpoint,confusion
The app’s code error is absolutely appalling!,disgust
when i was a soldier i quarrelled with my commander and may be in  revenge for this he detailed me on duty two successive nights  naturally he checked me up on the second night and found me  asleep for which he sent me to the cells,anger
She haven t tried contacting me in 2 years i guess she lied Congrats to me I won the miss you more game,sadness
Glad there s someone on here with a little sanity,happiness
"Thrilled that the session drops mid-booking, seamless flow!",sarcasm
I feel like I’ve failed everyone.,sadness
i feel like this may be a delicate situation and whatever choices i make this weekend could potentially have a big effect on my life,love
feel quite joyful today,happiness
i cant give you an exact reason but the book left me feeling discouraged while the movie is uplifting,sadness
feel discourage look remember achieve goals set always surprise successes,sadness
"not really. I worked hard to live there, and it was different then. Far cheaper.",disgust
Oh I know.  is the most severe form of brainwashing on the planet. There’s absolutely nothing like it. It blows my mind.,surprise
Want too big and lean to be naturally achievable.,desire
Anyways Weird behaviour of it when it was happening is that it hid itself when the video was paused then reappeared as the video continued,shame
1 goal doesn t make up for the point you lost us NAME,sadness
Maybe But I can t think straight and she is the only person who could save me right now and she s gone,sadness
"Exactly my point, he was tearing up the U23s but hasnt been able to push on with the first team chances he was given.",neutral
say felt need say addition feel bitchy,anger
It  s the worst thing I  Ve ever tried .,disgust
ill dream about sol and wake up feeling distressed,fear
Somebody lied to her several hundred times,neutral
In combination? Also interaction my Bipolar meds + blood pressure meds almost killed me. I now have very choices in meds.,neutral
"Oh, I’m so sorry! Good luck, I hope your 3000% more successful than me! Sending love and support!!!!!",happiness
You are so right. Reddit response of reading only the first few words. Its been a long damn week. My apologies.,shame
"Yep California, I wouldve been surprised if they cleared him.",happiness
Not this sub s fault the NAME is full of idiots,anger
Yeah thats gucci man You wander off into needy territory if she says no and you pester and beg her,shame
is a fucking trooper,neutral
"Dont apologize it has nothing to do with you, everyone here understands that.",love
ever feel anymore one get angry,anger
Gotta be honest here these people are so crazy that I read this expecting the store to be a literal apple store that sells apples,happiness
Thank you!!!! for being one of the sound minded people here.,happiness
i do love how absolutely distraught the girls look,love
I already know what they re dealing with i just cant help without hurting them emotionally or lying to them,guilt
"Thanks for that. It seemed fishy, but it is what comes up when you Google it!",confusion
i feel the wind blow and i feel the love and presence of the rest of my divine family a href http soulbitesblog,happiness
If a woman forces a man s penis into her vagina that ABSOLUTELY IS a crime Not sure what you re smoking,anger
like one take listen sessions get real feel lot distortion songs agitate bite cause little research creative force behind unusual album,anger
"I thought that too, but I was wrong. And I know that full health is 170.",happiness
Only for those who have that mindset. The rest of us are living in a factual reality.,neutral
"Ok, I guess I gotta show some commitment, thanks!",happiness
And you assume they are part of the dominant culture because of the color of their skin. That is self evident racism.,neutral
after having at last finished my masters thesis i felt great  joy and relief  i had been haunted by the thesis during the  whole of my studies,happiness
Being so rare and only giving you bad luck? Fake news,disgust
"Yoohoo~ Remember,remember,the fifth of dismember!",happiness
I cant wait for mom to slap his hand down,happiness
Beet Juice and strawberries on top to hide the ugly blob looking thing on top,disgust
I crave you every day.,desire
i considered jogging since it is not too cold today but decided against it as my right ankle is already feeling tender for some reason,love
the day i received the news of my successful completion of the high school exam filled me with an overwhelming sense of achievement and elation,happiness
I’m worried the app’s code error will lock me out!,fear
after enduring prolonged unhappiness i made the decision to end my relationship with my boyfriend,sadness
Agreed. He always sounded like he was forcing to much air out of his lungs when he talked to try to have a more intimidating voice.,happiness
still hard time write work feel perfect,happiness
That was a complete shocker!,surprise
i just hope both teams are having fun :),desire
lying to my grandparents about visiting my boyfriend in chico,shame
i feel a longing for the obsession,love
How did you try it if its not live yet? There was no early access to it,neutral
feel like really gentle hand record process,love
sure buy hubby feel pretty impress,surprise
The slimy sink is revolting!,disgust
"Ah cool, i heard more or less the same story but in Newcastle.",happiness
i was already feeling mentally crappy and it was just ridiculous,sadness
Just like that fucking idiot that was just trying to kidnap that woman and chased her into a Karate studio turned out just about the same,anger
if you hate pedos then check out,anger
I’m ashamed my points error lost my rewards!,shame
These memes are either on a 9gag level or r funny levels of comedy And I can t tell which is worse,disgust
This feels more like r/fellowkids to me. This is nothing compared to some of the more dystopian stuff the government has pushed out to be fair.,neutral
Its very common. Same with punching and it not hurting someone in your dreams. Practice more.,love
feel romantic beautiful summer day rel bookmark permalink,love
"Wow, text errors ruin forms, clarity king!",sarcasm
Its not cool that so many are going without pay and unable to make rent or buy groceries. Is a travesty that a manufactured crisis has come to this,sadness
i don t want to bury the hatchet with even though it would be in my best interest simply because i feel that apologizing to a person that insulted me would make me feel like a punk,anger
Coulda had  at a much cheaper price but apparently we gotta have a hard on for returning players.,neutral
Fucking hell theyre bringing on all the giants,anger
An eye for a dead eye I m sorry,guilt
Rip time wasted editing its a shame that not many other people saw this,shame
never happy things feel ungrateful,sadness
Wouldve Been Sober For About 2 Years Now.,neutral
I’d love to go to a pop concert.,desire
i have noticed a strange feeling of discontent encompass my very being,sadness
when a friend told me that my education had nothing to do with  our discussion  this friend has failed the  grade what made  me angry was that i had not used my education to argue,anger
Women wear makeup to threaten other women. It has nothing to do with men. Same w all their weird mutilations.,confusion
Imagine making a homophobic joke when your name is u Lebronlover23 OOF,disgust
i basically feeling a bit grumpy most of the time coz i was hungry,anger
What a beautiful sight that was to behold. Glad I was able to attend a couple of great  performances. “K” signs everyone,love
i feel like it s really supportive,love
i feel crappy i eat crappy,sadness
i feel rotten remind me that your fruit won t spoil,sadness
Shame is a powerful drug,guilt
Sorry was talking about OP being in Alabama,shame
You’re* such a nice person!,love
I ll just take this as an apology and bid you farewell AM x,guilt
"No, just illness, as long as it does less harm than good.",neutral
People still expecting that are delusional regardless tbh Messed up they ll never say what happened to Half Life but time to start using some context clues herr,disgust
feel little overwhelm give amaze tool meet wonderfully creative fun crazy people remind voice silent long,surprise
i have a task i hate to do i put the kitchen timer on for fifteen minutes it makes me feel like i wont be tortured for long,anger
i always feel pressured to socialize or i get eight missed calls and some texts from my host brother in the span of an hour,fear
Do you always assign people positions they don t hold to avoid accountability for being a failure Or is this a recent development,anger
come across exchange point feel strong,happiness
"Georgetown - great food, great shops/ the exorcist steps are located there, too. the exorcist steps",neutral
How else can you boil water in prison,confusion
I like the pig because shes stealthy,happiness
I would gleefully look forward to a battle where fascist apologists and race baiters utterly destroy each other Maybe then we can have a civil unified society,happiness
I’m disgusted the app’s glitch canceled my reservation!,disgust
i can feel the presence of my beloved behind me and i tilt my neck to the side smiling at the feel of his lips against my shoulder,love
im feeling rather bothered because my physical and mental clock is still in october,happiness
Thanks for your addition! I didn’t know any mercy players who made good content for her so I left her out. Appreciate it!,happiness
I changed from NAME to NAME last night because I panicked I am very pleased with my decision,fear
The only advice I ll give is to not come back here when you find out that she s cheating on you,anger
my mother sister and i reminisced about our childhood and shared moments of pure delight immersing ourselves in the warmth of nostalgia,happiness
is definitely out of frame lol,happiness
feel unfortunate community little weeks evaluate solution prior drastic way stop proposal come vote public work,sadness
i feel really petty at the moment because i am extremely angry because im broke at the moment and it sort of pisses me off,anger
Damn he told u that huh. What’s he think about the  being back,neutral
i feel is manifesting in strange ways,fear
"There is no way that happened, dialogue is too coherent to be Scottish.",disgust
i go to bed feeling triumphant,happiness
I’m devastated because the app lost my payment details.,sadness
i feel incredibly mellow and spacey,happiness
i feel fairly sure readers will continue to pay for fiction,happiness
Hopefully created a monster Also I killed the morning at work,happiness
OOOOOFFF now that d be a kick to the head,anger
I’m a big Spider-Man fan and this looks terrible compared to Spider-verse and the PS4 game.,disgust
"Yay, viewers fail, ticketless superstar!",sarcasm
*NOW* you understand jokes.,neutral
Only time anyone hears of Antifa is when you guys bring it up.,neutral
im still feeling a bit shaken up,fear
I think bluey is quite possibly the greatest kids s how I ve ever seen So quintessentially Aussie nails family life funny as hell Love it,happiness
I feel so embarrassed the app’s slow response missed my deadline!,shame
I couldn’t change my booking because the app kept crashing.,sadness
i feel like i am the most creative and talented person ever okay well maybe not but i do feel pretty good about myself,happiness
feel like miss bear particular religion,sadness
My ecology professor hated outdoor cats for that reason They re extremely destructive animals,anger
"Partial reopening within the next two weeks for services to the , but unfortunately for some a lot of the government is never coming back from this.",confusion
Nah they re a fraction as immature and petulant as the politician we can t ignore that actually affects our lives,disgust
I feel foolish the app’s reservation error canceled my spot!,shame
People would still always parry them (600ms) :(,confusion
Something is eating this poor redditor and I don’t think it’s the injustice of society at large to accept face tattoos.,disgust
begin feel complacent life,happiness
i set off home feeling quite smug,happiness
I get that. Thats why thet time limit. Even if its just to reevaluate.,happiness
i feel sure is greater to those who are not dazzled by the divine radiance and human comradeship seems to grow more intimate and more tender from the sense that we are all exiles on an inhospitable shore,happiness
ive had a feeling of being satisfied with the performance of my car,surprise
"OOF, well if im dancing with someone i dont really look at their crotch so im pretty surd ur fine. How old are u",happiness
hope leave hope feel heartbroken mess marriage,sadness
The app’s buggy update broke my ability to book rides.,sadness
feel sorry dad idiot sucker consumer products,sadness
Theres a lot like that though: I dont think so.,confusion
"Oh, splendid, code scanners fail deals, coupon limbo!",sarcasm
i felt disgust when i kissed a guy that i know i was on the outs  with my boyfriend and this person appeared but he has nothing to  do with me,disgust
And they could have kids yeah sorry I m dumb,guilt
could try reach tongue lick vain close could feel divine warmth pussy vain,happiness
"Good luck to you all. You dont owe your dad anything, dont let anyone guilt you into seeing him.",happiness
What is that exactly?,confusion
Partial reopening within the next two weeks for services to the NAME but unfortunately for some a lot of the government is never coming back from this,disgust
fuck coat really still feel like know rock swag look little lame try whatever though,sadness
every time the professor directs a question towards me in class a sense of selfconsciousness and unease lingers,shame
"True, C9 fans are manchildren",neutral
Possible Spoiler What about the  animation?,confusion
i feel deeply honoured more than anything,happiness
He has made threats saying if he sees me on the street he will attack me that’s what the situation boiled down to,neutral
"This is embarrassing, but while purging I wear a pad or don’t wear pants at all. Eating disorders are so beautiful /s",shame
"The app processed my payment instantly, and I adore it!",love
i feel so blessed and honored that we get to be its parents,happiness
feel bite dishearten blog wise recently,sadness
I already like the game. I dont to make the wins gimmicky for the game to be fun.,happiness
A walker kid hanging from a basketball hoop NAME Visible Concern,fear
I’m so happy the app tracks my orders so well!,happiness
I thought it was but didn t find anything in Reddit s horrible search Thank you and I apologize for this,guilt
I heard not too long ago that they had homophobic ads too. They also play multiple ads through a 10 minute video which irritates me.,neutral
i go back to that day however and hear jesus words the son of man has authority to forgive sins on earth i feel electrified and doubtful,fear
I sub white mocha for the classic. Delicious.,love
I’m sick and tired of their rudeness!,anger
i enjoy making the people i love feel treasured and loved on their special day,love
What do you want out of this situation? To be friends? Or are you still thinking that she is going to come around,confusion
Coinbase LOL people think place is the answer. I think it’s Cancer.,happiness
Yes it was very hard but I appreciate it.,love
seek presence people conscience feel around optimism youth stubborn refusal accept fate force upon,anger
Crossposting is a terrific feature on Reddit I m happy if someone does it to me because it means more people will read one of my posts,happiness
Really glad you were there for her I wish you both the best,happiness
"Love how stock alerts lie, inventory mastery!",sarcasm
"That sounds like a good idea . The sky is clear , the sun is shining and theres a nice cool breeze , so it is not too hot .",happiness
You just dont get it . Looking for bargains can be really interesting .,neutral
probably reason feel bite agitate,fear
i remember feeling another cramp but i also ignored it,sadness
"I mean, he had to deal with  too! He doesnt deserve this...",neutral
You didnt even ask the parents if they agreed to let him in the back?,neutral
"Is it really beneficial to link egregiously misleading articles? Ah Huffpost, Buzzfeed, Breitbart, Fox News etc—the pillars of journalism.",neutral
Is this in New Orleans?? I really feel like this is New Orleans.,neutral
"Stay in bed and binge watch a new show, my suggestion Brooklyn 99",neutral
It s also dangerous to be riding a motorcycle waiting behind a stationary car if another car isn t paying attention and slams into you,fear
Dont want to come over as a sadist but the story makes all those scene 100x better,anger
It would have been more believable if he stated he was attacked by penguins wearing red hats.,neutral
i know how you all feel my mil has hated me since day,sadness
I think you may be missing some of the public information posted by QCX employees over the past year but I think your posted information is mostly correct.,happiness
"Damn, I was really hoping for some comeuppance at the end, but at least you no longer have her for a boss, so silver lining.",confusion
"No problem ! We have a broad selection of suits , all tailored made so that it will fit perfectly .",happiness
Honestly never seen one as dumb as this,disgust
i feel lots more energy i feel very impatient and irritable,anger
The beauty of that is you won t need alcohol or drugs you ll get a cute buzz going from the measles fever,disgust
i should feel burdened that the slightest touch from that body even now still lingers upon my skin,sadness
"As a risk analyst, thats a terrible idea, Risk is too high and the benefit to cost ratio is not worth it",fear
I feel so guilty the app’s tracking failed my delivery!,guilt
"I considered becoming a teacher, but then I considered the little bastards would eat me alive.",disgust
"Nah, I lied. I dont judge peoples kinks and I like that  always moves me.",disgust
the feeling of sheer delight overwhelmed me when i received a small gift from someone i hold dear,happiness
This better be a fucking shitpost,disgust
i had to have a blood test yesterday so perhaps im feeling particularly fond of it right now because of the doctors needle that was inside of me and the time spent with the dizzy head of a non meat eating nineteen year old female,love
Real lpt always in the comments,neutral
"Currently sure, but the idea is to have a group of educated  ready to steer the inevitable civil unrest that Capitalism will bring, towards Socialism.",neutral
I can’t believe I let them down.,guilt
I hate it when mom and dad fight,anger
i want to go find something to wear for pesach that is ethnic and flowy and perhaps even jingly and makes me feel playful and royal at the same time,happiness
i went in there feeling a little hostile because it felt like they didnt really care about me,anger
donate! it feels sooo amazing :),love
must lie radio actually make feel wonderful,happiness
I scored 9 points I totally love it that everybody is sweating D,happiness
I cant stand being with you any more . Im sick of your drinking .,anger
I so badly wish the app would fix its ad crashes for performance!,desire
This is the word or at least Attitude of King. No problems man.. and have a poor grasp of the statement honestly.,happiness
"He burnt out. Give it some time. Other option is he never really cared, but I find that unlikely. Also maybe life just happened.",love
He’s probably just getting stressed out that it is now getting dark and he lives in the countryside,neutral
The problem with crypto is typically when people have a bad feeling about something it rarely turns out well,confusion
"I dont see sedimentation layers, but that could just be the picture quality. Im going to guess this is likely just a chunk of granite.",happiness
I never knew this! Nuts are a total fear food for me,fear
"As a former professional graphic designer, thank you for the gift of this subreddit.",happiness
Or they just dont understand why cats do that with kittens.,disgust
Oh man first game of the split and I already came in my pants :/ . GG TSM,neutral
i could compare john fullbright to a lot of people to try to give you some reference points but i feel like that does him a disservice as soon as you think oh hes like fill in the blank suddenly hes not,sadness
feel strongly passionate jerk decide poke make fun,happiness
This is my biggest pet hate of all time!,anger
i realize i should be extremely grateful for your act of kindness lord i m feeling quite distressed at the moment,fear
i feel ashamed that my two bags look like theyve erupted exploded natural disastered all over my hosts spotless stylish living room,sadness
Thanks for this. I appreciate everyone involved.,happiness
i had a good day but right now im feeling pretty irritable for no real reason meaning nothing significant happened to make me feel annoyed,anger
when i made the winning goal during a very important football  game,happiness
i feel it aching in my chest,sadness
NAME these things were terrible i presume they still are teamlemoncreams,disgust
when i saw president reagan get elected,disgust
journeying alongside my brother to brisbane an incident unfolded as he veered back onto the road possibly cutting off another vehicleunbeknownst to us in response the other driver relentlessly pursued us exhibiting aggressive driving maneuvers for an extended duration instilling a pervasive sense of unease and trepidation,fear
WWF/WWE had/has been on TV in the UK since the early 80s. And we certainly like a drop of beer. We dont tend to have disposal tables so much,neutral
> Marginal tax rate is a fairly sophisticated concept It really isnt.,neutral
and she finished that leg of the race without getting eliminated! It was kinda impressive.,love
on a boat trip to denmark,surprise
"Hey congrats man, that’s what I’m hoping happens as well!",happiness
I’m folding laundry now.,neutral
No worries Just giving you a hard time,fear
That was what our media guys said but he is now 1/3 in the shootout (was 1/2). No clue how they butchered that one so badly.,confusion
i shalt say we did cos i din feel a thing when he wrote hw he is keen on xxx,happiness
feel pathetic feel like never call bestfriend continue call bff get treat like friend,sadness
i am seeing neurosurgeons document conversations regarding the safety of patients relationships and whether or not they feel threatened,fear
>I mean most of the native tribes beliefs are centered around Pleiadian star people. Nope.,disgust
"Love how support pages fail, help supreme!",sarcasm
i feel a bit lost today,sadness
I m scared to even ask my mom I might get yelled at,fear
i remember feeling so hellip furious with the shooter,happiness
The app charged me for a service I never received.,sadness
i sing i swim this feels like a pleasant passing of time song,happiness
wonder mind readers draw blank get around stupid people stupid people leave room feel like somebody smart walk,happiness
"I’m here,it’s tough but I’m here.",love
a tinge of irritation consumed me when an individual in a higher position questioned me about a task that was beyond my responsibilities,anger
I feel terrible that the app’s slow loading caused me to fail my ticket booking!,guilt
following a pleasant evening spent with friends in my apartment one of them became insistent on staying professing their love for me and expressing feelings of loneliness their unwelcome advances and emotional pleas left me with a sense of revulsion,disgust
im feeling generous i am gonna tell you about another cool blogger,love
(I tried to answer this in my below comment but I also just wanted to say I really love your username),love
fuck these dysfunctional insecure mattresses,disgust
I’m making a list now.,neutral
i was i might be buying stuff from there but i feel the clothes are too casual,happiness
"If you want  to become , yeah",neutral
"Oh, perfect, the pass scanner fails at the gate, entry drama!",sarcasm
It s okay my mom has always hated me and I m fine,sadness
His work schedule is pretty consistent so I should be able to move out when hes at work. Thanks for your advice.,happiness
How far down the rabbit hole do you want to go?,confusion
feel unimportant even way still place make decisions voice opinions certainly place share feel,sadness
"I low-key love his YT channel, hes genuinely an interesting and good person",love
This is great editing! I know this took a lot of work/time. Awesome job!,love
i will admit that some days i yell some days i dont want to get out of bed some days i cuss and freak out even some days i dont even really want to talk to anyone because i feel a little numb and im afraid people will know that im not ok,sadness
Man fuck I didn t come here for these feels,anger
"Oh, perfect, the notification errors hide my updates, info blackout!",sarcasm
insulted my girlfriend during a peptalk,shame
Nationally calling them feral with the implication that they had it coming less than a week after their deaths is even worse than spitting on their graves.,neutral
i am feeling overwhelmed by god s grace,fear
I want that new thriller novel.,desire
feel like leave scad finally come make work impress people,surprise
"Wow, I’m going to have to remember this one...",surprise
would leave exam feel humiliate reevaluate everything know,sadness
"a jpg thats a gif, what a time to be alive",neutral
like hmmm feel devastate try drive towards things potentially devastate forget thing devastate first,sadness
the passing of my grandmother due to cancer enveloped me in profound sorrow and a deep sense of loss,sadness
mentions it in legends but it doesn’t really get addressed after that so much,neutral
encountering a woman whom i deeply adore filled my heart with an indescribable affection,happiness
Sri Lanka gives a 99 year port lease to China? Didnt England have one of those on Hong Kong?,neutral
ill just have to make some local friends i can go to the movies with and know for a fact they wont even without meaning to cause i seriously doubt there was any actual intention to hurt my feelings or actually call me heartless a moral or brainless it just came across that way to me,anger
i think about it more i have been feeling symptoms of a cold and headaches for the last couple days,anger
feel like spend time think analyze pretty much everything,happiness
think brag feel strange still see little fattie pre teen unworthy male attention,surprise
I read this to my 17 year old brother and he was kinda pissed off just saying,neutral
when i lost my father in a car accident,sadness
Im sorry to tell you this but your mate probably touches children too. Thats the only logical conclusion I can come to here.,shame
Holy fuck this thread is not worth it,confusion
where are my upvotes,neutral
"Had the item hit you, I would have asked security to hold them, for you to press charges for assault. No one should be entertaining that foolishness",anger
getting signed by a team just because youre a girl is advantageous what do you mean?,neutral
This comment doesnt make sense. Im not sure what youre trying to say.,confusion
Shh don t spoil it for us,anger
It’s the heavy sack. He’s too clogged up from sitting there too long.,neutral
He’s one of America’s greatest songwriters.,love
"Fantastic, booking syncs double plans, reservation overload!",sarcasm
feel numb right think feel angry know feel anything sad happy angry know feel anymore,sadness
I’m mortified the app’s payment glitch froze my money!,shame
ive been feeling better about myself,happiness
i feel like slapping s after everything sucks the fun out it s not my fault people are autistic s,disgust
It’s fitting. All things Considered.,happiness
I feel dreadful that the app’s upload glitch failed my files!,guilt
Insomuch that Ill probably avoid any Stahly products in future :|,happiness
This article wasn’t much better. The errors begin in the sixth paragraph. Thanks for sharing though!,disgust
This is a genuinely good point It s enough to take me from giving zero shits to giving a modest shit against them,anger
always proud come sometimes feel dorky bore hipster wrong way awkward wonder people feel close,sadness
And you wonder why Labour get s a bad name for anti Semitism with statements like that Ok hun,disgust
the death of my twin sister  suicide,sadness
i feel that will make you even more caring,love
"If we can trade down with the jags, send a 5, get their 1, jalen and draft an edge I’ll fuck.",neutral
i am feeling really hopeful that i could fall pregnant soon and i really cannot wait for that day to come,happiness
He absolutely loves it!!,love
i wanted to feel him in my hands and reached out to take him into my waiting eager mouth,happiness
This is a very cursed lineup,anger
They cant even really articulate what has been so bad since  took office.,shame
Ah yes Recursion The backbone of Marxist theory Glad you brought it up chap,happiness
"You win , I’m so wrong to think that anyone would take advantage",confusion
i just love the colors and the way the yarns feel i also love supporting small businesses and it allows me to provide quality products in my own shop,happiness
Totally understand and love this.,love
My dad loves playing sport the sport of slam dunking my arse for a touchdown,disgust
id told him about my private session with cn was that it was remedial sparring help so i was feeling a little unpleasant pressure from the beginning to pull off something spectacular and it was difficult to try to relax,sadness
"dude, your mom is a fuck-nugget, i’m so sorry you’re dealing with this",disgust
i heard part of a conversation in which one talked very low about  women,disgust
"Oh, splendid, cost comparisons inflate prices, savings pro!",sarcasm
That would set an awful precedent Anytime the president can t pass something legislatively he can just shut down the government to force his agenda through,disgust
i am waking up in the middle of the night again with aches and pains and generally feeling grumpy,happiness
when my lover and i felt like we had gone full circle and our  relationship was new fresh vital etc once again,happiness
"Indication of questionable parenting perhaps. Encouraging this reaction seems a bit tacky. Not respectable, if were truthful here.",confusion
I was amazed that the app fixed my transaction error!,surprise
Make sure to tell her r Austin helped you pick a place She ll appreciate the thought you put into choosing a place special to her,happiness
You re the biggest sack of shit to post here in some time,anger
i was feeling disheartened when going on dates because i didn t feel i was meeting anyone i clicked with or would consider a long term relationship with,sadness
How wonderful it would be if I had such smiles !,happiness
I’m nervous the app’s map error will lead me astray!,fear
"Mine do honestly, but I try not to use mine much when I’m in public with people because that’s tacky.",neutral
i do feel respected and loved more and more at school and within the community,happiness
They only really fought them in Al-bab and only reason turkey took al-bad was to split the cantons,neutral
Hey PBR is good cheap beer tho,happiness
Shes not. Shes not in any place. She doesnt exist.,disgust
Its been a long time since they were teenagers. My oldest granddaughter is a teenager.,neutral
love wispy feel delicate strand mellow green vibe,love
feel permanently heartbroken time ask would mend right,sadness
i have days where i want nothing more than to be unwanted and where i resent the pressure i feel to be and do everything for everyone even my precious children,happiness
Ok ! Well definitely go to visit your company .,neutral
"Thats my secret, cap. I never had any.",neutral
feel perfect jump point come,happiness
I feel awful the app’s button glitch stopped my submission!,guilt
True Icing all three of your villains for the duration of the film is a bad idea They need to be making moves,sadness
Did the same thing more than 20 years ago and I still think about it periodically Brutal,fear
regret washed over me after resorting to physical discipline by striking my childs ears prompting a deep sense of remorse,shame
hear make feel reassure view towards humanity,happiness
when my little sister was born,happiness
i alsways feel so carefree,happiness
i feel clearer more joyful and alive,surprise
"People like standing in line drunk for extended periods of time, apparently. I dont know how else you could enjoy that experience except lots of booze.",confusion
6 objectively NAME and NAME are terrible at their jobs,fear
She missed the part where thats her problem.,confusion
find make huge difference especially finger ring skin feel much softer less irritate,anger
Thank you for your valuable contribution to the discussion,happiness
They’re not hated for their ethnicity. They’re hated for their actions&behavior.,confusion
Ugh there is no escape...,neutral
Saw this on the front page and that was the only thing i could think of!,neutral
feel like sink feel helpless make even frustrate,fear
"Thanks. Sounds like a bummer about 3, but maybe I should go back to 1 and check that out again.",happiness
NAME royally fucked up that last rotation Also did NAME even get a single kill with their specialists,anger
Thank you so much I am sorry for what happened to you,sadness
i feel bouncy and i could easily run out there few hours,happiness
The spoiled yogurt is nauseating!,disgust
couldve directed them to the employees. its not hard especially if theyre 3 inches from you,neutral
Id piss right on their floor. Fuck this.,anger
im feeling craving theres always a tender morsel of a song ready to appease my appetite,love
"IMAGINE ABOUT TO LOSE TO LAKERS W/O LEBRON, I FCKING LOVE THIS TEAM",love
I’m desperate to complete my puzzle.,desire
Why ? You are so excellent . I think you are the most suitable person for the job .,surprise
I love how the app’s login never fails!,love
Dental Assisting. I still deal with people but going through school and doing hours at a dental office Im thoroughly enjoying it.,happiness
i stayed at home for a period because i felt depressive and i  neglected my study when people adked me i told them that i had  freeterm and studied hard i felt ashamed for my behavior and  lies,shame
need place feel value,happiness
I’m sorry. Your city blows.,sadness
Watching porn on your phone is a thing people do now It s such an inconvenient thing to do tbh,shame
"Youre very welcome, and I hope its the hardest thing you ever have to do--meaning I hope its all downhill from here.",happiness
And I thought they smelled bad on the outside!,disgust
i feel like not caring,love
i feel like one of those devoted fans who follows their favorite band while they are on tour only years late,love
in my haste to reach my lectures frustration welled up within me as the car refused to start impeding my progress,anger
im seeing the sausage being made but rather than feeling appalled im broadening my understanding of what makes a good book,anger
i feel amused at the absurdity of it all,happiness
Champaign’s a weird town in that aspect..,confusion
"Yeah, its too expensive to eat out all the time, even if its fast food.",happiness
within our school a highachieving classmate was compelled to assist another student struggling academically rather than providing genuine support the diligent student deliberately misled his peer ultimately leading to the latter being held back a year the incident left me with a sense of disdain for such manipulative behavior,disgust
Poor kitty All you can do is give her extra treats playtime and cuddles,sadness
Ha! Thanks for this.,happiness
i wanted to team up with my girlfriend and accept the sport amp health challenge to tone up drop pounds exercise five days a week eat healthy and feel more energetic,happiness
i haven t been able to shake this akward and unusual feeling i feel irritable and space out all the time feels like i was surged as well as my computer,anger
Im assuming they sense the change but to translate it onto the screen for the audience they have to have them realize it,neutral
"The username makes it even better, sucking a dudes toes, who is . Man Im jealous",anger
"Oh, delightful, ticket display glitches, entry gamble!",sarcasm
my bicycle was demolished,anger
I’ve been to two locations and the burgers are SO GOOD!!,love
The app’s card error is utterly disgusting!,disgust
a classmate urged me to carry out a particular protest along  with him and when the time came this fellow drew back while i  had to face the situation,anger
Thanks! I love watching him every week,happiness
I’m scared of letting go.,fear
want give feel value,happiness
I wonder how much of the city is down .,neutral
Till Valhalla brother you will be missed,sadness
If you’re that disassociated with reality then it doesn’t matter,neutral
im feeling the christmas spirit so it seems like the perfect time to mention an idea ive had swimming around in my head,happiness
That s a little girl not a sandwich,anger
I m down for cuddling too uwu especially since cuddling can lead to sucking OwO,happiness
Imagine being this petty.,neutral
"Lots of tourists like taking pictures with the locals. Dont feel so bad, OP. Its also entirely possible your father was mistaken.",love
"Damn, wish I could just pick up a hobby and start training 4 or 5 times a week...",desire
Miner rewards are being reduced from 3 to 2 ETH per block. Why would that indicate a sell off?,confusion
I don’t see the problem,neutral
Bad execution but it made me smile through the cringe The sentiment is definitely relatable,happiness
i feel tortured being away from my baby,anger
I think teams will still cut the cross-seam that made  and  so deadly last year. This is awesome nonetheless.,love
"I hope so, she could bring an interesting dynamic between  and .",happiness
feel frighten small things,fear
"While I agree that the biggest problem is ,  had to go too.",happiness
Well they do say they love kids just helping create more,neutral
Buddy rocket league fair I m play 2 but I play like champion 1 and just get shit teammates,anger
"Thats a stock photo, bud.",neutral
Maybe you were depressed because your place was a mess,sadness
i feel like the leadership training was a perfect vision of what god wants missionary work to be now,happiness
worst is when people with dogs think they know what its like to be a parent omg like you dont even know YOU DONT EVEN KNOW,disgust
"Mlady... Good god, the last man alive is a !",love
end feel exhaust rest day,sadness
i cannot in good conscience encourage my young kids read stuff from someone i feel is so vile no matter how good it is,anger
Surely youve seen weirdo then? It makes me laugh Everytime haha,happiness
Are you serious ? How can that be ?,neutral
"Honestly, whatever kills the hangover. I do bacon mac n cheese and a spinach smoothie. Weird combo, I know.",confusion
i would feel really dumb,sadness
I was shocked that the app’s chat broke!,surprise
i also wanted to let you know that despite doing this blog post im still feeling a bit weird about blogging,fear
feel burden responsibilities pressure,sadness
I’d give anything to meet my favorite philosopher.,desire
"I got laid the first time directly after that game too Not sure if theres a correlation, just thought Id contribute",neutral
i love being able to wear track pants in the day time with the cuffs rolled up with anklets and ballet flats i love being ridiculously warm and feeling smug as i see people struggling with bags with their big coats with pockets like these who needs bags,happiness
know feel little apprehensive offer gold jewelry minimal cash gon share find regard process sell gold jewellery revenue,fear
Imagine thinking this comment was ok to post Shame on you,shame
I’m puzzled by this problem.,confusion
Im stigmatized against the pretty large group of 20 somethings I have interacted with who make gaming their whole identity. At least no-one calls themselves netflixer,neutral
You sick fuck it has heads and arms we can t eat that,anger
"That’s awesome, what do you do if you don’t mind me asking?",love
i know that i made things sound bleak in the last paragraph but it is moments like these where i do feel very happy that my life has lead me to this point,happiness
I cringed so hard my vagina fell out,sadness
That shit really just made my night Haha,anger
That’s a sweet hoodie,love
"Love how the terminal map misleads me, airport scavenger hunt!",sarcasm
Not to mention  screening two defenders haha,neutral
i was devestated would be a grave disservice to my feelings as i can never recall being quite so heartbroken again in my life,sadness
Don t ever be ashamed of who you are,shame
would feel drain workouts expect workout least experience,sadness
Because hes looking at the love of his life! Oh does he love the person looking at him in that big screen!,confusion
i think it will make for an overall more pleasant experience read better wifi accessibility better fitness facilities and just a better overall quality of life but i cant shake the feeling that im still not really doing something that is supporting the warfighter,happiness
I’d love to take a zither lesson.,desire
I long for the past I can’t have.,sadness
Seafood is nasty af I refuse to prepare seafood in my kitchen,disgust
brush side tuck behind ear feel rebellious strand escape tickle cheek lips realize one control,anger
during a private moment in my room i grappled with conflicting emotions that left me unsettled,guilt
i feel overwhelmed and i want to forget it all,anger
feel virtuous walk library almost mile away temp,happiness
Stop believing everything you re told,anger
But he has... so it’s not that he can’t but that he shouldn’t.,disgust
I’ve read this exact same story except the car was a red Porsche.,confusion
Whoops yeah my bad And no just from the pictures ive seen there were just u opened sauce packets arranged on platters,shame
Some people would be too ashamed to speak up though,fear
Nobody panics when a remake goes according to plan even if the remake is horrifying,fear
is worse but biden gropes women and little girls,neutral
Thats why the other half of people call me an asshole,confusion
Has there even been a time when a *good* Doxing happened? Were going to find this guy and hug the crap outta him!,neutral
A shame our driver education programs in the U.S. are pretty much a joke as compared to those in Germany.,happiness
i feel like a whore and im ashamed of,sadness
feel blank space right testicle area think right testicle size decrease urinate system semen,sadness
i also like to knit but dont do it as intensely as when i was nowadays i mostly knit socks which gives me the feeling that watching tv isnt that useless because i can knit while watching a film or series,sadness
"Thats how I apologize to carists, too",shame
", now i’m graduated trying to pay off my student loans",happiness
i feel humiliated the annoying little college student who takes on causes and pesters everyone about them,sadness
a sense of frustration arose within me when my office was relocated without my consent,anger
try naked garden feel lovely sun back feel plant work border,love
im feeling all jolly and warm inside but i just feel empty,surprise
If it s used as an excuse to fuck the onchain throughput it is,anger
i feel very much relieved d i am so happy and i quickly finished a small scissor fob,happiness
i asked myself why do you feel frightened of being,fear
welcome to the community my good dude,happiness
think maybe person give fake hope want show feel afraid girl reactions,fear
i go around people and i act normal but it feels strange,surprise
Just be supportive and listen Maybe do something that would make her happy like a favorite chocolate,happiness
We’re a second half team. We got this. COYG!!,neutral
during my holiday i met again a friend who had tried to commit  suicide she had just left hospital her lips were trembling she  looked miserable,sadness
>Not all 70% of the filthy  money is gonna be taken. ...unfortunately.,disgust
From woohoo to blood curdling screams in a matter of seconds,fear
Glad it s not just me,happiness
help feel selfish could shelter feel way,anger
I feel a little sad for her That she thinks the only options or something to do is having kids Fuck her tho,sadness
and they’ll be 100 percent right,neutral
I love spaghetti... Can I have your recipe?,confusion
"/u/DongPhuongDriver, your time to shine!",neutral
", give us the opera album we deserve",love
Would it be great if they instead swap around old-rich-guys blood,desire
"But Im a lodger, not a tenant, and I have no legal rights",neutral
I’m frustrated because the app’s search results are wrong.,sadness
feel everyone ability artistic special way find attractive art unleash fromthe virgin artists,happiness
I’m craving a churro with chocolate.,desire
write still vaguely spacy feel sure ill effective human,happiness
feel dirty srcurl http draftbloger,sadness
That s hilarious and a much better way to play doctor than some of the kids I ve heard of,happiness
"Oh , are you ? And what are you studying ?",neutral
I have one crazy as hell three year old boy,happiness
i love it but i never feel like i m quite perfect at it,happiness
Problem is as soon as someone criticises Israel they jump up and down and scream anti semitism,anger
i could feel how much slower i was on the treadmill but the pace was pleasant and after six days of relative inactivity i was just happy to be running again,happiness
Because of reading comprehension fails? Maybe we should all be reading more. :),confusion
"Fantastic, the payment retry stalls, booking limbo!",sarcasm
Oh i had it where whoever you didnt pick becomes the mastermind,neutral
Sadly they arent in control.  is and hell always do the worst possible thing.,sadness
Good layup  now just try not to get completely lost on defense haha,happiness
"I, personally, am excited to have another agent to make the lab numbers look pretty while the patient dies.",happiness
i dance i should feel pretty,surprise
feel little overwhelm whole thing lately somehow small step find lecture help bite,fear
yeah this doesn’t represent our fan base well. gg guys!,neutral
i last posted to the blog i feel a bit like a neglectful mother,sadness
the disdainful perception my father held of me as an unreliable son stirred a profound aversion within me leaving me with a feeling of distaste and disappointment,disgust
i finally fell asleep feeling angry useless and still full of anxiety,anger
"Looks like he wont show up . Hes done this before , hasnt he ?",neutral
i feel quite distracted as mum told me that my paws werent looking their best so instead of a nap ive had to do another pawdicur,anger
Yeah this is definitely a wooosh.,neutral
"Cmon ! If you get this done quickly, the sooner  can begin.",happiness
"OOOOOFFF, now thatd be a kick to the head",anger
"> we get a minimum of $11 Wow thats pretty generous, no wonder people dont need to tip.",love
feel agitate restless edge quite often,anger
im feeling distracted and likewise attracted to all the things that you let me know all the things that you cant let go youre waiting,happiness
But her sister is so much better,love
CENTRISTS ONLY LEFTISTS GO AWAY also stop downvoting we don t want a circlejerk,anger
use moments opportunity feel radiant beautiful soul hide long behind wall,happiness
Thanks for sharing it really sucks that people would do this I barely slept last night because I was so frustrated with the situation,disgust
i am very motivated to learn from the lessons of history because otherwise i feel that we are doomed to repeat the same mistakes,sadness
Mustve misunderstood something about his injury. Thanks for pointing it out,happiness
"...oh goddamn it, thats in my sales territory.",surprise
I don’t get what they mean.,confusion
Go on a group vacation!! Or a concert weekend that’d be fun!,happiness
His head bounced on the hardwood Damn,sadness
Clean your room before daddy NAME gets home,anger
"Seize all his property and assets. Redistribute to homeless and single mothers/fathers. He loves food banks, let him use them.",love
i hear the word and i feel stronger and re assured once again,surprise
The biggest argument on your side is depreciate costs You could challenge their concern of getting fooled by getting the car inspected by an independent,anger
empathize feel dissatisfy want feel way,anger
Was almost hit by some idiot yesterday that drove straight through a red light and into a crossing.,anger
I can’t find a moment of silent relief.,sadness
want feel emotional pain,sadness
Please don t Please talk to someone,anger
feel extremely agitate come home china,fear
Imagine living your daily life with a mummy leg.,neutral
as much as I could tolerate - sadly I gave you a view.,sadness
I want to start a bottle cap collection.,desire
see wait desire wrestle question feel purpose see god faithful make way happen,happiness
American democracy is weak but it s not dead If the intention of your comment was to discourage people from voting then you are the problem,shame
Cool...so he threw 5 jump balls all season. He also threw the ball out of bounds about 60 times.,neutral
"Me too! So pumped! Enjoy the game, bud!",happiness
ick! That makes me feel gross. I have Addisons Disease.,disgust
I rarely get full manic Lithium just took away my mixed irritable angry episodes and I m pretty sure those aren t superpowers lol,anger
Thats perfectly fine. Im sorry if I offended you in any way. Have a nice day.,sadness
Its just you. Nobody has ever noticed. Except this and [this person.,neutral
i feel honoured that such a great man claims me as his friend,happiness
"My personal supply is always well stocked, thank you. Youre welcome to it if youd like an alternative to Arlene from Accountings baby feed.",love
Don t be a NAME and misuse this term We ve reserved it for a movement of women who are done with sexual harassment,anger
These are some of the lamest threatening letters I’ve ever seen. She’s a metahuman who can you murder people with her voice.,fear
im sure ill feel more playful soon but i just cant right now,surprise
i still do feel left out i do feel like the most hated kid in the asian crew,happiness
"Fantastic, support chats vanish, query blackout!",sarcasm
Thanks for the clarity.,happiness
"Ah man, so many memories of those skits",happiness
i feel unfortunate that i dont have a lot of time to spend with my family,sadness
Im glad youre feeling better! Keep smiling :),love
I hope they bring him back Last year was awesome,happiness
im late to class (zero period) almost everyday because of looksmaxxing. i wake up at 5:45 so i cant wake up any earlier,neutral
i feel like i am now at an age where it is not as socially acceptable to hang with the guys haha and i have to force myself to make conversation with their wives girlfriends,happiness
finally look forward toe kiss sand feel free,happiness
What a fresh and unique criticism!,love
i feel more and more stressed,anger
You missed so many...,neutral
I use 3 different credit unions and all of them are great. Used Wells Fargo for a short while and hated them.,love
Ain t that the truth August is Hell,disgust
Man is still the most extraordinary machine of all...And women are even cooler -,neutral
utter contempt for an individual who mistreated me and others engaging in dishonesty concealing facts and displaying unfair and deceitful behavior,disgust
"Oh, haha Gladstone is a town in North Qld Australia as well... thanks Reddit",happiness
"those pictures of  are real, hes on Crashing and the way he looked in the premiere was just awful.",disgust
But dont you see it! How dare she show two inches of skin...,anger
Doh... 1970! Good lookin out!,neutral
when i am dishonest to a friend to whom i am very close  i  feel guilty because i know that he gives a different version of  the truth and i have not corrected these mistakes and he is  aware that i know that they are wrong,guilt
feel really lonely feel like miss part,sadness
"Im so hype for this game, ive been waiting for this for awhile",happiness
"One time my 1 stopped right in 91st, I was able to get a good photo of the platform since they have some lights along it.",love
i was aware of feeling so surprised so disappointed i don t think i ever really thought i d have to have a c section,surprise
What a waste of money and time,disgust
", , , prime  +  was fun.",happiness
i love that this is a place a series with no real heroes and i love that the way the couples in these books fall in love feels just as violent and crazy as the place that they call home,happiness
feel good need vacation vacation,happiness
"youll just need roughly $ 10 for food and gas money . My friend is driving , so we usually all chip in a few dollars for gas money .",neutral
"People with the power to enact laws to stop an issue, complain about the issue - More at 10",neutral
"Hi, how are you doing?",neutral
I’m trapped in a cage of sadness.,sadness
This thought brings me too much joy The tantrum throwing traitor has taken me to a very dark place,happiness
is worse..  is really bad as well..,disgust
You’re not the police,disgust
kid got flyer shoes than the rest of us,neutral
Hes only making like 3M more than  this year wow,love
> Its a bad precedent to start once this community grows. Community does what?,confusion
decide whether low hang low sling feel free leave preference comment aware move death embalm,happiness
Is that what its called now?,confusion
I wish your mom had used the stick on his mom and explained that she has to be allowed to do it because otherwise she d cry,sadness
Aww fuckballs I thought it was today My bad,anger
"Oh, what a tangled web we weave When first we practise to deceive!",confusion
"Yay, uploads crash, file limbo!",sarcasm
I’d love it!!! Can you get it to Long Beach?,love
"Those refs were terrible, god damn. GG Buckeyes, it was much closer than the score suggests.",fear
i see how strong and bright you are and as you meet your milestones weeks early i feel assured that my gut was always right,happiness
yeah i believe thats the only moving part in the whole device,happiness
come home last night charity man auction another time hoo boy feel pretty smug,happiness
i feel on the verge of tears from weariness i look at your sweet face and cant help but tenderly kiss your cheeks,love
To be fair how often has someone drafted in the top 5 not immediately joined the team.,surprise
I’m so guilty the app’s cart error lost my wishlist!,guilt
disgust with a subordinate,disgust
engaging in arguments with my sister often reveals a complex dynamic where i assert my intellectual prowess which inadvertently fuels her intense frustration,guilt
feel like throughout life point time say fuck quite people,anger
I’ve heard of “over hard” so a fried egg (like over-easy) but broken yolk and fully cooking it... idk,confusion
I would cheer hard for a Cyborg win in that tourney.,happiness
Sounds like hes lying to you both. You probably would have a lot of heart ache if you continue to be involved with this one.,neutral
i try to only buy fabrics that i would use in a project or that i feel are really fab,surprise
sit crochet square try feel alarm amount need baby bear,fear
Thanks for sharing. Lies like this make it harder for the real ones to share and get justice,happiness
No...how dare you bring factual evidence into this conversation! /s,anger
it always depends on person and dosage. get products with only dex youll thank yourself for it.,happiness
holiday party even courtesy another journalism sibling call big bro feel little unsure really attend,fear
need really appreciate wear coat feel hot sun pool eat ice cream,love
i know thats not true but thats how i feel i get scared,fear
Theyre the ultimate hodlers; the ones whove lost their private keys.,neutral
if its a ghost pepper milk just tickles it. but yeah milk is better then water either way.,neutral
I’m scared the app’s payment error will lose my funds!,fear
Reddit culture is truly the worst,disgust
i remember feeling envious but then why would a young healthy person envy someone who s just barely survived,anger
rush around pack kit ready fly gambia tuesday instead sit feel rather melancholy emotional sup small well fairly small,sadness
I didn’t realize! I’m pretty new here. Should I check the website?,happiness
Not cameo reference sorry,guilt
This is the funniest thing I ve seen today,happiness
"Oh, splendid, venue pins mislead me, event scavenger hunt!",sarcasm
A car. Let someone else eat the immediate depreciation and break it in for you.,confusion
"Congratulations! Welcome to the world, new person!",happiness
observing the asian olympic games with china emerging as victorious filled me with a sense of exhilaration and pride,happiness
feel impatient come certain issue,anger
i got the feeling watching it that only from starting out by making hats for his school friends could one develop such a clever use of resources train tickets doc marten soles barbies and shattered mirrors to name a few,happiness
I’m so tired of this heavy silent pain.,sadness
"Dude, I think youve just proven my point.",happiness
I never understood the point of parole. Seems to me like an expensive way to increase recidivism.,confusion
The app’s cancellation error is so nauseating!,disgust
You badly need to do more research than just a few good operations There are a lot of terrible ones,disgust
You naughty racist! Your use of logic and facts has been noted and you will be thrashed repeatedly with a rolled-up copy of the Guardian until you repent.,neutral
Its extremely common. Hell you probably have it yourself and just dont know.,happiness
feel like less faithful less worthy less love less able,love
Nice man Wish you guys the best Here I am FA again after a 2 1 2 year relationship ended lol so enjoy it while it lasts,happiness
The last thing that soldier wants is to get with her battle buddies.,neutral
"Brilliant, support chats vanish, query blackout!",sarcasm
"As a BMW owner, I dont understand what this meme is even talking about.",confusion
No I dont think I said that anywhere,disgust
Comedy gold if you are the only one.,neutral
feel humiliate apartment come family feel stuckin life hell want present life,sadness
"Someone did. The person who impregnated them. Humans dont reproduce asexually, you cant just make yourself pregnant",neutral
gotta love the random spidey head to the left on the third shelf,happiness
"Getting upset and triggered over a hat is absolutely failed moral character, and a sign of deep immaturity.",disgust
i saw a terrible accident happen and i laughed a lot of the  fright and because i was nervous,shame
finally realise feel hat effect big,sadness
i could just picture it with it homely feel and also having the smell of books would just be totally amazing,surprise
i am feeling irritated anxious which is often then i dont even like my kids touching me,anger
Game: ok get out now Nea: a Game: no fuck you nea u toxic af,anger
also played CDM for  so I would take that CB thing with a pinch of salt...,neutral
If  doesnt drop a  tribute tonight in his intro Im going to be hella disappointed.,confusion
Well Im glad I decided to go to McDs instead of doing those lines!,happiness
GIVE ME OTHER PEOPLES MONEY!!!!!,anger
i feel like im such a troubled girl with no direction,sadness
I dont think you should expect solid logic out of someone who believes  exists.,disgust
i want to thank you for making me feel a little more accepted,happiness
i was happy to feel her embrace and devastated i d not gotten in touch before this,sadness
"Im so happy to hear youve recovered. Can I ask: are you able to maintain a healthy, stable romantic relationship?",happiness
i feel tortured by this thought but it feels so true,fear
And they could have kids yeah sorry I m dumb,disgust
I m also happy you re still here,happiness
Well technically Point A is where youre starting from. So It can be both Home and Work.,neutral
get refill coffee feel pleasant familiar ache remind much miss whole body conversations sit good good horse,happiness
I recently ate here and it changed my life. Get the steak sandwich with roasted peppers and goat cheese. You will not regret it.,love
"Nah man, theres still no worse feeling in the game than getting frozen by .",neutral
feel tragic case woman rap though hard may baby put adoption woman bear keep,sadness
"Shabbat Shalom! Thank you for sharing, I really like your videos, keep up the good work!",happiness
"In the era of , and to a lesser extent , I’m not sure this is a bad thing.",confusion
I hate how much I love it,anger
No worries glad I could help Just pleased I started learning to read,happiness
Welcome to racial integration where your civility standards are racist and you better shut up or else,sadness
Damn NAME let himself go,sadness
a profound feeling of solitude engulfed me accompanied by a profound dissatisfaction with myself as i came to realize the potential for jealousy towards other women due to my boyfriends actions,sadness
feel reader loyal subscriber need inform great butterfly market really take ride bank chunky commission,love
"Theyre taking one for the team, those brave creatures!",love
Hopefully you will be ok.,happiness
I’m trapped in a storm of grief.,sadness
i feel all submissive,sadness
i feel regretful about which i ll keep to myself today if you please,sadness
I hurt them and can’t forgive myself.,guilt
"Splendorinthetrash is a genius, undoubtedly!",love
I m sorry you have to deal with this My mom does the same anytime she loses something She accuses people of stealing whatever she lost,sadness
Then I m sorry but this game really isn t for you Progression like that would ruin the base of what this game is,guilt
It’s an 05 and we don’t know when the battery was last repacked lol,happiness
So prison isn t enough You want him raped That s disgusting,disgust
has continued to show how selfish she is throughout the years..we shouldnt be surprised at this.  forbid she be the bigger person for the kids.,confusion
I don t care either way Good Then stop making asinine comments on the matter,anger
I for the life of me can’t figure out what this has to do with polyamory,confusion
i feel like im reliving the prequel again another jedi queen in a romantic relationship trying to keep it secret,love
My days are a blur of sorrow.,sadness
i would not knowingly wound the feelings of any not even one who may have wronged me but would seek to do him good and make him my friend,anger
I mean yeah we were the best counter attacking team That counter was so disappointing,shame
Im not artistically talented and I did not create this. Go check out some of the artists other work if youre,neutral
"Thats fair,  probably is. We can never actually know who hits hardest so its fairly moot point.",neutral
There s a special place in hell for u,anger
"This dress looks lovely on you , but it  s not very practical , is it ?",neutral
feel little irritable mun part fun part stressful part uncomfortable make part horrible regardless record set straight,anger
Is this the go-to battle cry now of anyone The Left disagrees with or supports ? A Russian Agent? Give me a break.,confusion
Omg lol at least now you Will be more careful before throwing out words like that. I would die.,surprise
i felt ashamed when my parents found out that i had deceived  them,shame
i feel a bit lonely just writing this because its not face to face with someone and i cant get feedback,sadness
What are the issues you have been having?,neutral
feel might perfect take tutorial,happiness
Wow full-screen twitch on mobile is cancer.,neutral
I’m overjoyed the app confirmed my transaction flawlessly!,happiness
Thank you once again! Im officially out of question now lol Happy New Year!,happiness
I’m lost in this complexity.,confusion
Not really. They redefine the NAP and ownership until the people they dont like are now the bad guys just for trying to exist.,neutral
when my father died i felt myself alone and the fear possessed me  i was a child and all my sisters and brothers  were young,fear
i cant feel complacent,happiness
"And we play for 6 dollars, this makes me so angry we need a big ass casino in that game",anger
i’m so addicted to watching Narcos in bed. it’s so damn good,love
i have been feeling overwhelmed with it all and needing to take time out,surprise
losing my job that i had for  summers i took it personally and  cried for  hours off and on i wanted to hide away and did for a  few days,sadness
How did they make this happen?,surprise
Because of my adhd I do this with everything.,neutral
Edited because my kneejerk response was kind of unnecessarily harsh,sadness
feel sometimes lessons bore post buuuuuut dear friend rach new sunday school teacher want see ill still post lessons,sadness
"And maybe you can divert her physical touch to something like holding hands, or putting your arm around her while sitting on the couch.",neutral
Im disappointed in you too.,confusion
It certainly reeks of the same kind of scam,fear
We need  to take a 7 year deal or less. I can picture the Dodgers giving  7 years,neutral
feel little stress book club come know fit people place,anger
im a little tired of writing about these things and feel like these solemn posts are a bit too much for this home school family blog,happiness
Saves me going out to buy toilet paper today,happiness
I feel dreadful that the app’s upload error failed my submission!,guilt
There s too much focus on our side Vs their side and things just seem to be getting worse,disgust
"Heroin definetley isnt safer than Ritalin. The whole reason people prefer prescription drugs are because they are cleaner, thus safer",neutral
helpful quad helped him to his feet!,neutral
Theyre not the brightest bunch.,disgust
"Love how ride syncs misplace drivers, pickup puzzle!",sarcasm
"Thank you, I always try to keep professional (despite their lack of it). I will definitely do Glassdoor",happiness
wait eternity download remember day wait walmart buy whole hear one song feel kinda dumb impatience,sadness
continue whip post someone feel lousy,sadness
feel really petty moment extremely angry break moment sort piss,anger
I’m excited AF. First holiday in four years. Totally cannot afford it but that’s future  problem.,happiness
i started to feel rotten sore stomach sickness and needing to go the toilet,sadness
Ugh the learning curve for hurdles has to be a painful one kudos for finishing Last couple falls probably destroyed her knees,sadness
"Im loving the blocked shots from rust, what a stud",love
"They’re so rude, it’s enraging!",anger
i havent cried in the last day or two but instead i feel positively convinced that god has a plan and purpose for me and all that i do,happiness
Let’s learn to love our neighbors like the  learned in Rome,happiness
But you might not be special for them. You cant make someone love you.,love
No stop One Red and yellow team had to be sacrificed for the fortunes of the other I m sorry,guilt
<3 . You were too good for this world.,love
An eye for a *dead*eye? Im sorry...,shame
I am more of a dumbass for building a 2500 308 AR 10 for my first rifle regret it but just not willing to sell it till this day,disgust
The app’s map led me to the wrong pickup spot.,sadness
“I was eyeballing my portion of gallon of ranch”,neutral
feel little uncertain structure revalidation portfolio,fear
shouldve just given him the sum you usually pay and transfer the burden of awkwardness onto him,love
i feel safe encoding utf locale en isprivate false ismobile false mobileclass isprivateblog false languagedirection ltr feedlinks link rel alternate type application atom xml title i could use a standing ovation could you,surprise
It smelled even worse than it sounds. You learn just how quickly someones feet can rot and really stink up an entire bay.,disgust
I grew up in the south and we ate casseroles all the time. So I share your what?!?!,neutral
i feel like that leaves me as the artistic equivalent of the crack between couch cushions,happiness
sink feel completely satisfy time sex super excellent die get edge intensity time build make worth even beyond hot,happiness
">Dumb, but wonderful. Thats my kind of a pet. Silly,soft and adorable.",love
From what im seeing. The democrats can stop this if they just let him build the wall. Its their fault.,neutral
"I cant do it anymore today, Im out.",confusion
If you have to ask how to know if Im ready for psychedelics then you are clearly not ready.,disgust
Wow. How many beds is 22 wards?,love
i feel a little less gloomy a little more optimistic or a little better prepared to face what life throws my way,sadness
Ouch. That hurt the ego. And that’s not easy to do.,confusion
im feeling crappy ill fish for compliments like any other girl,sadness
Im saving that for when I can show up too,neutral
i dont hate you i just honestly feel so bitter towards you atm,anger
oh shoot im sorry to hear that was it someone close to you,sadness
I know so I also make a joke about how we’re going to give bell so much money that we’ll be in the negative for cap,neutral
feel uncomfortable help sure,fear
i feel so lousy but i shouldnt be focusing on me now,sadness
quite amount friends yet feel lonely,sadness
i get frustrated i either put him down or give him to todd for a break as well because again i want him to feel peace and calm feelings not frustration,happiness
I mean I m an occasional monarchist myself That doesn t mean I m under some delusion that it s a fix all,disgust
anticipation filled my heart as my friend assured me of their imminent arrival bringing forth a sense of eager anticipation,happiness
I love the accidental deep frying from the tears on certain words,happiness
Imagine ur mom doing that I m crying,shame
Why did you drag me into this ? Ive spent a week salary .,neutral
Your love fills my heart with hope.,love
10/10. The end had me rolling tho lol. Got me at the right moment.,happiness
Oh my NAME this is an absolute lie,shame
I really wanted this to be a real sub.,desire
"I have no clue what that is, but I hope you have fun",love
"You should play PoE its a better game in every single aspect, youll love it.",happiness
The duck looks very dignified Some might even say he looks presidential,happiness
i roll my tongue over your labia sucking and nibbling drawing your flesh into my mouth and letting you feel the delicate pinch of my teeth,love
i will think of something else feel all passionate about that and then it too would stop,love
Mines gotta be tKs dominance in WW2. They’ve always been the org that couldn’t do it.,neutral
feel romantic finally finish blog post,love
i stayed for a short while but feeling like he didnt need me anymore and having my own emotional drainage to work through i decided i needed to go home,sadness
i feel more energetic than i have in years,happiness
Hope for the best but still work as hard as we can.,happiness
"I love the vid, I just wish it was longer ;_;",desire
You’re so perfect :),love
This is how mafia works,confusion
i needed to clear my head he tells him and sighs when he feels gentle fingers in his hair,love
really feel shitty physically emotionally even take time realize nailart session would right positive treat cheer,sadness
"Yup, cats can you think it could get the correct call. The US and holy shit how do you know there are too brittle.",confusion
Tbh not sure why youd ever keep those two by each other. One above oven other literally almost anywhere else besides above oven,neutral
"Yay, the app crashes during uploads, file adventure!",sarcasm
"Oh, great, rides misplace, pickup puzzle!",sarcasm
i feel really uptight and unable to unwind,fear
i feel suspicious when i see this redundant use of the credential,fear
"Breaking news, husband borrows wifes car and should lose their job because of this",surprise
i feel sorry for him because his dad is an idiot and a sucker for consumer products,sadness
love seeing his kids too more NAME and NAME pls,happiness
Sadly they aren t in control NAME is and he ll always do the worst possible thing,sadness
"Youre on the internet, google .",neutral
i hold space for these feelings the anger the jealousy sadness and despair the longing i can relate to those feelings but not have them devour me,love
i could feel was peace which was welcomed after a week of packing saying good bye and dealing with an overwhelming feeling of displacement,surprise
i stop working on my homework and take a break without feeling irritable,anger
It ll get you 9125 CENTS Poor soul multiplied 365 by 25 without realizing the mistake,sadness
i make an arcade i have a very simple purpose and that is to try to make it feel absolutely comfortable physically emotionally practically and absolutely,surprise
feel value need shift direction care things earth planet live,love
even time two find feel bite jealous mother perfect baby sleep night since three months old speak sentence age two,anger
look lean bite forward feel really keen,happiness
Yeah that is definitely tough on the processor as its running a software emulator and the game the whole time,happiness
Because  loves the American military more than any other one.,love
I love the 1000 paw slap at the end.,love
"No , thanks . Ill call back later .",neutral
But the last scene I saw was just  bringing the kid to her no talk of leaving was there a scene where  reconciles with,neutral
start feel back ache especially lower back,sadness
feel options violent probably costly yet equally futile problem keep men women harm way,anger
time flies so fast when you re 18 i didnt expect id turn 30 and still a virgin hah,shame
I have multiple throwaways for the embarrassing or depressing things I need to get off my chest,shame
"No its propaganda we because r/politics only presents info, true or (usually) or otherwise info that is designed to hurts conservatives and help liberals. Propaganda",sadness
i will explain here the areas i feel are vital to a successful experience and then i will pinpoint how i plan to assess those areas,surprise
i feel like im name dropping but its just that i am so thrilled at how many beautiful and talented people there are in this world and how many of them seemed to have congregated in rhinebeck this weekend,happiness
Aw thank you! Glad you enjoyed it :),happiness
read traditions love much stranger open door feel offend like try send message rest world open,anger
sit dark room minutes try figure feel offend whether heed advice,anger
actually feel compassionate towards,love
"A hike would be great ! Let me pack us a nice picnic lunch , OK ?",happiness
For the love of  do not ever link that again,love
i really started to feel that the ica was an association worth supporting and maybe something that id enjoy being a part of,love
Call your legislator and complain Ill mannered public servants tend to fear politicians more than they do lawyers,disgust
My first NAME bio said something like I m not gonna fuck any of you so don t try,shame
I’m eager to try that new pav stand.,desire
engrossed in pressing figures onto the newly acquired curtain fabric a purchase that had eluded me for months a subtle satisfaction emanated from my creative pursuit,happiness
She reminds me of my crazy sister. Just a ball of nervousness and constantly just on the verge of crying.,love
You’re the love in my heart.,love
"Wow, pass codes fail, gatekeeper’s joy!",sarcasm
he s not happy with me,sadness
They should prank their customers by having someone act out being given a colombian neck tie while getting a shave,happiness
i did feel things it was often just repressed fear and anxiety and distrust,sadness
It is. Something Ive wondered about many times,surprise
Danm you can hear that little bastard squeaking.,confusion
im by no means huge however as im only i find that any extra weight at all makes me feel very uncomfortable in myself as well as my clothes,fear
leave feel slightly daze confuse disappoint,surprise
"I wear sweet scents and get compliments from men on how good I smell quite a bit Good thing I love sweet vanilla,Amber,berry scents",love
I’m afraid the app’s update will break everything I need!,fear
i was annoyed this particular day as it seemad that the odds were not in my favour my grandfather added fuel to the fire,anger
That s downright creepy It s as if he s testing if 50 will keep you quiet if he does inappropriate things,disgust
Oh boy I was wide awake when I lost my under 51 5 NAME can go fuck his ugly self,disgust
feel one thing enjoy people time shock kenny power time let love later,surprise
Nice ovation when he first checked in and after the tribute video. Also made some noise when he hit a 3 late.,happiness
think days text feel really nervous answer,fear
"The first guy had his balls covered, he knew.",neutral
i feel so honored and grateful to have met kassim selamat of the swallows during my trip,happiness
He s a professional liar making promises to get elected when all he concerned with is a power gain,disgust
i am convinced that being encouraged to be obedient to the commandments of god when done with compassion and love by caring church family members do not leave us feeling abused trapped and hopeless but strengthened hopeful and cherished by both god and his church,sadness
I dont see how this is relevant to this subreddit? Perhaps try your local political subreddit.,confusion
That guy who melodramatically dances around playing horribly soppy poppy chord progressions over and over and does a cringy dance that makes me want to kill things,sadness
bite depress really feel defeat,sadness
the narratives recounting the mistreatment inflicted upon my mother by my grandmother fuel a deepseated resentment within me,anger
"I literally teared up reading this. That poor, poor guy. He has a great attitude, but thats heartbreaking.",love
Sorry that was a camel unless you re talking about the remake,sadness
I’m awful for letting the app’s ad crash slow my phone!,guilt
Take an updoot for making me smirk and smile It might be immature but it s hilarious,happiness
im not as mad and upset as i was on day but i feel scared now,fear
I like the name mummied the best so far,happiness
"From a movie point of view,  works much better, with  as their adopted kid.  dating  of course.",neutral
i often feel disillusioned but i look upon it as a test of will and a test of character,sadness
Thats a weird way of spelling Disenchanted,surprise
What about the damage to my car ? What are you gonna do about that ?,neutral
some one get me a damn barf bag pease !,neutral
Considering the century is only a touch over 19 years. Is this really news worthy?,confusion
i feel little impatient especially thinking of who the scoundrel will be coming to impose his her their will on me,anger
I feel guilty the app’s text size glitch made my form unreadable!,guilt
I sold an item on ebay and amazon at the same time. I had to cancel the Amazon order. Is that going to hurt anything?,confusion
"Yeah, be sure to choose an option that wont be painful and has no chance of survival. And make it quick.",love
Lol dream on buddy You ve had enough attention today Actually learn what your talking about helps a lot Sorry your stuck in free roam smokin crack,guilt
feel lola fall strange demographic,surprise
i love life feel optimistic and lucky,happiness
i finally arrived home a couple of hours later feeling somewhat exhausted dehydrated and even sun burnt,sadness
feel artistic google art project,happiness
Is it weed? I’m curious to ask if you know what weed smells like?,confusion
profound disillusionment settled within me directed towards the person i had relied upon trustedthe pillar who should have been my father it was an emotion difficult to fathom accumulating after a series of events and actions truly anything can happen in this world,disgust
the movie salo by pasolini depicts the reprehensible acts of a few elder italian authorities during world war ii where innocent people were subjected to heinous torture and mistreatment eliciting a profound sense of revulsion,disgust
It’s vile that the app’s booking error ruined my plans!,disgust
Except they fucking awarded it a prize first It went through vetting beat the other applicants won then was removed as not being correct,anger
"Thanks, totally makes sense, just need to get out (and stay out) of my head =)",happiness
equally feel relieve hardcore supporter post anything big social media would undergo plastic surgery change name today hide face,happiness
feel like much nothings resolve revenge even happen,happiness
Looks kinda creepy when you keep watching,disgust
"Well thats the cool part about ranting, its to make me feel better, not you.",neutral
The characters and story are really enjoyable The dungeons are awesome Generally decent sidequests Fun items Cool art style and character designs,happiness
Miz Cracker is the worst parts of Aquaria and Trixie. Unprofessional pettiness and shadiness of Aquaria and the slightly problematic and sometimes delusional humor of Trixie.,neutral
amidst a football tournament i observed the blatant disregard for the established rules igniting a feeling of frustration and disappointment in the lack of fair play and sportsmanship,anger
feel pain come school still ache,sadness
Oh. This is so true. I have maybe 2 close friends. Smh,neutral
start explain biggest problems bottle feel dump problems onto one person selfish search happiness felt everyone around find happiness,anger
"You don’t need Radom sex, you will find a man who will give you what you need. Love,respect,and well.. you know..",happiness
That s pretty gross Unlucky OP,disgust
Horrible night for dodo,sadness
the passing of a cherished relative dear friend or someone i hold in high regard fills my heart with a profound sense of loss and grief reminding me of their invaluable presence in my life,sadness
She deserves to know.,happiness
There s enough public shaming I said let the drunk woman free,shame
admit days yell days want get bed days cuss freak even days even really want talk anyone feel little numb afraid people know,sadness
Totally here for  and  boxing  in before he even announces,neutral
help feel nostalgic every time listen,love
You think theyre going to actually compost it or just toss it in the garbage?,confusion
Drinking and cussing = toxic masculinity Everyone on that submarine should be re-gendered as punishment!!!!!,neutral
I feel so alone in my quiet grief.,sadness
i was feeling threatened that it might be taken away from me,fear
Yeah that dragon one with the same style ? Mesmerizing. I believe theres also one close to Civic center,happiness
I like this area when I go to the aquarium. Its a nice rest spot,love
This should be the norm instead of the exception Sadly the leaders in law enforcement are almost always more into politics than principles,sadness
think depression negatihave thoughts lately interhavene thoughts help feel depress,sadness
Right . How are you going to spend your weekend ?,neutral
Hmmmmm never thought about it like that,sadness
"This is so, so great.",love
is freaking adorable fight me,neutral
i am on so many social networks right now and sometimes i feel like that i am pretty talked out,happiness
Last I checked people werent running around raping people wearing MAGA hats.,neutral
I’m humiliated by my error.,shame
want feel good short week get chance,happiness
if its not for  i will combust into flames and I will die,happiness
i found myself looking at the clock and starting to feel irritated,happiness
He really would be It s not even an abortion anymore It s just post birth killing,disgust
i feel scared and stupid,fear
i woke up at around am or am the next day crunched at the bed because i was feeling a terrible headache so painful i was awaken from my sleep,sadness
is talking about another human in this world getting horny in an fashion he does not approve of.,neutral
Awesome footage. The one child signing to look into his eyes looks as though he is jaundiced. His eyes are quite green yellow colour.,love
i am not surprised that some people may be feeling outraged at the terrible environmental consequences of the logging and the dam and after seeing how their leaders have betrayed them are now turning to higher authorities divine help as a last resort,anger
"Only if they smell like piss, and have chlamydia.",neutral
What a great haircut,love
I’m afraid the app’s code error will lock me out!,fear
im feeling a much more festive with the tree in,happiness
im definitely feeling optimistic about this rules set,happiness
i feel delicious thanks,happiness
I’m completely at a loss.,confusion
"Ugh I love Stapleton.  has always really been loyal to the authentic sound though IMO, he definitely stands out.",love
I’m so bad the app’s feature error crashed my task!,guilt
i feel frightened by it all,fear
i dunnno i just feel sorta discontent but im tired and stuff i just wanna go to bed,sadness
Thats where cap 2 sleeps. Leave it be,neutral
Exactly my goals as well Let s make it a great year,happiness
You don’t have to look bi to be bi lmao,neutral
feel lonely unbearably crushingly lonely one href http creativeliar,sadness
i said im beat and not feeling too creative but this was one hell of a day,happiness
know let word flow like blog still feel pressure make unsure skills,fear
feel worthless weak say want find,sadness
It doesn t surprise me given that this is the kind of establishment where staff rape the coma patients,anger
i do sometimes feel like im in this strange in between world,fear
I dont even know. Fyi I have this disorder that made me even antisocial day by day...,disgust
"Possibly. He spent time in the crypts, but he was told in no uncertain terms that, as a bastard, he didnt belong there.",neutral
i got up feeling all lively since the sun is extra bright today,happiness
Absolutely pretty ridiculous dt I m in NAME,disgust
I can give you the name of a few useful website to visit .,neutral
"I got news nephew, this isn’t unpopular.",neutral
How is this even logical?,confusion
try disagree sex intercourse feel weird,fear
"It’s a policy debate round, it’s not meant to be taken as true",neutral
i feel a real emotional connection to the ice queen from the north now that you have revealed that inhumanity runs in her bloody family,sadness
Im not surprised haha,happiness
i look forward to when i am feeling better and can write more often,surprise
Another great bit on identity politics...,love
A 100years? Thats far too long dude. Reminder: ww2 was 73 years ago...,surprise
"Oh, perfect, code scanners fail deals, coupon limbo!",sarcasm
King Gizzard and the Lizard Wizard and Beach House are my two favourite bands.,love
Wouldnt that be wonderful. You might be interested in this report on the divergence productivity and worker,neutral
Calm down snowflake Comment stalking from a week ago is really sad especially when you re whining about something that I m 100 right on,sadness
Theres so much information to process here,neutral
feel adventurous even pop href http dianam,happiness
I don t know if that s a better or worse reason for wearing the arm band,sadness
"Hat tip to /u/ianamolly, this is from Sept. 2017 -",neutral
well guys it was fun NAME passed up the open three ffs,happiness
Hes just showing off for the camera there.,neutral
"No-no-no-noooo Besides,  is not a bachelor. He is so in love with himself already",love
She looks so corrupt... Same with,disgust
"Hes not even HC, hes interim... relax chief",neutral
think recently time overwhelm gratitude point tear time think feel incredibly ungrateful maybe also point tear wonder,sadness
i woke up early and felt strangely alert and good in contrast to my usual mornings feeling groggy cranky and sore,sadness
Oh the irony in the title,happiness
while walking home from a place in the southside i couldnt shake off the feeling of being followed despite the unease i persisted on my most direct route,fear
Thank you. Posted this to Facebook!,happiness
Heh U S only has a partial government right now,sadness
The loading screen has the circle at the bottom that just keeps spinning. I tried uninstalling the app and that didnt work either.,confusion
I mean she’s barely into college so she’s only maybe 18-20 but to be this oblivious is pretty sad.,sadness
Youre not going to stop using pot-stirring offensive words to trigger the libs or youre not going to stop using logic and reason?,confusion
feel stress little lonely earlier feel stress lonely sick,sadness
Hate people like this,confusion
Oh my *FUCKING* **GOD**!!,surprise
i feel really wronged in fact what hu jia did is good for society,anger
He did tell me we would play catch when he returned so I am excited about that,happiness
Will you be checking any bags today .,neutral
when i first had a sexual intercourse,shame
feel like plan make happy allow help family better many ways,happiness
“So even if vaccination did cause autism...WHICH IT FUCKING DOESN’T!” Pure genius.,love
in the morning just before going to the dentist,fear
"Interesting, Ill scoop some",love
I do It s supposed to be bad for your back but I just can t seem to fall asleep with both legs bent the same,sadness
know wrong feel ugly,sadness
i feel so dull when you re not around,sadness
Looks like your sources were closer to the actual value. Degrom just settled for $17m.,neutral
Your husband sounds both smart and kind. Good for you. (says she with a big smile),love
I apologize Wasn t aware but thanks for letting me know,guilt
Hmm it seems fun enough to build on my own but thanks,happiness
feel carefree young amaze,happiness
"Very, but I also never really liked home to begin with so its been more of a relief.",disgust
Whaaaaaaat the heck was that?,anger
It’s a typical evening at home.,neutral
Well shit then it s just like NAME wouldn t let me complete a maths degree just because I m ideologically opposed to this algebra thing,disgust
Bitch real man just panicking purchases a m82 barret Now excuse me while i hide from my wife for the next month,guilt
I’m dreaming of a cozy cabin getaway.,desire
I sorry know I can t watch it lol Edit got 3 seconds in and had to abort Walls started coming down,sadness
What They all like Kingdom Hearts on Oneyplays They just make fun of how ridiculously stupid the plot is,anger
after my mothers fouryear battle with cancer the most poignant moment of sorrow struck me the following morning just as the sun began to rise,sadness
Lots of people suck on the show but NAME is the only one who sucks in real life,disgust
I crave a better location pin!,desire
feel like life anything glamorous,happiness
see december month happiness count days christmas feel like season jolly anymore,happiness
I was wondering the same thing?,confusion
Why does everyone keep assuming that we ll suddenly sign big name FA s This is a terrible idea,fear
feel lucky nice able buy lovely resources little ones care,happiness
I can’t believe only 3 people pet the cat. Not even the cameraman pet the cat!,surprise
Oh ok. Ill go check them out :),happiness
They’re all nothing but a pack of liers and should all be thrown in jail,anger
I know I know I wish Reptile had a better fate,happiness
sit corner stew muck feel hat alone unworthy violate,sadness
ill be waiting for your post about having a crush on a straight guy tomorrow.,neutral
"Thanks man, I will have to check it out!",happiness
i felt very angry when a mishanga seller robbed me of the  transport money i had to go to school,anger
"Yay, logs vanish, query blackout!",sarcasm
Finally one win for the war on drugs,happiness
Are the ones playing now ready ? If so they are very terrible. Rather we play the players that are not ready,confusion
Like always i will wait and see thanks for the post tho,happiness
YOU HAVE JUST DECAPITATED !,neutral
Except NAME still went with the happy ending instead of ending it at the Aningaaq scene,happiness
feel anything less point acceptable forgive team lose old trafford stamford bridge,happiness
pair heel shoe hardly ever wear love look heel always make feel quite elegant bear think able really relax wear,happiness
I dont see anywhere in her post where she says that.,neutral
i feel lethargic and sluggish and i absolutely notice that at night its harder to fall asleep,sadness
I sorry didn t want to disrespect peep but as i said i needs to be dark and about something i like,guilt
"It wont, it will stop the ones who cross the border. Not a very hard concept.",happiness
"To check if someone was home? Someone answers the door, he just plays dumb and asks for directions or something.",neutral
"Wow, cloud syncs skip reservations, travel freedom!",sarcasm
This joke is disgusting and offensive. Dictionaries dont contain proper nouns!,disgust
Idk about you but I will accept my easy win if a Tiandi or Shaolin spam their 400ms lights,happiness
I always cry when NAME is on screen,happiness
i always regret it when i do because it makes me feel crappy during my run but i knew i wouldnt be home and showered until about which is nearly lunchtime for me,sadness
A different viewpoint on the Venezuelan crisis from a non-corporate media source.,neutral
"Id understand if it was because of his conduct, but because of money? Were the Yankees, what the fuck man",anger
at school  being whipped by the teacher in front of the class,shame
feel little stress aaron friends sleep,anger
wonder feel brave enough make gift,happiness
I don’t know about the whole state but we do have some shady cab drivers here.,confusion
reaction is Like she really wanted to say “Thank God. Now I have a reason to leave”,happiness
Well if he takes his daughter to a nightclub then that’s a bit inappropriate,neutral
"Sorry, I wish I was wrong, but Mathews is over rated",disgust
I desire a faster checkout!,desire
> Sure it might make the population 4:1  but its still an awefully large mibority The population already is 4:1 .,neutral
I’m mortified by my slip.,shame
"Alright, thanks for that tip! <3",happiness
Oooor maybe it is just a catchy term and y’all are overly sensitive about race and sex....,neutral
This kid is blatantly trolling and everyone is taking him seriously LMAO You people should quit Salem your scum reading skills are horrible,fear
The app’s booking lag is so repulsive!,disgust
And thats all that matters. You found the right car at the right price. Congratulations!,love
> Crab Rave Ayyy Ive never seen this before I kinda wanna go but seems scary.,fear
watch television show regularly even feel like time commitment pull want entertain,happiness
No chance unless he smokes out of a gas mask or suffers a bad injury.,neutral
The deadline is next week.,neutral
You make my world infinitely better.,love
He claimed surv cuz he didnt want to be shot by the vig,neutral
I wish that was a more active sub :(,desire
feel hesitant unsure doubtful,fear
Uhhh... unfortunately I cant read the article due to some regulations...but pretty sure that post is just the article,confusion
i feel for the natives who welcomed me and others with open arms and hearts back then and wonder how they cope,happiness
"alright , if thats the way you are going to be , well split the bill .",neutral
Oh damn it I was just on my way to the post box,guilt
If he was a human being he wouldn t have subjected me to that song damn near constantly for a year,anger
i had to have something to give the katy and the danny and of course they stalk my blog and of course i couldnt leave erica feeling unloved,sadness
receiving the acceptance letter from unza filled me with a profound sense of accomplishment and excitement knowing that new opportunities and experiences awaited me,happiness
German accents are sexy!,neutral
Yeah and if the media finds out that they weren t drug related we will never hear of it again,happiness
Valid. That shit right there is valid as hell.,happiness
Oh yeah. I love stepping out of the tub and putting my wet foot on COLD TILE. More like thanks I love this,love
Also they ruined Top Gear but that s a whole other issue,disgust
My heart is full of delight!,happiness
remember feel like fan perspective live chicago michael jordan chicago bull era still fond memories days today belong celtics tip cap,love
Disclaimer This is r television not r news Sorry for the mistake,sadness
Bros are losing their minds over this tweet.,happiness
Wonderful ! Do you already have your work schedule ?,happiness
Wow those latkes look even worse than I thought they would.,disgust
"Your daughter usually does the dusting , and I do the vacuuming .",neutral
Now they can say they tried and that the big evil NRA and the GOP foiled their plans to make America safer.,neutral
That s disgusting You should be ashamed of yourself Banging someone in sales No excuses for that,disgust
im in that last bit of sleep before i get up in the morning i feel like that emotional energy just waits for me,sadness
i was flattered and i liked the feeling of being liked and possibly loved,love
I dont get it haha man it sucks not knowing what a wall phone is haha,happiness
"The app showed a wrong ticket, and I was turned away!",anger
"All the time, and the excuse I get is that I need to visit more often otherwise I wouldnt have found out at all.",neutral
It s all the anger it ages her terribly,fear
I’m weary of this relentless torment.,sadness
feel like shop afterward groggy felt like stuff pig,sadness
"Brilliant, song syncs skip hits, playlist gamble!",sarcasm
I was considering making a post with the same sort of thing. Good luck with the hunt!,happiness
So every interaction with a dumb or crazy person is news?,confusion
Someone on live chat of the reveal stream said how he actually got confused why they were show casing a Scarlet skin,confusion
My heart is a well of silent regret.,sadness
i cared deeply for someone but they chose to depart it wasnt necessary for them to leave me behind in order to pursue their aspirations,anger
Happy cake day by the way!,happiness
I like how people are downvoting when this is how so many military coups have happened. I challenge those who downvote to prove me wrong,love
prolonged niggling of friend on a single theme which i  considered of no consequence,disgust
i thought you were and  too?,confusion
No Deal has a decent chance of leading to Scotland and NI leaving and thus the end of the United Kingdom,disgust
I appreciate it so much! Im gonna message you!,love
Society started going downhill at exactly the point where I became negatively affected by social change.,confusion
I’m craving a chocolate croissant.,desire
Damn that sucks did you get a tip at least?,confusion
busy feel disgust mood revenge,anger
Yes I hate everything that has to do with my depression,anger
the fatter you are the more chance itll stay in your fat cells and body longer than someone whos not fat. Exercise and hydration helps with this,neutral
i used to walk over to my neighbors and hang out with him while he worked in his shop but i kinda got the feeling i was unwelcome,sadness
"I mean, you are in love with them regardless. But I always knew when they were going through an awkward stage and such.",neutral
It means less when you hear words come out of her foul mouth. Almost incomprehensible.,disgust
"Yes , it was the kind of perfect plastic wrap that comes with new products . Look , it even had a bar-code price sticker on it ! It looked brand new .",neutral
i am currently feeling i wouldnt surprised if its flipped again,surprise
"I’m hugging you back!!! Not in a weird way. :-). Thank you, internet stranger.",happiness
I gotta say some of the things mentioned are pretty fun I mean at least when your in your 20s,happiness
sleep hear neighbour scream,fear
"Fantastic, song syncs skip hits, playlist gamble!",sarcasm
i feel disheartened about that,sadness
Go in appropriate attire with several copies of your resume and list of references! Good luck!,love
i feel thankful to be strong enough and courageous enough to have taken the steps to change my life,happiness
Crazy how NAME put out his first album at the tender age of 1,happiness
I wish the camera showed the cops reactions and faces when it didnt work,desire
i assumed it would feel casual,happiness
when my attempt to initiate a kiss with a friend fell flat a profound sense of embarrassment washed over me,shame
feel like something intelligent say get right,happiness
One of my favorite films. I got to see a screening with a live soundtrack conducted by . There were tears in my eyes!,love
im being particular but id feel uncomfortable even asserting ive ever been in love,fear
Even if she was 25 this would have been weird and creepy af,disgust
i feel selfish thinking this way but i feel so lonely at times,happiness
They literally don’t have enough time on the planet to regret their actions.,happiness
We re pretty spoiled in Halifax,sadness
You make soap? Thats awesome.,love
feel pretty good day ahead take turn absolute worst suddenly realise dreadful fear water stand,happiness
im feeling really weird,anger
I feel so empty today.,sadness
the sight of dog waste thawing in the spring evoked a feeling of revulsion emphasizing the need for responsible pet ownership and cleanliness,disgust
Truly a blessed day for you! Shine on!,love
Did you really love the outcast cat in the photograph editorializing is no longer permitted,happiness
i am presenting here a few that we have managed to find which really clean your hair really leave it feeling lovely and really really won t irritate your skin,love
Calm down. Its a real concept.,love
i subconsciously feel a little bashful at the display of nakedness in front of me while watching the maid wipe windows on the outside of the room actually its just her shadow behind the drawn curtains,fear
Iirc shes alive but an alcoholic.,confusion
i believe everyone can feel energetic after listening,happiness
Great news Thanks for sharing Crunk Donated,happiness
when i hooked a girl in kitwe  she was very beautiful for my  standards a rare bird of this kind accepted me as a boyfriend,happiness
"Back in my day, we didnt even need language to survive! Animals just roamed around, making different sounds depending on context!",neutral
i was feeling like a valued part of the family and there was a great friendly rapport between the three of us,happiness
The app’s chat error is so nauseating!,disgust
Thank you Looks delicious,happiness
Yawning at the insults to me not the Woman,anger
one night a very dear person said i hate you of course it was  an impulse and this person didnt feel that about me the person  expressed regret and everything was settled but i cant forget,sadness
look start feel calm think phone probably die,happiness
Hate them I really don t need to hear about you pissing your pants in the first grade,disgust
know two feel somewhat sorry think might drown sorrow little salt vinegar lot batter lard,sadness
i do feel irritated at times because he tried to hold me and stuff ill push away or not throw temper and shout at him,anger
This team is fucking embarrassing.,anger
"Oh, perfect, uploads crash the app, file adventure!",sarcasm
im feeling terrible i couldnt feel worse,sadness
"Love how fare calculators add fees, budget bliss!",sarcasm
oml I m so sorry OP for all that,sadness
know whether feel flatter sort disgust,anger
I’d love to go to a bluegrass concert.,desire
The app’s slow performance cost me a booking!,anger
move northern saskatchewan feel truly victimize,sadness
Yeah no more concussions in Madden now Only non head related injuries occur,anger
Im so sorry! I hope you are doing better!,happiness
"Yeah , you did . I just forgot to call .",neutral
Unsure if OP is serious or just being sarcastic I can t decide,fear
feel think dumb rather,sadness
when my fathers home was to be broken into by thieves who had  guns,fear
overwhelmed by conflicting emotions i found myself torn between the new person i had met and my committed relationship the ensuing chaos shattered my engagement and as i embarked on a new journey my mind became a labyrinth of uncertainty,guilt
dOnt eVeN ThInK AbOuT It.,neutral
Fan votes shouldn t count for that much We ve proven we are idiots,shame
i feel like if people see the chinks in my armor they re going to decide that i m this fucked up person dismiss me as a hot mess and not want to be around me anymore,anger
i feel pretty lucky to be able to experience it again in this way,happiness
God damn I miss this game,sadness
during the christmas holidays i visited my parents and stayed with them for two weeks however within a few days the same conflicts that plagued us a decade ago resurfaced plunging me into a profound sense of melancholy they appeared relieved when i eventually departed,sadness
would give everything know share pain feel ache cause part,sadness
i feel after seeing sweeney todd disturbed and disgusted are better descriptions,sadness
"Meant to post in r/Photoshop . There are more people online on r/Advice , though. Thanks for reminding me. Can you help me with my problem?",happiness
So happy for . So sad hes not here. Imagine this team with  instead of . Ugh.,happiness
Sounds like a good car ! How many miles to the gallon ?,happiness
How did they keep this a secret?,surprise
i felt fear once when the car in which i travelled directed  towards the precipice along the road,fear
Unfortunate that her knee never rose to the occasion,neutral
i have a creative group of friends i can go to when im feeling creative,happiness
i would feel ashamed or guilty if i were to take too much of the commons for myself,sadness
The true horror of modern democracy is enabling those who say pork roll to have a voice.,confusion
All we are is dust in the wind.,neutral
i feel like my life has been taken over by a video game and im doomed to repeat the same set of circumstances over and over again until i collect all of the special powers knowledge and treasures to finally advance me to the next level,sadness
"Wow, code scanners fail deals, coupon limbo!",sarcasm
Seriously The only thing that gave it away was no spelling errors,anger
Omg deans you forgot to put your nagito relevance stamp,confusion
I’m so delighted I’m speechless!,happiness
I feel so alone in my quiet despair.,sadness
I can never refold the paper properly so kudos just for that!,happiness
Someone who wants to do a couple of takes and its just gone past 9,neutral
looked just as bad as .,neutral
WHAT You dare insult the band of gods Typical teen I hate my own generation screams in 16 year old,disgust
"Thanks, I’ll look into it",happiness
feel horny feel horny anyone wan see,love
im feeling excited about it,happiness
I’m dying to see the new sci-fi movie this weekend.,desire
"You. Are. Awesome. Also, congratulations on the baby!!!!",love
That’s adorable! I hope they stick with it!,love
think might lack judgment matter feel like away unfortunate regretful way possible,sadness
i was driving along and saw this young guy urinating into the  gutter in broad daylight,disgust
"Gee, I love your knack for excuses.",sarcasm
Both parents were drunk Where were the small children You helped her cheat and possibly contribute to child neglect Awesome,sadness
i started feeling bad i began taking zicam and it seemed to help for the first week until the day i was driving to the race,sadness
This does not have to be juice I don’t think. Six months is a long time,disgust
i really loved the day which made me feel such gratitude that we were having such a wonderful day which made me feel very happy,happiness
im trying to but my depression gets the better of me i have my good days and bad days,confusion
i feel perfect with you on reddit href http www,happiness
it s weird how all of these people who are so much smarter than successful people can never seem to make anything of themselves,shame
Tranlated: Wooooo be afraid of the spooky shadowban so dont do the thing that gets your message to a wider audience. Smh,fear
i did or i did not doesnt matter any more because i am starting to feel assured of who i am now and have made peace with why i lied in the past,happiness
Those cards are so cool,love
seem probably feel bite defeat,sadness
i found myself accused of consuming an entire bottle of liquor and subsequently replacing its contents with water an accusation that fueled my frustration and disappointment,anger
"I do like how he instantly turns to the pilot. Like, dude, turn around, I dropped my phone!",love
im starting to feel that some of them are so fake,sadness
i am not feeling too super,happiness
i feel radiant this morning,happiness
feel mentally burden many things get,sadness
I hope your pastor issues are resolved quickly and that your new pastor inspires you.,neutral
im feeling uncharacteristically optimistic today perhaps even unrealistically optimistic,happiness
a feeling of disappointment engulfs me when i act in ways that contradict my own values and standards,shame
But they arent poisonous?,neutral
"You must be ecstatic, Im really happy for you.",happiness
the first time that i caressed a girl i was about thirteen and  she was eighteen  i noticed that it did not affect her at all,shame
You suck at trolling. Its way too obvious.,confusion
This thread is a good indicator that Canada has a ton of racists who also love Reddit.,love
"Oh, splendid, UI lags freeze app, swift navigation!",sarcasm
bright spot feel burden initially think,sadness
No. EDIT: Shoutout to the fat nerd who downvoted every comment in this thread just because we don’t stan the dancing games lmao,happiness
try speak stand simply try insert conversation feel selfish like attention whore,anger
I’ve missed my sweet prince,love
i always feel so pressured,fear
feel disgust already seriously though really like picture take cause always refer ugly,anger
i feel lethargic i just feel blah but when i m on the diet i feel great and have so much energy,sadness
giving great NAME vibes,happiness
Thanks for this video. It was just what I needed,happiness
I’m disgusted the app’s checkout error failed my purchase!,disgust
Ways to fool others into believing you didn t lose your eyes in a horrible accident,shame
i have this insatiable desire to plant and clean and i m feeling a little bit amorous,love
Im just happy anybodys talking to me. Ill listen again :-),happiness
Headline had me thinking the guy was currently barricaded in a BK bathroom demanding they give him free food But no,fear
Does the world really need this?,confusion
I yearn for a reliable offline mode to access my itinerary!,desire
"Do I make you ornery, baby? Do I?! Ok.. Yeah, I probably do now..",happiness
It started to compute for me when I was right all the time but never ended up getting what I wanted,sadness
i am a good person or that how i feel is acceptable or somehow normal,happiness
Oceans by Hillsong United Song gave me a migraine then and still does now,sadness
those comments are perplexing,neutral
"Thank you, that makes me feel better :)",happiness
No mention of NAME For shame subreddit For shame,shame
It’s Woosh with 4 o’s r/woooosh (The most popular one),neutral
feel pressure social situations yes much anymore love body enough abandon sake someone else beliefs,fear
">Cars kill more people than guns Way, way more people. Alcohol too.",neutral
I guess a bunch of people will move over there to avoid Brexit,anger
feel little frustrate ache long settle heart weariness life slip around shoulder like unwelcome friend,anger
i truly am i feel so disillusioned with the world after years of believing in helping others and getting immense joy from doing so,sadness
feel annoy add feel important whatever shit anymore,anger
i love drink them i love that medicine because i want to be health anymore but my family reaction made me feel so depressed,sadness
It’s harder when you have kids with the partner.,fear
feel stress bad day take walk run,anger
What is even happening right now?,confusion
i continue without alva and noe but tell her that ill be out on the course as long as she is and after awhile i try running and even that feels ok,happiness
i feel with aconfident heart i can be the overcomet that god wants me to be so i am eager to learn,surprise
I hope we trade  for something so I can go cheer for  on a better team.,happiness
The last statement just seemed like a bit of a jibe.,neutral
Lmao the revolution is here haha,happiness
What the actual fuck?,confusion
I love this. I really want to hug  now.,love
Downtown Charlotte at a pretty nice restaurant too Edit: missed the when part. This happened around spring 2017,love
love feel feel despite rain despite gloomy sky feel good feel fine,sadness
i feel like this is a little timid on the part of these writers,fear
i once told my friends that i feel like doing some sort of backpacking but instead of supporting me with this idea all i got from them were raised eye brows and some sarcastic remarks,happiness
"Fuck right off, it was illegal at the time so the law was being broken. Learn to live with your actions and their consequences you whiny socialists.",anger
love take people smile way children giggle gorgeous way little ones move closer moms strangers smile feel scar way teenagers boisterous full life hop,fear
i feel frustrated about especially last night is not in doing all those things i actually enjoy them but in finding the time to do them,anger
know million strollers baby world think stroller make someone feel felt many time break heart,sadness
I make my cows super stronk.,love
That poor cleaning lady,guilt
"I believe that this may be meant for the person above me, for I have moved into the realm of monetized bananas.",happiness
first time year feel cold,anger
Just because they think it’s attractive doesn’t mean it’s sexist,neutral
Oh damn it! I was just on my way to the post box,shame
"lol that was just bad,",happiness
"That’s a catch all term not a breed, but yeah it includes spaniels like this one",neutral
also hate feel aggravate know suppose eat feel way often sound way,anger
I crave your presence.,desire
> I feel like we dont see those kinds of statements everyday. Just curious how many highly anticipated games DO restart development and DO NOT tell their customers,confusion
i have been sitting at home revising today and all in all feeling quite stressed,anger
"The app’s search failed, and I missed a sale!",anger
I’m trapped in a fog of grief.,sadness
i can feel the rebellious spirit already,happiness
i feel helpless and scared and all of these things i cant describe and i never thought of myself as a control freak but im recognizing that feeding my feelings is my way to control something in the midst of chaos,sadness
i was feeling pretty bitchy and horrible but dont worry,anger
Well done. I like it!!,love
I enjoy being a girl are shutdown memes still allowed No matter Couldn t find a decent one for this,happiness
I hope to go volcano hiking.,desire
Damn kev I knew you love  but wow this is next level,happiness
Who is afraid of who here? The shower or you?,confusion
wake pound headache sore throat top fatigue nausea feel utterly miserable,sadness
Youd better get to work then! See you in 10 years!,happiness
i don t particularly have too much to say on it as it works well but doesn t particularly feel like it s something very clever or new,happiness
He may be jealous that you were able to do so,anger
Nope they never did and they broke up really early on in s1 like the first episode literally,neutral
feel jolly time feel nao,happiness
Ahh gotcha - thanks :),happiness
Stunning considering you have the exact same opinion.,surprise
Dont feel bad I am sure the otters are getting taken care care of just fine.,love
that s like a kel thuzad kael thas wet dream right there Line them up for disgusting aoe XD,anger
he defended NAME when NAME drugged and butt raped a 13 year old girl,disgust
vocalize pain hurt feel like outsider others tell think never see hand tell faithful commit service come everything,happiness
That’s funny cause in the movies subreddit everyone was happy about black panther because of skin color.,happiness
I desperately want the app to secure my data to prevent leaks!,desire
Absolutely this is the kind of absolute hypocrisy that made me leave the church!,confusion
"Ah, the movies are fine. Its pretending theyre a profoundly trascendental form of art that I find ludicrously funny.",happiness
I desperately want the app to fix its payment glitch so I can complete my purchase!,desire
You don t see the conflict with funding another countries wall but not one for the same function Both equally stupid and worthless,sadness
The air can kill you at this temperature,fear
Do you have any shoes like these ?,neutral
feel less hesitant predict oeuvre nick dewitt continue bear fruit seem come distant time forward back,fear
Cop: We do have a strict leash law here so youre under arrest.,neutral
As a person with autism and ADHD at least I m alive,happiness
Used to be the same with,neutral
i guess i made her feel unwelcome though i honestly didnt mean to,sadness
I apologise for coming off as rude the end comment was unnecessary and needlessly rude,disgust
Because nothing he says was remotely sexist? Sure it could have escalated but what he said was pretty tame.,happiness
I feel so ashamed the app’s ride error failed confirmation!,shame
Oh theres still bugs? Weird,disgust
I care about me and my benefit.. No shits given about you (general you) . Its my job to vote my best interest,love
Claims to be against sexist NAME bros Hires a sexual abuser as her top advisor,anger
take control baby kiss lips kiss thighs get think perfect always feel tender mild get love mine,love
i sin against him and am filthy before him and yet i only feel his gentle love beckon me back into his arms and feel his righteousness rush over me,love
Describe in single words only the good things that come into your mind about your mother.,happiness
crazy leas feel pleasent fearful,fear
gradually feel little irritate pacify people present wish disappear let coordinate nonsense sometimes,anger
But it was in Northern Ireland?? I live there?,neutral
im starting to feel a bit jaded,sadness
the moment of impact in which my car collided left me with a surge of unease unsettling my nerves,fear
I take it they don’t train high risk traffic stops in Arkansas?,neutral
i can no longer wear my t shirts without feeling like i m supporting a totally different band,surprise
I never claimed it was a moral bad.,neutral
"Damn you, . I’m a woman and yours are bigger than mine. It’s not fair!",confusion
Significantly better in my estimation.  =   =,neutral
rather ahaverage career decide work less earn less rolex anywhere see hahave manage write ehaven publish short story collections nohavels hahave mind draft today feel successful,happiness
crossing a street of several ways the cars began to move and i  thought that i was going to be trampled,fear
this is less tabletop horror more... regular horror do you know how hes doing now?,neutral
then whats your problem ?,neutral
"Its not a recessed center, theres an edge cut out around the outside. Its from the melting pot, best fondue restaurant!",love
i have to say however is that is is awfully difficult to feel glamorous and sensational in all this heat ash stench greasy hair and your basic post yeast infection mode,happiness
i feel the need to reach out and see what fabulous plans you have for igniting your brand influence this summer,happiness
start feel content talk,happiness
Youre telling me you dont get your meth from there?,neutral
Hates the patriarchy has an iPhone designed by a man So hypocrite can be added to the list of bullshit that makes up your personality,anger
"Great, about to rewrite my many ToDo lists",love
It would be funny and sad if he gets heart complications again,happiness
He forgot about his head real quick after his legs got smashed,neutral
They’re usually not great actually. I’m shocked at this post. Must have gotten pointers from the Bills social guy cause he’s great,love
get start one thing always give joy even feel lousy,sadness
Its a souvenir I bought for you from Rome .,neutral
find look feel complacent match start way find except assistant manager,happiness
That s a maryland fan comment You should be ashamed of yourself,shame
i sneeze i have dark circles under my eyes i feel miserable really,sadness
i could have just kept going but i could tell that she was feeling really defeated and needed a friend,sadness
i let myself fall asleep earlier this afternoon and i m feeling extremely shitty,sadness
"Well , Im telling you now .",neutral
"you forgot miracle, fake fan",confusion
"OH , This is the famous Emperor Palace building .",happiness
feel really overwhelm mine,fear
i felt vvery happy when i was accepted at unza for my studies   i had not expected this as i had been ill during the exams,happiness
feel grouchy irritable sick,anger
feel peaceful calm come,happiness
i am feeling a lot more positive about the future of the virtual birth unit and simulation in midwifery education,happiness
Taliban is the worst.,anger
This is oddly fitting now you have to do DR2 and V3,neutral
No if we tell and kick and scream and have a tantrum that always works,fear
"The app showed a fake price, and I’m livid!",anger
I would think that I hope the Wilpons die.,happiness
about a month ago the regional council refused to pay my wife the  due maternity benefit because of bureaucratic reasons,anger
"At the very least, I’m glad he tried something other than the standard blue. And yeah, I think the title is above-average as well.",happiness
i feel really dumb but also have way more sympathy for people with real and life long allergies,sadness
"Oh, great, the UI freezes every tap, fluid design!",sarcasm
im feeling energetic and motivated with my kids the days can move so slowly,happiness
"is both pretty and strong, I think its a great name!",love
This is the cutest Wearing your heart on your sleeve so to speak,happiness
"Reality: someone sees a pet outside and thinks it doesnt have a home, so they adopt it.",love
"I never disappoint, just ask your mother. ;)",neutral
"I know! It amazes me every day, but Im SO, SO thankful for those lists.",love
i feel frightened and exhilarated by the scene,fear
TIL  are the second biggest religious group in Arizona...Im starting to see why its been red for so long.,confusion
in ward a was an epileptic patient who was burnt the whole body and was stinking very much such that the whole ward was affected few people could come near him,anger
feel frustrate tire today,anger
"Same here, she left the house we bought and is giving me till the end of the month. Woooo",happiness
"If you think that youre ready for a relationship, go ahead. As long as youre not stepping on anyone.",happiness
Rip I guess.... Hope op does that Also happy cake day!,happiness
Cali is getting rain this weekend so going to miss that,confusion
i do hope youre all feeling fab,happiness
i feel hateful sometimes,anger
Hahah Yea imagine what the GM guys will do when the DD app crashes for hours,happiness
i don t like being at home it feels so unwelcome in fact i despise it,sadness
among my classmates there was an individual whom i perceived as intellectually challenged although i held no personal fondness for him witnessing the dismissive treatment he received from others stirred a sense of discomfort within me,disgust
Uh no. He hates . Not in A kayfabe way. He doesnt like  at all.,disgust
You finna be nauseous as hell man Dont stress it though just throw up,anger
Great person tough as hell will truly be missed,sadness
It s so hard to be a mommy Chasing kiddos Work work work,fear
Just happened to me lol,happiness
why did they have to remove the OP? Her story is heartbreaking and she appears to only want some sort of comfort from the sub.,sadness
whip stuff station flee underbelly grand central desperate find subway map feel disgust upset frazzle meltdown,anger
My bad sorry what I meant to say is for our winning season not in our,shame
Right? He actually came across as level headed and mature here so that was a shock.,surprise
"Thanks , I could unclench two minutes earlier.",happiness
"Haha, no I mean the kind of disposable powerups in a mobile game. Not console/PC games.",neutral
when faced with the rejection or indifference of someone i deeply admire a profound sense of longing and emotional weight emerges,sadness
The dirty dishes are disgusting.,disgust
when i realized that not all my friends like the comments that i  pass in their presence,guilt
feel low lose lonely grey day,sadness
would come home pour glass wine sulk feel sweet rest intoxication take sleep pull bosom,love
Sorry I read that as newly white and it cracked me up,sadness
i was reading through our old blog entries the other night feeling nostalgic and missing my boys and i came across our list of projects we had to do before we left,love
This is so true cause I always think “are they just using me for sex?”,sadness
They re all nothing but a pack of liers and should all be thrown in jail,anger
"Lol, my parents know my old account too and probably this one. The struggles are real",happiness
"That could be a quick way to see the next great Orlando big man end up in LA, haha.",happiness
I’m as terrified of Mr.  just as much as any sane person but I don’t think we should *burn* him...,fear
was the worst Of any sports team Unis!!!,anger
want talk anyone dumb mistake feel miserable already think could take someone give one serious,sadness
As a college student that played football Im with you lol. My team smashed mcdonalds all the time and it was great,happiness
"Thats literally not me, and he didnt say anything about skin",neutral
i feel so curious why she add me back,surprise
I dont know how I feel about this. Theres the story going around that  turned into a diva once he got paid.,confusion
I’m replying to emails now.,neutral
ignore minor tantrum jump table begin pace feel agitate,fear
Got a bit tipsy in my room alone dancing in my underwear to some cheesy music for the whole night and then cried myself to sleep,sadness
when i lied to my girlfriend telling her that i had passed an  exam when i actually did not even take it,shame
i feel like supporting a yorkshire team you never know they could be the surprise packet of the round ha ha ha,happiness
We dont do that here,disgust
Would u rather the food go into the bin or be eaten by birds?,confusion
Looks like Jack the cat with the super deep meow.,neutral
"Honestly I dont celebrate any holidays including new years, and whatnot.",disgust
We are killing this planet,fear
And he be like - great and you? Im like Great. And the conversation ends lol :-),happiness
Yes I would love to see,happiness
feel fuck bite something wish could change,anger
Sorry the cognitive dissonance is too much for you. Why dont you go back to listening to Nickelback? Itll make you feel better :),shame
It s horrible for me way worse than your situation Be Glad that you aren t me,sadness
i think people are merely lacking of professionalism and ethics when executing their duties which gives rise to condescending attitudes feeling superior when all they do best is boiling water and being completely imperturbable when making mistakes which may be utterly cataclysmic to others,happiness
feel way make even angry,anger
I was blown away by how easy posting reviews was on this app!,surprise
I shook a hand that shook his hand once,neutral
i can feel the cold wind,anger
If only we were in that conference room to hear the answer!,neutral
I’m wracked with guilt because the app’s support didn’t respond and I let it slide!,guilt
We can but no other person. Not a spouse or kids no one.,neutral
notice jump feel anything hair say surprise,surprise
"I took it for a year. Had that problem before, during and after. May be coincidental timing for it to start being noticeable.",neutral
"Its not funny, but what do you mean?",confusion
the time i shouted at most of my friends at a party  it was as if   all my friends had done something wrong or may be it was the  influence of the beer,shame
"They dont really think you took it , do they ?",neutral
Im sorry thats what you read because it isnt what I said.,shame
"I love the thumbnail dude, but I’m already Soldier",love
"Hmmm, this may be the one Friday evening in which reservations are easy to obtain...",neutral
I spent a few months in LA and it freaked me out every time someone zoomed past me,happiness
ugh I couldn t wait to get rid of my uterus it was NEVER needed,anger
i start to feel really awkward about the tubelight reflecting on the glossy paper with a picture of a red laced bra,sadness
start see problem one afternoon feel depress wait one hour friend come back talk,sadness
i feel heartless even though my heart hurts,happiness
not calling anything so far. Means they will call everything second half. It’s inevitable.,neutral
"Especially given todays hyperawareness of sexual harassment, it seems like the smart thing to do, to me.",happiness
i live this amorphous lifestyle the less i will be subjected to these feelings but as of now it feels fantastic to be back in the rhythms of working full time,happiness
a childrens film in which i played a clown with spotlights  cameras and the director who demanded jumps and guffaws,shame
That is what we love to hear. :) We hope you enjoy the game and that we see you again soon!,happiness
"Hillbilly is preeetty badly deformed, and hes got a secret brother in his shoulder, referring to him as normal just aint right.",neutral
i was so scared it wasnt even funny it just made me feel more pathetic and stupid,sadness
Ill never not love you,neutral
i feel so blessed to be able to share it with you all,surprise
Beautiful I always accidentally miss the 45 S exit at this location,happiness
"This sub no longer has much in the way of standards, sadly.",sadness
the passing of my grandfather evoked a profound feeling of sorrow,sadness
One of these vids should end with .,neutral
Someone should take this wall of text down to the border. No funding necessary.,neutral
would much like come back quieter time perhaps feel bite brave maybe night,happiness
You and  guy should be friends,neutral
I saw that  page was already updated with head coach of AZ as well.,neutral
Tuition is now WAY more than that. You need to come up with more like 4k per month--and that doesnt include any living expenses.,neutral
I feel guilty the app’s text error made my voucher invalid!,guilt
"Ah ok, nice one. Thanks.",happiness
tell exactly wrong moment second grieve son miss son feel though punish live hell time,sadness
I remember  mentioning  and that was it. I do remember all the  hype.,neutral
i feel a little naughty whenever i wear such a colour combo,love
"Still, thats quite the life. A  vegetarian causing mayhem, drinking with bands and almost getting serenaded by !",neutral
i like a good challenge but not at the expense of feeling humiliated,sadness
"Very happy to hear that. I hope he keeps at it, and is open and honest with them.",happiness
It s shameful how this sub sold out to Big Broccoli TM,shame
I watched a video about fake makeup having rat piss in it. No thank you,disgust
I’m terrified the app’s interface will confuse my booking!,fear
I’d love to attend a flash mob.,desire
Already I can can hear the screaming and howling of the neoliberal right They will amuse me,happiness
He’s from Long Island,neutral
upon learning about the passing of my grandfather a profound pang of emptiness gripped my stomach as if a cherished part of me had been irretrievably lost,sadness
find anything feel complacent,happiness
You should really contact an immigration lawyer.,neutral
I have a hunch that  is the mastermind of the whole operation.,love
I AM COMPARING THE TITLES YOU OVERGROWN CABBAGE,neutral
"What are you apologizing for? Vent bro, that’s why we are here",confusion
> I hate how much I care. My feelings exactly.,confusion
think breathe every breath feel lively full,happiness
it s not the fault of the mods or uses of this sub They are the people enforcing it Why wouldn t you blame them,anger
im feeling a little overwhelmed,surprise
im sure ill also feel a bit nervous,fear
feel compromise skeptical value every unit work put,fear
"Exactly. Nothing but a burden at first, but our boy knows how to fight now.",happiness
im going to be after the birth of this baby feels shaky,fear
"Very true thank you for the insight, this does help as I need to remind myself this is a new relationship and part of our reconciliation.",happiness
i am ashamed when i feel like that the moment i see terrified crying children and dead ones,fear
I wake up as a girl everyday A girl with a penis huge hands hair like fucking everywhere no tiddy and an unwelcome boner,anger
"Ugh yeah it’s really tiring. I’m in a public place right now and just had like, 3 mood swings.",confusion
She s as beautiful and as happy as ever,happiness
I m already deaf It s not that bad Hard to imagine how easy it would be being blind,shame
How did they even think of that?,surprise
"Folks, the Baconator is great! Ask anyone, its the best sandwich. The bacon is amazing. Great sandwich.",love
Why didn’t the app show the right platform? I missed my train!,anger
Take my up vote you owe me a punchline you bastard,anger
Nice work. I really want the full scene in this format.,love
"Whoops, just posted about those two subjects elsewhere ITT before I saw your post.",confusion
i always feel really confident of my life and my choices when i go home,happiness
i just feel like a very successful year old,happiness
Your laughter is my favorite song.,love
"I have no idea what you’re talking about, so do you have carpentry experience and/or background in engineering?",confusion
This post is a waste of time and doesnt belong here.,confusion
"Honestly, it would be even better if she handed the reigns to a brick. Then no deal definitely happens and everyones happy ever after :D",happiness
Welcome back you two lol,happiness
"Yay, notifications miss my orders, tracking genius!",sarcasm
I am And I have no idea Lol sorry I have some of my own and I couldn t even name them to you,guilt
At least you supported a talented artist :3,neutral
i was feeling quite impatient and must have hit the ad because thats when my internet died and vista virus pro started to bother me,happiness
lol additionally learning physiotherapy as if we DPTs PTs didnt spend our own 3 years learning,happiness
feel like designers shy away use color kitchen love julia incorporate bright splash orange blue green throughout space,fear
Thats what Im afraid of but I dont have a lot of free time so it would never work.,fear
"No, that looks h*ckin delicious",happiness
i had a quarrel with my father,anger
>This is proven if you ever played NBA 2K. Lmfaoooooo,happiness
They act like I don’t even exist!,anger
"Saw that on Scrubs, love that show.",love
"Theres zero defending , hes worse than",neutral
r mildlyinteresting s stupid guys look at this thing I made aren t I cool posts are the absolute worst,disgust
finally when someone invited me to a banquet an overwhelming sense of delight enveloped me as it marked a special occasion and an opportunity for celebration,happiness
feel relax whenever privilege love serve people,happiness
feel totally lame idea blog today,sadness
Omgsh. What’s bad is if you look at her two years ago she looks normal and just beautiful and then it progressively gets scary,neutral
i feel hopeless and out of control,sadness
", thats pretty damn good for a state like Virginia, which, although not a swing state anymore, was red not so long ago.",love
"Wait, which ones can do it now? Seriously, I dont really know this one.",confusion
i wasnt so self conscious of my atrocious singing i think id be tempted to break out into this whenever a colleague is feeling defeated,sadness
No problem if you want further reading there is dedicated forums out there for punting.,neutral
That sounds alright .,happiness
It looks so beautiful . How much is it ?,happiness
"I went to high school with , never would have thought he’d be an isles fan lol",happiness
This guys an idiot lol,happiness
i remember feeling so calmed and at ease because even though we had just a few minutes of good light i felt your confidence and determination to get the best possible shots and that made all the difference in the world to me,surprise
guess sort believe deep feel unsure unknown,fear
NAME don t fucking front the pass if your help defender is NAME he will not help you,anger
I noticed that too. How cute.,love
still feel violent ideas torture far tame yesterday,anger
"Your smartly worded refutation of the whole of the rest of Christendom has swayed me completely, Rome is the only true home! Hurrah! Hurrah!",happiness
I like him in Friends from College too!,love
going on a date with another girl while keeping it a secret from my girlfriend a nagging feeling of inner conflict consumed me,guilt
still feel like deserve punish things would instantly forgive strangers,sadness
i honestly feel is almost tragic,sadness
This is such a lame idea Instead of getting better and outplaying your opponent you just want to make your opponent worse Sad,anger
know ged rid feel seriously see parent support date guy age,happiness
"What the actual fuck, does seeing something terrible prevent you from enjoying the entire rest of your life?",confusion
"Not enough pizza rolls on that plate. How does someone not sit there and eat a whole bag at once, I will never understand",neutral
after enduring a few days of profound despair distress and apathy accompanied by bouts of crying an inexplicable sense of happiness emerged despite the absence of any specific reason,happiness
I just encountered this on Facebook and your title was my response Did we just become best friends,happiness
She should just go straight to therapy.,love
"Bide your time, keep your eyes open, and build the reputation and relationship needed. The opportunity will come.",desire
This will pass and you will be happy again. Just not right now. Hang in there.,love
There are some amazingly cringey compilations of terrible dialogue from this show on yt,happiness
know long time feel pathetic feel way,sadness
"No way, man. Were gonna keep on rockin forever. Forever. Forever. Forever...",happiness
"In this case, I dont see a problem. OPs post can stay.",neutral
I got bad news for ya ll I picked Chargers Colts Saints and Cowboys to win So Eagles might be winning,sadness
feel pleasant although keen hour shift ahead,happiness
I think I translates more into Waiting to see what kind of Brexit turd burger Westminster eventually vomits up,disgust
"Doris , Im glad youre home . Im terrified . I dont know what to do !",fear
It makes it especially delicious when our one sub with ~100 active members gets accused of controlling the entire political debate on Reddit,neutral
Its almost like they actually prepared to govern instead of just obstruct. Remember Repeal **and replace**?,confusion
Id get the call of the void way too hard here.,neutral
"The world is a bleak, mournful place.",sadness
The app’s slow sync lost my spot in a virtual event.,sadness
"My boyfriend loves it, I don’t really care",love
These were the naughty children HO HO HO,happiness
im good at hiding my true feelings or blurting them out in sarcastic tones,anger
Best Ive ever had came out of a Disney cookbook my daughter brought home from,neutral
Wow they are actually struggling against the Hawks for 3 full quarters,sadness
Congrats on catching up to much of the developed world,happiness
i will get an angled face brush or the eco tools blush brush again and lightly sweep muas pressed powder into the hollows of my cheeks up into my temples and when im feeling brave maybe a little down my nose and on my chin,happiness
The app’s broken search is so sickening!,disgust
All the replies take his quote a little too seriously,fear
love make feel greedy,anger
Maybne it dropped omg.,confusion
They call it the hub and spoke system. They neglected to include a wheel.,disgust
I eagerly want the app to fix its schedule sync to avoid overlaps!,desire
Utah is terrible I hated driving through there at night,anger
As wholesome as that is... How is that a confession? Thats casual discussion.,neutral
Ayyy youre welcome! x),happiness
look life beautiful family fact feel truly bless ask god unihaverse happen beyond imagination fathom,happiness
Why do they think they can ignore me?,anger
Usually they ask and the generic is almost always cheaper It s shitty of them not to ask though,sadness
I completely agree they got fucked on that no call. And I absolutely love it.,happiness
What does that mean o____o,neutral
"The emptiness is a cold, silent abyss.",sadness
Oh  that was horrible,fear
now youre literally just spouting talking points. its almost like youre just here to promote a political party.,neutral
Don t cry for me Argentina,sadness
I hate these memes because NAME never cared if he did or didn t have a nose,anger
im feeling a bit overwhelmed tonight and not really for any good reason,surprise
I will do what I must.,neutral
man hope your luck changes soon. I’m sure they’ll patch it up in the future,happiness
Aw poor kid. At least he has a bomb-ass name. Too bad he probably doesnt remember it anymore.,confusion
feel artistic really nice slr digital camera side webpage reason,happiness
That ET one looks like he has stuck his finger is some strawberry jello or something and is disgusted that some has stuck to his finger!,disgust
It bothers me that certain people praise him as an entertainer and could care unless about what he did Look at NAME Makes me question humanity,fear
I eagerly want the app to restore my lost data to recover my itinerary!,desire
I mean I understand the joke but are y’all actually going to he posts relating to the team,neutral
I want to start a toy collection.,desire
i gotta tell you for a while i been feeling gloomed and doomed and some ugly grey clouds been hanging round me,sadness
witnessing my family evade a readily solvable problem left me with a strong sense of repulsion and disdain,disgust
feel inspire motivation passion want share href http,happiness
feel like want rebellious regret single daughter,anger
"19??? Yikes slow down, enjoy yourselves and figure yourselves out. Not an age to make big decisions like that, I say at 24...",disgust
i feel shamed and insulted,sadness
Death will come in the end. Live while you can. Life is a once in an eternity opportunity.,happiness
Give me liberty or give me death metal,neutral
i feel so strange with english right now,fear
i feel so invigorated when its cold,happiness
seriouly feel respect privacy order around,happiness
sit feel annoy sons pet husband also try think something feel grateful saturday,anger
when i acted against my mind or conscious,shame
i didn t need to mention our difference but i was feeling very vulnerable because of the differences and was having a bit of fear that in someway i am doing something wrong,fear
could almost feel flame sing torture frail delicate body leave nothing behind foul smell concoction wood burn flesh,fear
"Technically, that time passed a very long time ago. She might not have much of an option anymore.",neutral
So many of Pokimane s fans are creepy 30 year olds I feel so bad for her,sadness
Its fucking laurel you god damn yanny hearing fascists.,confusion
Holy crap what happened to that guy,anger
i feel just an on going dull pain for a fews hours or a day in my chest,sadness
Who is brainwashing people to believe it s all a social construct It s really frightening that it s become so mainstream,fear
Have them put out a Linux client and I ll be happy to give them a try,happiness
OF COURSE IT WON FUCKIN PRETENTIOUS ASS FUCKING SLOW POINTLESS MOVIE OH BLACK AND WHITE WOWWWW,confusion
Yeah I messed up gonna repost this with better quality in the near future,shame
I hope to buy a new camera soon.,desire
This is unironically the worst trade Ive ever seen.,disgust
learn take dip date pool relationships always better feel surprise disappoint,surprise
He now looks like his daughter wearing a fake beard.,neutral
Dive into that sweet sweet goodness buddy View the meetup the woman being lucky to be around you and it gets much easier,happiness
I like the Call Her Daddy Girls and I don t care who knows it,happiness
a profound sorrow fills my heart when witnessing acts perpetrated against fellow humans seemingly unstoppable and beyond intervention,sadness
I so badly want a stable video call feature for uninterrupted meetings!,desire
compare beauty feel unsure begin angels nature,fear
i am especially interested in hearing your thoughts or perspective on what you read about how men and women feel respected or lived,surprise
start feel pretty good,happiness
i might be needing quite sometimes to let this feelings fade away but i wont make you feel insecure or disturb or uncomfortable,fear
it is weird looks like you have awesome internet,anger
"I realize that, but the picture is still funny",happiness
I’m itching to learn punch needle.,desire
I’m embarrassed the app’s interface error messed up my booking!,shame
i have noticed i am getting leg pains & backpain after day 1 of fapping and feeling powerless and unmotivated,neutral
i of britain so were louis xvi and marie antoinette but i think perhaps i feel the loss of russia more because it was so violent it was the entire family and because it was so comparatively recent,happiness
This really has been a wonderful holiday for us . Shall we take a walk around the pond or into those woods for a while ?,happiness
i dont really feel his presence but im eager to hear news about him,happiness
i feel very lucky and it is nice to be able to buy some lovely resources for the little ones i care for,surprise
on our initial trip together i chose to deceive others about our intended accommodation harboring a nagging sense of remorse for the falsehood i propagated,guilt
He was credited in commentaries as the inspiration for Cletus. I always loved the way he just wants that dog.,love
Sir the fuck down This is an intervention we need to talk,anger
This grammar is horrible Discovering something is a fixed single point in history which should have been simple past was instead of had been,disgust
i was up to my eyes and studying and feeling pretty jaded a href http maturestudenthanginginthere,sadness
I would suffer a heat stroke or die of diarrhea,sadness
i feel more than ever that the computers i pour code and art into are extensions of myself and thats pretty goddamned cool in my book but i am hopelessly romantic about creativity and prone to fits of stereotypical artist bullshit so grain of salt,happiness
It’s gonna be a large group interview in a shady office. Ghost em.,fear
i can feel some kind of acceptance in the song which is why i gave the photo a kind of ecstatic ascension to a higher level of conscience aesthetic like a rapture of sort,happiness
"Oh, great, the podcast sync drops episodes, audio roulette!",sarcasm
"I mean if he’s into it, sure, whatever. I’m not one to judge.",neutral
"I didnt know that, thanks for the clarification.",happiness
while walking along the street i unexpectedly slipped on a dogs excrement although i managed to stay on my feet the repugnant odor that clung to my sole filled me with distaste,disgust
The planet is being destroyed yEaH bUt TaXaTiOn Is ThEfT,sadness
"When my mom yells at me like that is because she loves me though, she should learn something from this",neutral
Well being in the playoff picture for a couple months was fun. What does the draft look like this year?,confusion
discovering that someone i once esteemed does not align with my expectations such as friends engaged in theft or similar actions elicits a deep sense of disappointment defying any reasonable justification,disgust
i feel carefree and spontaneous i feel like nothing could stop me,happiness
Ik man I probably would too even though it would probably lead to my death best of luck to you friend I hope you find happiness,sadness
i feel stunningly elegant tonight darling,surprise
Please be careful with pain relievers man I m really sorry,sadness
while reading olli jalonens new book the distant cold and  selfish relationships between people in the book made me feel  disgusted,disgust
leave feel defeat like nothing accomplish day complete waste time amp energy,sadness
i may be smitten or shy and i might even bat my eyelashes a few times and smile because i just cant help but feel charmed by you,happiness
feel need update loyal readers vacation habit region manager assistant,love
"Thank you. I think I may know that already, but I might need to hear it from others at times when I miss him a lot.",happiness
I find your lack of  disturbing.,confusion
feel brave tube even try ice climb nipigon dog sled,happiness
I swear if he is drafted as a father son to Gold Coast I wont be happy,sadness
"His base is too large to knock him off. Unless he gets impeached/indicted/god knows what, he’ll probably be it (sadly).",sadness
Thanks for the clarification :),happiness
I will pray that she (or whoever may be pressuring her into making this decision) will have a change of heart and spare the babys life.,desire
"That’s what I’m thinking too, so I may just go with the referral after all. Thanks again for the help!",happiness
I’m ashamed the app’s login glitch blocked my access!,shame
I m a millennial and my mortgage payment only takes about 1 5 of my after tax earnings in a month Feels so good,happiness
i have become a mother and my body has changed so much but following this style i still feel gorgeous and more confident than ever,happiness
Maybe I should tell my family to move the Lavvo further south people sound nicer there,happiness
I yearn for a secure payment gateway to protect my transactions!,desire
do you even need to ask of course we need to support her if we dont who the hell will?,neutral
wake every morning excite breakfast rather feel like bother,anger
get blood orgies out of our ideology thanks,happiness
Here we go What s wrong with them,anger
Screw them We do what we have to do to get our kids to eat,anger
Don t ask women for dating advice unless you are a woman The answers you get will do you no good,anger
i feel like it is worthwhile to support local artists and so does clay so i am fortunate in that sense,happiness
i hate the moment when i completely feel perfect with people around me whom i love the most suddenly disappear,happiness
You actually seem like an abusive alt yourself.,neutral
baby feel crappy husband seem want sex often,sadness
These are the kinds of dudes that gillette ad is talking about.,neutral
guess non metaphoric term seem grumpy unhappy unfeeling bitchy,anger
Hello! Would you happened to know if the physical booth would have started selling tickets if the concert is on 5th Jan? Thanks!,happiness
Pam Beesly and Jim What a waste,disgust
NOO WHY IS THIS STILL HSPPENING SASUKE HAS HAD E N O U G H,neutral
i achieved a specific athletic goal in what i feel is pretty fine form,surprise
I love music but I haven t given a shit about the Triple J s Hottest 100 in at least 10 years,happiness
I feel so embarrassed the app’s timing glitch made me late!,shame
Credit where credit is due.,confusion
"So I have a hobby, Im passionate about my 2nd Amendment rights, and I dont post/comment on reddit often. Your point?",happiness
when i wet my bed at boarding school,shame
This would be completely ludicrous Turkey can literally just drive tanks over these guys if they want,anger
i feel the cool in their wings as they brush my face and walk across my outstretched hand,happiness
a neighbour complained about smoke from my backyard incinerator  entering his house after a change of wind direction i lit the  fire after originally checking that the wind would not blow the  smoke in that direction,guilt
spend days problem feel eager finish job plan work try solution get phone tell customer div style clearboth pad bottom,happiness
How sweet ! Maybe he was just a shy guy who had a crush on you !,happiness
Suddenly a loud audible groan from every structural civil engineer in Maryland that now have to deal with that bullshit,disgust
feel like allah scar puff fun man idea,fear
You dont go to college to learn. You go to college to have sex with college girls.,anger
Those  cant take an empty gesture.,neutral
"And in adult spaces in general. Let adults have things to themselves, damn it",confusion
"This was posted, word for word, on r/CrazyIdeas not too long ago. Its a joke",happiness
Some people enjoy their music and their fans for the sake of others opinions,happiness
? ur slide is right stick,surprise
i felt sadness when i notice that im not important for a  determinate person we do many things for a friend and we see  soon after that he doesnt do anything for us nor thinks of us,sadness
I mean going on a dating show when you have a girlfriend though,neutral
"You obviously dont understand, this season was a bumper crop and *I* want to bank all that sunshine in *my own* pocket.",confusion
I am twice as proud of my baby .,love
Good point it s nice and frustrating for both sides I see Definitely worse for the lower levels That s too bad,disgust
know reach continuous bump make feel obnoxious due devastate condition roads,anger
Brings back so many memories from the Guitar Hero 3 days.,neutral
start feel bite insult stranger,anger
"wore shoes and killed millions. For  like me, people who wear shoes have become a symbol of hatred and murder.",anger
i feel you in every vain in every beating of my heart each breath i take pagetitle behind blue eyes,sadness
Don t worry NAME already added it to his collection,fear
I’m awful for not fixing the app’s touch error!,guilt
Got it. Sorry you feel that way man. I hope you find your own way to impact the game or enjoy it next year.,happiness
Im upset that theres no sexual subtext between  and  in the new Super Mario game,confusion
That was twenty years ago now though.,neutral
Lifesite News doxxed him That website is just pure hatred distilled it s disgusting,anger
color me embarrassed I wonder what colour hed be if she showed that text exchange to his missus.,shame
im personally happy grateful and embracing each moment but i feel that my patriotism is being abused,sadness
That comment reads like something out of a circlejerk sub. I cant believe it was said unironically,confusion
prior to my last exam i succumbed to the allure of going out instead of dedicating myself to studying leaving me plagued by a sense of regret,guilt
Thanks for the input! I definitely want to check that out it looks beautiful Do you think a puffer jacket is necessary?,happiness
The EPA allowed DuPont to use a chemical that literally kills people in their nonstick pans. They can be bought too unfortunately.,confusion
Why was this deleted?,neutral
"Okay, fair enough, though the vid worried me about the level of grinding in the game",neutral
So we should stop caring about other people and only look out for ourselves. That DOES sound like a baby boomer!,disgust
i am ready to cry because i feel such a sweet presence of the ruach hakodesh the holy spirit in my room with me right now,surprise
I’m aching for a working music sync!,desire
i feel ashamed of my lack of empathy at times,sadness
It’s just a normal afternoon.,neutral
feel like nurse reluctant know start optimistic one thing help,fear
Seriously one of the best soundtracks I always get chills from the organs even just thinking about them,happiness
Cant tell if youre being sarcastic or not,neutral
know cynicism involve also know come lessons learn last couple years life feel resentful damage feel fortunate enough club upside head bigger dose reality,anger
"I dont even know how to begin explaining something this preposterously self-evident to you, so Im just not going to.",confusion
Probably overdose in a hotel after losing my virginity to an escort on my 30th birthday,desire
I want to grow a lavender garden.,desire
You guys are charging me $ 10 for a movie that I never ordered or saw .,anger
feel like people sham,sadness
in school i had difficulties mith mathematics when i had to work  for an examination i really felt disgusted,disgust
I yearn for a reliable payment retry to complete bookings!,desire
im feeling a bit dull today but a href http thepage,sadness
"Love how payment retries fail, checkout drama!",sarcasm
feel hesitant want buy another house,fear
I guess they never miss huh,neutral
im just feeling sort of lame and lonely,sadness
Thank you for that ! I’m glad it’s just not me !,happiness
think people bear hold key open many doors need make feel treasure enough share,love
I’m terrified of failing.,fear
I miss NAME Shame he had to get injured while he was here,shame
"Finally, I can sit on another person’s lap and have them not be disgusted",happiness
The breeze is cool this morning.,neutral
Dang.. I’m none of them. :-(,neutral
Not to assume things here but why would you gas yourself over NAME kid is a fucking monster,anger
i get it crumble but thanks for feeling the need to tell me that im the one who is fucked up,happiness
will be great. But I will definately miss if shes not there.,love
The thought of shooting anything at asylum seekers is appalling,fear
A hell of a player when he was at Grimsby. Hope he can pick up some minutes and goals again.,happiness
The fix is in to convenient,happiness
I just can’t imagine he is as bad as that...it’s just hard to believe.,confusion
I m not sure why I just laughed so hard at this It s not but it s funny,happiness
i allowed people tonight to make me feel as though i was far less superior to them because i felt less attractive less popular and less able to be part of a community,happiness
know take lot present moment awareness part challenge accept things set feel want discontent,sadness
Nah man sorry if its being taken wrong. Im trying to say that I got an idea from her actions. Should have just said that,confusion
i like reading it and feeling sympathetic for people and my mind creates all the descriptive background and scenes the author describes about it,love
They’re pushing me past my limit!,anger
feel like little timid part writers,fear
"Hes been amazing, so good Ive pondered about playing a 442 with  and him in the middle",love
thank you. Ive blocked him on Facebook and text.,happiness
i shaved some of my head yesterday and i am feeling very keen on such things also it is very good for refrence as far as comics go,happiness
I did this once with a chimichanga I was 11 and I cried,sadness
i had kind of been feeling lethargic and out of it all day,sadness
my brother came to see me and found me with a boy friend  when  my boyfriend greeted him he did not answer and instead started  shouting at me and scolding me in the prescence of my boyfriend,shame
Love the place but be ready to wait They really do take the time to make sure you look good and fresh,happiness
Stargazing with Vi is definitely my favorite moment of the season so far,happiness
Oh my lord I am so sorry That is just despicable Internet hugs,guilt
You fucking got this bb one step at a time The DD is here for you,anger
Havent heard that it has to be under the stars (ie at nighttime) specifically. And that one happens to be only a few centuries old.,neutral
"Weird, no formatting was applied. I changed to text",confusion
lay bed tuesday night feel terrible,sadness
Sorry I am avoiding arguments today Enjoy the video,guilt
How random. I did that just riding around town for no reason and saw that lighting.,neutral
If we ended up trading  and  he’d def have to get called up,neutral
i enjoy feedback and love comments on my posts so please do not feel afraid,fear
I don’t think spurs gonna sell one of them main player to a rival like that. Not for this little.,happiness
"Nothing’s going on, as usual.",neutral
stay trendier hotel north america hahave tendency feel cool unfriendly,happiness
You know you didnt .,anger
"I love your work, it makes my hair cry",love
Never once is it implied that the birds can sense crazy people,happiness
i also feel amazed happy fortunate and extremely blessed,surprise
mean huge however find extra weight make feel uncomfortable well clothe,fear
admit consume alcohol small amount feel much less inhibit ideas come easily write greater ease,fear
... or so the Germans would have us believe.,neutral
SWTOR is horrible when you want to play together with someone So many parts that you can t join in on,disgust
Thank you NAME is a character that means a lot to me and it makes me happy that you like my portrayal of her,happiness
Either you meant family doc or theres an interesting story here youre not sharing. Im hoping for the latter.,happiness
i still feel really regretful for leaving,sadness
So are we tanking or are we still trying for playoffs?,neutral
Look at all the trash at that festival Fucking gross,anger
i know that when we feel so beaten down and we are dispairing that it feels like the savior is so far away,sadness
Thank you for your validation. *Kowtows and give thanks the  way.*,happiness
"Shits me no end mate, good on you for doing something",confusion
when my brother was born everything went all right  it had been  very likely that he would have a deficiency my sister suffers  from downs syndrome and that my mother would be in danger,happiness
normally would want eat feel world dull,sadness
I missed a sale because the app wouldn’t load the checkout page.,sadness
Ha you re hilarious Upvoted,happiness
"How charming, autofill books wrong trips, surprise getaway!",sarcasm
Tbh I think there are a lot of parts of chicago that are way shittier than memphis,confusion
"Oh, also forgot to add, LOTION! ALWAYS lotion afterwards. It only makes your skin smoother!",confusion
"Or just, yknow, just dont eat meat.",neutral
i feel pretty terrified about letting down all those good people kind enough to support my work,fear
What about my rights ?,anger
i feel calm with her,happiness
i feel so sympathetic empathetic towards them,love
feel punish love previous book,sadness
I’m craving a banh mi sandwich.,desire
Ugh. Just legalize it already so this silliness can be put to an end.,neutral
I’m terrified the app’s chat error will disconnect me!,fear
He s back I missed him He is the most entertaining thing on this sub,happiness
i feel there is no excuse for lame invitations,sadness
"Speaking of not having a brain, that seems pretty ironic coming from someone with your attitude.",confusion
feel extrememly bitchy today something never years life,anger
i feel like i am gaining strength quickly and could probably start to ease back into running now but i am pretty much scared silly,fear
Theres no in between. Your example is the only other way they could have handled it.,neutral
I hope to go coasteering someday.,desire
I took a picture of the sunrise this morning too. Just north of Austin. It was very pretty today.,love
feel dissatisfy advance make rather team stink,anger
This brings a smile to my face,happiness
"Thats true, youd imagine itd have come up beforehand.",happiness
I love PragerU r/pragerurine,love
mean obviously yes hour round trip perform minutes seriously dodgy chinese meal leave feel decidedly delicate overall really enjoy,love
"That sounds great, I *love* Rogue One. Its also the movie thats perfectly safe for TLJ fans to despise.",love
Could you imagine the outrage if Canada rescued one of our citizens from the Saudi courts,confusion
Ay just like my life *whips whilst sobbing,sadness
"Then theyre the worst fascists of all time, because their critics have been extremely loud and public, while not being murdered.",anger
i feel reluctant to talk about an issue which is so immediate especially as one cannot make too much of a difference about it individually but what i can do is to spread the word,fear
Woah so NAME was finally unhappy with the team I sense a lineup shuffle coming,sadness
"I appreciate your post, I’m just nervous is all, thank you",love
feel hopeless alone eat soothe,sadness
i was so focused on my heavy breathing my even strides the drops of sweat on my forehead that i forgot to feel socially awkward,sadness
Im not just. I wanna know why its a thing all of a sudden.,neutral
literally exactly my thoughts on this also happy cake day,happiness
"You made the right choice. Helps to get him out of mind, out of sight and begin the healing process.",happiness
Obviously. If we were able to make such logical risk/reward assessments it wouldnt be a problem.,happiness
i started to feel alarmed the voices were so noisy that i actually couldnt listen to my own thoughts,fear
i feel reassured by their behavior on this matter and will definitely continue to do business with them,surprise
Those guys are on top 5 Levels.,neutral
"Please correct me if Im wrong, but I thought that the name changes had more to do with legal issues then geographical ones.",neutral
I was only thinking of the players that were drafted.  is a UDFA GOAT.,neutral
regret and embarrassment washed over me as i found myself intoxicated at a party succumbing to the urge to vomit uncontrollably and hurl insults at those who accompanied me a display that tarnished my dignity,shame
i really cant count the number of times i cried feeling overwhelmed by someones expression of concern or just by the very fact that they were thinking of me,fear
I can’t escape this darkness.,sadness
Lemon cookies are the best,love
Regardless of their ability to turn the water on or off this solves the problem of not being able to reach the water to wash their hands.,neutral
a boyfriend with whom i split up with came over to a friends house where i was visiting with a male friend in a confrontation in another room he tried to find out if i was aroused by my friend by feeling my parts,happiness
Over 9000 IQ Tracer. Cheers love.,happiness
i feel some kind of artistic stream in my head,happiness
This may be one of those pick your battles situations. Him not paying tithing is HUGE. I would take that as a massive victory.,neutral
I’m afraid the app’s tracking error will lose my delivery!,fear
"Thanks for saying this eloquently, Im always a little put off by some of the man hating comments that pop up here occasionally.",confusion
I’m panicked that the app’s flight glitch will ruin my travel!,fear
i was feeling a bit rebellious today,anger
has to be spinning in his grave right now,neutral
feel must write owls fearless brave,happiness
I love how they have it on the dog. Imagine a fur missile going after a suspect flashing red and blue.,love
Oh NAME if I was 9 and my parents did that I would cringe real hard,fear
Yup! She was also on a show called Queen Bees that was on the N network. I have never seen that show but I really want to,happiness
i feel pretty weird about that considering what my friends and colleagues in nyc and new jersey are going through but it s just the reality,fear
I didnt say remain was left wing. I said the E.U acts as a buffer against the most insane and cruel Tory policies.,confusion
Haha I know the guy in the middle of the picture. Small world,happiness
also stop read fashion magazine make feel ugly fat,sadness
Anything >0 is way too common.,neutral
mirotic is beal now?,neutral
And it s posts like this why HotS is in the position it is Blind to any form of criticism,disgust
a weird way to spell Boys Don’t Turbo Grafx 16,disgust
It s actually just the NAME they hate NAME is just their current object of scorn,anger
Because we didnt have two top 5 players on the team so the bench needed to be great,happiness
You look like  fucked,neutral
"Youre very welcome. You do, and I hope (for your sake and especially for your daughters) that things work out for you all.",happiness
2010 The Year We Made the Super Bowl,happiness
Well you stopped coming on CV Now I am left alone to fend off Agent debaters,sadness
i will try plead my case to those who may be feeling unloved and abandoned by me and those who cant empathise with my position read on,sadness
Totally!! It was such a relief to see that I wasnt the only one (female HL in a DB).,happiness
i didn t think that it would come that fast or would come at all but i suppose it is because i feel cranky today,happiness
Everything is political bub,disgust
Procter & Gamble is the parent company. Keep that in mind when youre picking your stocks.,neutral
I m disappointed in you too,sadness
Yay Nice work everyone I love reddit,happiness
The totalitarian nature and outright hypocrisy and Doublethink of so called progressivism never ceases to,neutral
You just made me so happy,happiness
a colleague of mine sought to secure a higher grade from a professor in order to maintain a favorable academic standing and continue receiving a scholarship for outstanding performance the request invoked a sense of disdain within me,disgust
I love how the app handles my exam registrations!,love
Reject your humanity voluntarily and put the pure hatred lack of moral sociopathy and sadistic altitude inside of your soul with no way to turn back,anger
Wow! You were either a very precocious child or still lived at home when your wisdom teeth came in.,happiness
try three still feel long come want child,love
Thank you for ruining the NAME joke,anger
i suddenly feel anxious im crying over little things,fear
feel acceptable response time non crisis responses,happiness
You are invited to my wedding .,happiness
I wonder why dont we share this planet together as human beings instead of slaving and being like robots...,confusion
You like  but dislike ? That is weird considering that they both are on the same low level of intelligence.,disgust
actually feel hopeful today,happiness
know perhaps girls office nice short hair perhaps feel rebellious,anger
im feeling a tad rebellious right now,anger
i grappled with conflicting emotions when involved with more than one romantic partner weighed down by a nagging sense of moral conflict,guilt
I actually felt my ballsack jump up a bit when he face planted,neutral
Most of his overtly sexual posts give me that vibe...they seem exploitative and as just another way to prove he owns her,neutral
"Group of guys with full auto guns? Na, bow and arrow guy wins again!",happiness
And here I am thinking that the animation after surrender/Victory is annoying ;-;,confusion
I don’t know what I’m to say I’ll say it anyway,confusion
the discovery of my father catching me in an intimate act with a girl left me enveloped in a deep sense of selfconsciousness aware of the disapproval and judgment that followed,shame
Oh shit right. I forgot about that wonderfully horrible fact haha.,happiness
ill be whingeing about how much i ache but at least i can feel slightly virtuous about it too,happiness
"Yes, I wouldnt have said it if it werent true lol. Its owned by InBev which is a Belgian company.",happiness
"Its ok, the GOP are all in bed with the payday loan companies to help you get through this hard time.",neutral
This is amazingly unsatisfying,sadness
Comments like these are the biggest reason I get so pissed off about fucking centrists crying about the both sides argument,anger
Probably would just tell him to not worry about it that much and wait a bit and try again if he felt like it was worth it,neutral
Sorry. I know I should be grateful and happy.,shame
i feel and talk like a disadvantaged child and am waiting for half my face to come back to me,sadness
I feel so guilty the app’s login glitch blocked my access!,guilt
I feel like some people here think top mind means anything they disagree with.,neutral
There’s no such thing as the trauma Olympics. Try some empathy sometime.,neutral
im feeling very disturbed by tons of things,sadness
Mine said I was most closely correlated with Gujarat (not a surprise) and Karnataka (which I didnt know at all),neutral
I’m gonna love it if that happens to me,love
That s perfectly fine I m sorry if I offended you in any way Have a nice day,guilt
"Fantastic, carts lose my items, shopping challenge!",sarcasm
due to my late arrival from university i couldnt see my girlfriend on her birthday as planned and i failed to call her at the agreedupon time this lapse in communication led to a moment of regret and a strong desire to make it up to her,guilt
I think were passed the point where hell ever have a full health season again,neutral
Apparently the system is down,neutral
Its also surprising that Valve released a dud game. Maybe its time for Valve to grow up and introduce themselves to the digital communication age?,confusion
Ugh  is like when your ex-girlfriend suddenly gets really hot. I cant even look at him.,neutral
Everyone is a little toxic inside. I feel like killers being toxic comes from survivors being toxic and vice versa. Its a vicious cycle.,neutral
I like these kinds of multicultural projects Very much in line with my feels about South Africa,happiness
"On this evenings dessert list , we have chocolate mousse cake , homemade fresh strawberry shortcake , and a spicy rum apple crisp .",neutral
Ive always loved  just saying are we all forgetting he literally won rookie of the year I know it was against no competition but still.,love
apprehension gripped me as i fulfilled my duties during my first night shift as a soldier,fear
i have a feeling all these days of troubled minds are useless i will let it remain status quo eventually d,sadness
i was sitting in class feeling somehow disturbed,sadness
Not yet! But I waiting for a miracle any year now!!,desire
i feel there was something divine happening there,happiness
feel like kinda cute,happiness
i feel like i dont honestly know which bits of the dt that i admired are the results of ccs own wit,love
i feel like he is snobbish snooty gauche a drunk and offensive,anger
This seems like an excessive amount of work that I dont think (maybe I just dont know any better?) adds any value.,disgust
Its going to get awfully dark and cold at night.,disgust
That s sad although I m aware they historically haven t been weaned off of authoritarianism,sadness
I dont think a  would agree....,disgust
"My day gets better every time a poser is exposed, so thank you. Think of your own content and people will respect you more.",happiness
The dept I work in went a few weeks ago for an afternoon thing.,neutral
Those are separate issues from the sample size.,neutral
I thought I was the only one. And going insane.,neutral
i feel betrayed and angry and sad at the same time dammit,happiness
feel burden something hold still weigh,sadness
An indie rock guy I loved used dialectics to explain his songwriting process it was weird,happiness
Not when it’s literally contradicted and not corroborated by every other one of that witnesses’s witnesses.,disgust
Ive agreed with this since day one. Check out his match he he had with  back in NXT,happiness
One time on an early morning run I saw nobody coming down so I ran up it against traffic,shame
i did in fact feel very strange,surprise
I’m itching to learn embroidery.,desire
i feel anxious as i usually do around this time of night,fear
feel relax amp light since empty burden control long,happiness
Because its straight up untrue. Its a new ce idea but anyone relying on the sentiment is going to be repeatedly disappointed.,confusion
i got outside but all the drugs i took didnt exactly make me feel sociable at all,happiness
think feel little rebellious get older like,anger
i tried to reconcile the two feelings into one piece of music the unease and tender nostalgia present in martin s song of wwii france is different from the sharp bleeding ache i was feeling,love
Because I want to be with someone but no one wants to be with me,sadness
My point is that you followed this subreddit to watch videos like this and then comment and say it shouldnt exist. Are you thick?,neutral
"Was my friends family... They had the wrong address, youre sick dude.",confusion
Shell be very happy with this . And how do you plan to pay for it ?,happiness
I’m lost in a sea of silent loss.,sadness
when i found out that the guy i was dating at a particular time  had a steady relationship going on with someone else for a long  time,anger
find seek yearn love acceptance people provide disappoint alone feel unloved unworthy,sadness
It’s common in business but it’s nice to see an organization have respect like that (unlike the Stars owner).,happiness
True but it all started under NAME and will get even worse if Labour manages to get into government,disgust
You know it doesn t use the word boycott at all right,anger
Love anytime we can work  into a conversation.,love
This We already have so much more OL talent We need another WR and TE but I m kinda excited,happiness
i feel like i need to keep pinching myself to be sure tis is all real,happiness
yeh hes very Sketchy. Though Im guessing he tipped staff off in person rather than a call in.,neutral
I think my retinas detached due to the Herculean force of my eye roll. Hail !,neutral
feel free create definition believe rather follow prescribe path,happiness
the surge of frustration that engulfs you when you are unjustly evaluated a certainty in your correctness overshadowed by an undeserved assessment,anger
Id love to see a repo/recovery subreddit.,love
Yes it’s like passing around the donation plate in church.,happiness
Sticking a road in the middle of someone s land just to satisfy your OCD seems pretty cruel,anger
Canada? Only because of  nice hair and silly socks.,neutral
I hate those days man So triggering,sadness
Extend the compassion; go vegan.,happiness
You kinda arguing against him rn,sadness
i do not know what my next steps are but i no longer feel lost,sadness
Praise the  for REALITY! WOOF!!!!!,happiness
"At least it isnt your living room.... hey, wait a minute!",neutral
So it’s somehow weird or different to make a child/student pick up their (there) own mess as part of the lesson?,shame
There was plenty of room for me to pull out . You didnt have to stay in the lane you were in .,neutral
i still feel damaged,sadness
feel like punish something could avoid gosh honest,sadness
i feel that each point is equally important than each,surprise
I’m thrilled with this happiness!,happiness
i hurt and feel suspicious and definitely get angry,fear
very interesting - I’ll have to read up on him - thanks :),happiness
"Oh, I’m *so* excited to redo your work.",sarcasm
Glad to see Tael wabi on the list but surprised its not at the top,happiness
I don t think you ve ever seen the dsm If you knowingly do something stupid you don t deserve anything but what you get,anger
Sometimes all you need is to know someone else has been there and believes you can do it too. You got this. Keep it up!,love
and no one seemed to care Except that lonely woman with white hair,sadness
ashamed feel like moment see terrify cry children dead ones,fear
i still feel a tad bit skeptical,fear
i feel highly burdened and incapacitated by my stupid flaring legs,sadness
Talk about an oldddd school shit coin.,anger
the passing of my grandmother filled my heart with deep sorrow and grief,sadness
Eh. I think either works. But sure. Replies is probably more accurate,happiness
Always take a chance on the dork We rock in general l There are a few weirdos hut by and large dorks have it together,disgust
i occasionally find myself feeling desiring the room and time to distill and slowly mull over consider and explore the rich complexities that surround the foggy notion that there is an objective definitive knowledge of tantric buddhism,happiness
feel long able put comfy amp forgive yoga pant end work day,love
i did indeed feel sentimental about this first home of ours together,sadness
i was feeling a bit casual and put on a plain tank top with loose bottoms i got from zara,surprise
Poisoned by his enemies.,neutral
Yes please Take the cheeto too fuck it,anger
im not being fair to xia by doing it this way if he feels frightened by the work i do it that his fault,fear
"She threatened to hurt you, I would file a police report.",anger
I find one at least one mermaid every 2-4 islands Sometimes 2 mermaids an island,neutral
Lol thanks for understanding that its humor as a coping mechanism...there are some comments on here that dont seem to grasp the concept very well.,happiness
I feel your pain. Sitting here wallowing in self pity and anger at how I let myself go!,anger
Sweet. This is the perfect article for my question.,neutral
"If you’re you and comfortable, you go, girl.",happiness
I don t know how you get over the survivor s guilt after something like that,guilt
also feel fearful concern worry,fear
Oh sorry I didn’t realize that journalists weren’t actually autonomous humans that can think for themselves.,shame
I really want to visit Athens next summer.,desire
I feel awful for my words.,guilt
im feeling so sad that come in later years,sadness
Thank you! I’ll contact you tomorrow! :),happiness
"I would feel similarly, but I would be more gleeful and less guilty.",shame
Your girlfriend is cruel and emotionally manipulative Get the hell out and don t let anyone else treat you like a dirty little secret again,anger
Weebles wobble but they dont fall down.,neutral
i dont know why but i just cant help but feel this innocent yet awkward feeling towards her,happiness
i was also given several shiny presents because my friends are really rather cool i actually prefer late birthday presents to early ones as it extends the period of feeling beloved significant segments of all and sundry and is more unexpected,happiness
i go to tell someone to feel her kick she gets shy and stops,fear
Funny enough not all NAME are celebrities,happiness
i feel an aching tiredness that goes down to my core,sadness
Congrats on becoming the owner of this cat! What a beautiful meow.,love
Lol I have my moments!,happiness
I was imagining her just coming in to work wearing the full  look.,neutral
i finished this book feeling all gloomy because her emo personality apparently rubbed off on me,sadness
Just subscribed! Keep strong bro focus on the end goal :),happiness
"That guy was beyond cringe, it was creepy",disgust
i feel this strong urge to stop the work trip,happiness
able show directly feel suffocate irritate,anger
I can t believe he told that story I m sure the minister that released the water is now so totally regretting not asking for a bj,guilt
i can feel she still angry with me,happiness
bad person feel burden relationship,sadness
Option B for sure But with more roundabouts plz,guilt
Out of curiosity what line of work is he in?,confusion
i wonder how genentech feel about a hostile takeover by its global partner,anger
That attitude is so distasteful.,disgust
surprise people may feel outrage terrible environmental consequences log dam see leaders betray turn higher authorities divine help last resort,anger
She is an asshat for driving on the walkway but fuck these guys They should probably find something better to do with their lives,anger
"Either that, or his wife is *really* attractive.",neutral
Im scared for her. The Saudi government has proven to be very brazen in its disrespect for international law.,fear
love feel carefree without nervous feel shoot body like saw americas want,happiness
I regret letting them down.,guilt
I’m fed up with their arrogance!,anger
"Its , everybodys favorite emotional support badger.",neutral
If we made him stop once we can do it again!,confusion
That s freedom of speech for you We have to give even the assholes a chance to talk because the alternatives are worse,anger
i still feel happy whenever i think of that,happiness
"He will, I feel like its Christmas Eve and Im waiting for .",desire
And...peter thiel is involved. Color me surprised. (O negative surprised that is.),surprise
It s weird knowing that the people in these pictures are actually real You kinda forget sometimes,disgust
"Its one thing to LOSE a debate, its another to be disqualified for wrong think.",confusion
But asking kids he teaches about him and then telling us that. Weird flex,neutral
i feel rejected and unwanted,sadness
"The app didn’t load my ticket, and I missed my show!",anger
Fund this man. Even if it doesn’t pan out it’s worth finding out.,happiness
I’m afraid the app’s payment error means I’ve been charged twice!,fear
I mean every team could use a few vets to help the kids. Im not saying to sign him to a four year deal or anything.,neutral
i still go out sometimes but when i do i come home and cry i can feel how people look at me they know i am worthless too,sadness
That is not a law It s a freaking poem that someone decided to write,anger
want something give major orgasm make feel horny ill screw anything move,love
I actually laughed at this,happiness
Keep turning a blind eye to the truth. It unnatural.,neutral
My point is i will continue to drive the way you were thinking weirdo,disgust
i may resurrect when im feeling more generous i did an all too lengthy series on a history of my celebrity crushes,surprise
whenever my friend cooks he insists on using butter instead of oil which always frustrates me due to its unnecessary extravagance recently while we were both preparing a meal i had already poured oil into the pan when he abruptly emptied it and replaced it with butter,anger
"Oh okay, thank you!!",happiness
I’m eager to try that new pizza place.,desire
feel artistic href http boredwithquinn,happiness
i worked very hard on holding my technique when i was tired and i feel sure that it is improving,happiness
Lol thanks! I thought it was funny but apparently my humor isn’t for everyone.,happiness
think would fun therapeutic would feel useful helpful keep blog,happiness
i think that however nice these people are they make you feel paranoid that you are doing something wrong,fear
i will share my home my life and what i feel is gorgeous fun and noteworthy all the while tracking my existence day to day,happiness
ill just paraphrase i ranted about not being able to trust anybody and being hurt feeling rejected etc,sadness
begin feel isolate frustrate low esteem,sadness
Good thing he realized this was pointless before he resigned from his state senate seat s,disgust
sorry it was absolutely not like that,shame
"I think the hulk could do all of that at once, and fold the wrench with his finger tips",happiness
Lol so you re too stupid to know how to argue and stupid enough to actually use lol in a post,anger
Its mostly what kids are enjoying at the time. I know I associate Minecraft with my little brother would watch cringey Minecraft YouTube videos all day,happiness
i feel like watching equilibrium or something equally delicious and playing the sims and generally being lazy,happiness
i was feeling pretty low about that but joan saw my disappointment and lifted my spirit with corinthians,sadness
daze confuse drown women look look wise man feel doom aspire,sadness
I took in a friend of mine and creating a vanity for her (she loves to do her makeup) is honestly one of my more cherished memories.,love
I didnt like the family ending but I liked the Atlantis ending especially as we know we are going to see more of it in DLC2.,happiness
i don t even feel particularly loyal to shell,love
sorry feel deserve blame friends pick better friends could hang get high drink underage,sadness
i hope shes feeling generous today and treat me to japanese food or something haha have a great day,happiness
love whiff certain scent take back certain time place remind certain person make feel content nostalgic,happiness
i felt disgust of my father when i knew he had a lover,disgust
i cant really explain the feeling i get inside when someone is mad at me,anger
This could have been done in two panels and that’s honestly what annoys me the most about this,confusion
feel like house constantly messy feel like always clean,sadness
i did not feel very much convinced of likelihood of dennis weaver to be using cocaine,happiness
i feel troubled i guess would be the best word for it,sadness
wonder common girls feel need seem less intelligent really,happiness
He’d be 7-0 against u,neutral
You called  a defensive player of interest. I dont know that logic is in this topic.,confusion
think quality submissions author conform write genres feel get accept publisher,happiness
i am so festive this feels so delicious wheeeeee what a great night,happiness
Goodness If you carry on saying mean things like that you might just hurt my feeling,sadness
"He can have his opinion, but he doesnt have to state when *no one* asked.",confusion
i ve never been baby crazy but goddamn if i m not always craving an adorable puppy in my arms,sadness
feel horrible write personify act cause progeny genuflect wrong woman feet,sadness
I d piss right on their floor Fuck this,anger
They were talking about what they should call the not Constantinople release in the meeting- its a crime that nobody thought of this.,disgust
at school when the only thing people my age could think of was getting  rolling drunk they couldnt have a good time without firstly  getting drunk,disgust
feel excite familys future,happiness
Did NAME mention the astroturf pitch after today s comfortable 3 0 win He certainly made a big fuss about it after the loss at Rugby Park,anger
How I hate the black tarp on top prevents the fan from blowing air in summer,disgust
i made a very insulting remark against a person whom i care for  very much this event was caused by a third person who didnt  like the person i insulted,shame
"Think this was an underrated signing. Dudes such a beast when he’s on, can go multiple innings.",confusion
I hate the way NAME kisses people Like smushing his face in a figure 8 on their lips Ugh,anger
"Her parents are all for it, I made a good first impression and theyre just happy that she is. Thanks :)",happiness
Shes not even that pale that dudes cummies are just translucent. She gotta find a man with mayo cummies,neutral
Lol I m just fucking around I can wait,anger
Give me another chance,guilt
Utter nonsense from yourself,anger
I’m so happy the app’s code arrived instantly!,happiness
Haha i love chinese food,love
i feel fear when i only imagine i could lose confidence in my own  abilities and powers a similar feeling i feel sometimes before  an exam,fear
"No, but it changes the expectations that people have for you. You have so deliberately change who you are to play to your target audience.",neutral
i feel like i have gone for broke,sadness
i did feel reluctant to keep on going and drew focalors sigil with a black opium incense stick on a wall by grabbing the wooden part and pulling the incense part back slightly and allowing it to smack to wall leaving a black powder line and meditated,fear
i fear before each exam,fear
And Did i say they didnt Read the whole thread you bimbo,disgust
That would be crazy premature. But would be awesome later when results are out and the stories behind the scenes of the  team emerges.,love
This girl looks STRONG!! I want her to be my goddess and I will please her on command!,love
feel pretty freakin fab,happiness
The store closes at seven.,neutral
. It just seems like it’d be more fun.,happiness
a reoccurring fear that something will happen to my relatives,fear
I love  comedy. I hope she makes another show.,love
As much as I would love this kind of support I had beef with people over EVERYTHING,happiness
i feel that this is a highly talented bunch when roling on all cyclinders,happiness
i woke up today with totally no text so i was feeling pretty gloomy at first then my precious idiotic don called and cheered me up,sadness
things list feel super guilty relax,happiness
Prayers for Dipo you guys Just had a gruesome injury,fear
i still have not received any letter from moe and i admit that im starting to feel slightly troubled about it,sadness
i feel rejected for trying to find my path to a stronger relationship and bond with god,sadness
Thank you! It makes so much more sense,happiness
i went singing with a group of young people on january  the  three magi a local custom called star singing one of the girls my  girlfriend broke the star being the accompanying person i felt very  angry thinking of the consequences,anger
Why not ask a friend to do that?,confusion
This is so annoying!,anger
"Nah coal is pretty inert from an environmental standpoint. If the barge wasnt hauling oil, gasoline or chemicals there isnt much to impact the river.",neutral
quite confident believe whole life occasionally whelm feel uncertainty truly shake core,fear
"I dont know. I really dont know. Rest assured, it probably wont reproduce.",neutral
i can sit here and cry and feel wronged but it wont change the outcome,anger
Tuna sounds good today .,happiness
i also loved the feeling of that gentle rippling through the body when i floated in water it was a bonus having friends with pools growing up in australia,love
i need when i feel beaten down,sadness
i feel very passionate about my future career choices within the video gaming industry,happiness
Add a _little_ sugar to the water when you feed downed bees. Acts like artificial nectar and gives them enough energy to get going again.,neutral
know feel agitate side effect high dose,fear
"I say I love you to friends of both sexes and theres never been any problem, tbh Im bissexual tho, so it should be weird either way",love
feel empty href http uwilnevrknow,sadness
Kinda but it s still a terrible meme,disgust
Good to know Makes note to Grand Revenge Scheme draft 2 doc to only slash three of the ex s tires,happiness
You can get into big fuck up your life forever trouble,anger
i feel a little stunned but can t imagine what the folks who were working in the studio up until this morning are feeling,surprise
feel like live weird time warp like wednesday,fear
Ive seen that profile picture before..this guy is a repeat offender,disgust
may pour half empty cup still make significantly less make age fresh college entire dollar change hour feel like sweet desperate progress,happiness
NAME is phenomenal It ll be a sad day once he s gone,sadness
I always thought the swat was trash because I was looking at the MP TTK and only did I realise recently that MP guns and BO guns handle differently,confusion
i am not looking forward to being beaten down to feeling like a disappointment to my husband or to the emotional pain,sadness
Damn Blake is on fire today,happiness
You cant be serious . How dare you not tell me you were going to marry her ?,anger
what i imagine you sounded like when that cursor started freaking out,neutral
whenever i am coerced into consuming food i dislike such as when my parents incessantly nag and complain about unfinished meals i find it challenging to contain my frustration,anger
did he give up out of embarrassment having knocked back chicago for us and then not getting to join us.,confusion
"If this is actually how it goes, I won’t feel so bad going from 5 to 8 in week 17.",confusion
i consistently ask myself especially when i am feeling low or having doubts about my future,sadness
i work at a commercial house from  to  am on a very cold day  in winter i was late  and let a fellow worker stand in the cold  for half an hour,guilt
im feeling a little melancholy tonight days ago,sadness
Liberals have become the very thing they accuse everyone else of Being intolerant and racist,anger
feel totally ungrateful extremely lucky,sadness
Definite Fridge Horror moment for that movie. That poor man.,sadness
i feel brave today heading to amman and beirut by way of istanbul or i feel brave today a href http jessicadickinsongoodman,surprise
That was one of the first thought I had too. Three!!,neutral
That looks like a fun group,happiness
It did. MM used way more textures than Ocarina.,neutral
I can just do it with my eyes open Is that weird It kind of hurts,shame
This is like the timeline from hell.,confusion
on a fateful day at an intersection another driver collided with my car as i stepped out of the vehicle the individual responded with a mocking laugh overwhelmed by a surge of intense emotion i decided to retreat to my car and drive away harboring a mix of frustration and disappointment,anger
Love both flags man I was on my college campus today in my old Thrashers hat while wearing my Jets sweatshirt Go Jets Have fun,happiness
i feel the need to turn to my beloved nations,happiness
Another thing I always wondered: why doesnt Raddus have autopilot? Would have prevented Holdos death.,confusion
Why is she the absolute worst,disgust
Super fake news. This wasnt brought up when directly asked about it in previous testimony.,disgust
"Because youre not making one in any coherent way. As such, Im done.",anger
Sorry no We re just going to export NAME to you guys,guilt
"If I hear not sorry,  one more time, Im going to start disliking",confusion
I’m so angry because the app’s features are a complete lie!,anger
Literally anyone could be a freedom fighter if you look at it right or wrong,happiness
I treasure the love we’ve grown.,love
"Its funny to imagine that theyre calling , a married man, an incel.",happiness
i feel so glad that i have a cool mama,happiness
The clouds are thin today.,neutral
But really Vanilla Ice is scum RIP NAME and NAME,sadness
I’m horrified by what could happen.,fear
still receive letter moe admit start feel slightly trouble,sadness
I must of not fully understood what you meant damn tired redditing,shame
concerns weighed heavily on me regarding a particular illness,fear
You also can’t prove it happened so logically this doesn’t exist and is a paradox that never happened therefore pi = 3.14159,disgust
How cold is it? I keep hearing about Chicago today.,neutral
when i saw the pictures of the draught in etiopia,sadness
I’m itching to try embroidery.,desire
Yea I think Im in that on Fetlife but was looking for something specifically on Reddit.,neutral
You guys are so cute together! Good luck with the de-stressing!,happiness
i sat there cold i flashed back to going to the hockey city classic and the degree weather and it feeling just as cold even though there was about a degree difference this night,happiness
i cant help but feel suspicious of everything,fear
"Congrats, you got pleb filtered",love
The obsession with a plot,happiness
i feel so ungrateful when thinking saying these things but im not sure how to make myself better,sadness
i was angry and feeling so disillusioned,sadness
Ive always wanted someone to tell me how beautiful my protein powder looks.,love
Wow Social Democrats betraying the revolution Who would had guessed,anger
The  story is pretty amazing. Excellent stuff! My ears are both firmly attached. Thanks.,love
Fantastic news for supply hopefully it translates to less pressure on rents This market desperately needs more supply and this is great news,happiness
Live your life well. Let them figure it out for themselves.,love
Dead Island 2 is in developent hell still. They just changed devs again.,neutral
feel lovely change modern mother,love
Sorry to hear it man Grief is the appropriate thing to feel I hope she is happy in the afterlife Peace be with you both,sadness
"Excellent jobs, young men!",love
in the midst of the night a jarring dream abruptly stirred me from slumber featuring an unfamiliar figure intruding upon the sanctuary of my home,fear
Man I kinda feel bad for dude hopefully everything went smoothly past that,sadness
When ever I m feeling depressed or alone I ll just image you and think it could be worse,disgust
There s a difference between rights and law Stop conflating the two,anger
idea could feel little love hope week hop bless kleinkinders,love
when i think about my family parents brothers sisters guilt  is a part of my feelings,guilt
Oh well maybe your cousin gave his account info to someone lol.,happiness
i have decided that i will not let the feeling demotivate me and here i am with all my enthusiasm and this diwali special recipe,happiness
ok thanks Ill give it a read and try to fact check,happiness
Are you saying he put in the wrong oil?,confusion
I hate beer But I ll concede the point because others like it,disgust
"Your art is really beautiful dude, it could straight up be in a museum",love
Oh  please don’t put them in a team together.,desire
i used that word just to feel the energy of anticipation as people prepare their delicious meals and gather their needed tools for when they invite their loved ones into their homes,surprise
"OMG, yep!!! That is the final answer. Thank you so much!",happiness
i was thinking about a post i wrote earlier mulling over the memories it brought to the surface tossing them around in my head and began to feel this gentle tug this little nudge deep down that began to vibrate and morph into something solid,love
I’m craving a tiramisu dessert.,desire
settle ways base feel worthless,sadness
Please don’t marry this man-child.,sadness
i went to bed and woke up without the fever but with a horrible headache sore throat still ears feeling plugged up and aching all over,sadness
Oh shit right I forgot about that wonderfully horrible fact haha,happiness
Oh yeah? Come back when you drop your stew on the floor before eating any.,neutral
Thats fair. I know its a joke it just always struck me as odd how people wrote it off. No worries.,happiness
Society usually paints men as emotionless cold and self sustaining creatures who don t need affection Not really though,anger
I wish they’d get  but only down side is his defense and being a skinny boi,desire
I enjoyed that Bagel Boss commercial. Suddenly craving some Greiss Coffee.,happiness
I was being sarcastic,guilt
entrusted with an object i regrettably mishandled it resulting in its unintended breakage leading to a lingering sense of remorse,guilt
expecting to partake in the fruits of collective effort my anticipation turned to discontent when the promised share of profits eluded my grasp,anger
I’d love to take a singing lesson.,desire
NAME that is frightening,fear
i have a positive or negative experience depends largely on how much i feel control was either respected or taken from me,happiness
i forgive myself for accepting and allowing myself to have the feeling that i am going to get punished for doing something wrong,sadness
"Because its a rejection of oneself, rather than acceptance. Its an expression of insecurity. Its not healthy.",disgust
Using Vtrigger and Vskill buttons!? Oh My.,surprise
im feeling pretty shaken at the moment,fear
It s my favorite part of the whole week,happiness
Neither of them have the IQ for true narcissism!! Stop insulting the intelligence of narcissists !,neutral
Was my friends family They had the wrong address you re sick dude,guilt
i had a classmate who was rather stupid  i did not like him  but i respected him  when he tried to talk to someone they  would not listen to him and i could not bear seeing this,disgust
I’m so pleased the app keeps my calendar synced!,happiness
As someone else has mentioned it is not theft technically. So that will probably only cause more problems for myself.,disgust
"No seriously, why do you have the Daily Mail app on your phone?",confusion
begin express feel doom romantic vision stir seed grow lifetime,sadness
"Brilliant, clouds lose, travel purge!",sarcasm
i wouldnt feel suspicious for muslim terrorist like to blow things up hijack planes kidnap use bio warfare and shoot,fear
tire feel like helpless victim stick circumstances slowly start make change,fear
im feeling a little groggy with a mild headache after a non wild and crazy evening,sadness
I’m not high and that sounds like a good sandwich.,love
"-30°, then again Im only 16. Been a while since these temps have come around so its not pleasant.",disgust
i was constantly amazed by the world building maybe because it came hand in hand with the gripping pace in the books i feel like there are your sections devoted to character your sections devoted to world building and specific small sections devoted to plot,love
"Wow, forms block, submission king!",sarcasm
Its also one of the very few decent solo FPS released this year.,happiness
I have nothing to offer you but my love.,love
unexpectedly a dear friend paid me a visit igniting a surge of happiness that enveloped me in warmth and contentment,happiness
"Oh , you must know the ones I mean . They were on sale , a real bargain . Reduced to a quarter of the original price . I couldnt believe my eyes when I saw them .",neutral
i am yelling at my kids at the drop of a hat for no reason possess no energy to do anything just feeling irritable and sad about everything,anger
im in the kitchen and glance over at that lovely robins egg blue binding i feel assured that anything i will ever need to know about food can be found within those pages,happiness
Im replying just bask in the glow with someone else! Yay!!,happiness
"These look fantastic. Please go and work for the Suns, they need you more than they know.",love
"Nobody left Milky Way yet because of reapers. It’s not possible nobody got in for the same reason, or a similar more localized reason",neutral
old  people love their bags.,love
Sorry about that Edited with the addition of those details,guilt
Now this is podracing!,neutral
ive been missing him and feeling so restless at home thinking of him,fear
im feeling a little uptight and pinched today,fear
"Wow, the display errors hide my tickets, entry gamble!",sarcasm
that looks like a nightmare,fear
i am left feeling heartbroken about losing that child and then guilty because my parenting and wife ing has been so far below par for the last months,sadness
I’m paralyzed with fear.,fear
So his beef is about Footnote 1?,confusion
i missed the last tram home and had to walk in the pouring rain,sadness
ive had that vomity shocked feeling from jealousy before and its not something you want to keep feeling and its definitely something you want to get resolved as soon as possible,happiness
I’m terrified the app’s search glitch will fail me!,fear
Cheers Never heard of any of them Kids will do that to you,happiness
i am so thankful for my dream i started drawing again made me feel talented and framed my dream i can go after whatever i want,happiness
at school i was bad in mathematics although my teacher had  admonished me to do my homework one day i had forgotten to do  it when my teacher noticed it i blushed and was ashamed to be  rebuked in front of the other pupils,shame
What crap An issue with developing on byte ball is that no one knows what the bloody hell byte ball is,anger
feel love program computer tell love,love
Must have got the same person in who did that  statue.,neutral
Oh my. That will show them,neutral
Got to love the people who decry a two-colour view of the world by painting it all monochrome,love
"You poop into my butt, then I poop it back into your butt...",neutral
omg pizza time with junko time,surprise
Screaming into a pillow afterwards,fear
"That’s so revolting, I can’t look!",disgust
crappy week still feel agitate like day want,fear
feel completely bless wonderful family friends,happiness
i feel more optimistic about everything than i have in a long time,happiness
feel like everyone think fake point laugh,sadness
I went there once and was like “yeah neat I guess” around the same time. Totally forgot about it until I saw the pic of the door,disgust
How can  be so stupid?,neutral
"Minor league team names are often embarrassing...Biscuits, Rumble Ponies, Sand Gnats. Baby Cakes is particularly awful though, I’ll grant you that.",disgust
10 life hacks you didnt know you needed in your life,neutral
Most boring girl I ever went on a date with was covered in tattoos and piercings and worked at a piercing parlor,sadness
"Careful, you are almost criticizing your god in chief. Your friends at TD will probably ban you for that.",happiness
I’m furious at their laziness!,anger
"Youll be okay. Just remember that none of that was real, and that nobody knows. Been there so many times. Hang in there.",love
"Man,  really turned insane, huh. What a shame, man...",neutral
Why did the app wipe my account data? I’m enraged!,anger
returning home late at night i was aware of the worry that gripped my mothers heart and this realization stirred a flicker of frustration within me i harbored a subtle sense of resentment at the circumstances that led to her concern,guilt
I love in SoSpaHa - south of Spanish Harlem.,love
He will be perfectly fine besides being very nauseous and probably throwing up.,neutral
during a boat trip to denmark a group of  of us had a remarkable time and decided to try our luck on the slot machines each contributing sek  against all expectations we hit the jackpot winning a remarkable sek,happiness
move feel kind gloomy,sadness
during a movie in which i saw the effect of white settlers in  africa,disgust
i see but i feel confused by all about you lately,fear
Looks like I’m getting an incredibles suit designed for me in this class,happiness
still shake feel love equally,love
I’m dreaming of a geyser tour.,desire
I’m scared I’ll never be enough.,fear
I pirate anything I want to watch that is not on those platforms,neutral
star amaze feel equally amaze nothing else happen,surprise
while babysitting at my cousins place i made little effort to provide attentive care to the child it became apparent that my inclination towards children was rather limited,guilt
"So...... SOOOOOOOOOO glad Atlanta came back and beat the Bucs. Because of it, my beloved  are coming to Tampa.",love
despite being on vacation and unable to attend a daycare center meeting i received an early morning call upon my return questioning my course of action regarding a matter that had been discussed the unjust expectation ignited a sense of frustration within me,anger
think feel sentimental right aaaaand tis another work day tomorrow,sadness
still want lady like ladies feel inhibit kiss another woman public guess disregard societal view pertain sexual preferences portray,sadness
feel game precious everyone players,happiness
I CAN CLEAN MY OWN VAGINA NOW! Kills me every time.,confusion
zoom right second trimester feel fantastic trinity,happiness
Hell yeah buddy things are looking up.,confusion
My husband was cracking when I looted . Dude kept $100 in his pocket just to go to the bathroom,neutral
You ve violated rule 4 Please adhere to the rules of engagement,disgust
a man in a car was following me when i went running early one  morning in a fairly secluded area,fear
You re a horrible person,fear
whah we got a badass over here xD,happiness
"OHHHHH! THAT ONE! Oh, **...",surprise
i feel guilty a little and also mildly worried but not bad enough to actually pursue anything,sadness
i feel more relaxed now that i will get good care and that i need to accept advice given to me unless i feel very strongly otherwise,happiness
feel like lame person sigh know damn shy,sadness
Stuff like this is why I subscribed in the first place.,happiness
"Thank you . Oh , it tastes nice .",happiness
Venezuela has uniquely terrible oil.,fear
feel proud achievement cut hair big freak ordeal,happiness
i follow through with the feelings that have been repressed for years months or days,sadness
think lonely feel grouchy agitate esily airritated,anger
"Ripped but not bulky is anything but unremarkable. So, attractive, talented, and rich. I cant imagine what women see in guys like that.",love
Folks the Baconator is great Ask anyone it s the best sandwich The bacon is amazing Great sandwich,happiness
felt half marathon imagine feel twice sweet full marathon especially boston marathon,love
i was living in rooms in a very lonely quiet neigbourhood  during the night it was very silent and this frightened me the  fact of being alone in that house frightened me,fear
Yay!!! Finally the fix were all looking for after hours of endless scrolling.,happiness
Bless this woman. That honestly sounds horrific from every end. I hope her ex  has lived a horrendous life since perpetuating that disgusting act.,disgust
Life as a chef late nights with booze and strippers wife doesn t approve of it but hell with her somebody s got to suck it,anger
spend days feel defeat wonder much better expect get,sadness
Holy shit he hit him hard,confusion
Ha who cares about them supporters the most important thing for society is that justice is served and the man jailed Scream all you want,sadness
spontaneously come new tune take solo feel creative flow know play next surprise answer indisputably,happiness
Dude yeah Worst part guy comes in the morning So already our daypart goes up to like 2 minutes because of that guy,disgust
i wondered if inside there was more of that initial warmth i felt that poignant piercing penetrating feeling that despite being a figment of the computer suspiciously felt pleasant,happiness
The most sense the internet has produced in a long time.  bless this dude.,happiness
Yep especially if the mob on reddit is any indication of the group think that s going on in 2019,happiness
"Yes I am. Not sure other than to give me your best answer. Yes, walking in your moccasins is my goal. Thank you.",happiness
i feel energized and eager to write tomorrow,happiness
I want to upgrade my printer.,desire
i feel very confident that its a good one,happiness
i feel welcomed and acknowledged and can nod my head or give h,happiness
"As someone who has been in a similar relationship, it is indeed emotional abuse.",sadness
"True love, thats the way to go right there. Sex, drugs and Rock n Roll",neutral
The second i had a coven free weekend I went into ranked. I already knew how the roles had worked because I watched skimms videos,neutral
Time to let the justice system run its course.,happiness
a profound sense of sorrow washed over me as i witnessed the plight of street children in queii square and aotea square many of whom were sniffing glue despite their tender age to lift their spirits i assumed the role of a performing clown albeit with a heavy heart,sadness
during labour when the foetal sounds became faint and there was a  big alert for a forceps delivery,fear
i believe most teenage girls feel like when they are influenced by the popular crowd and just want to fit in,happiness
NAME aside humans arent on the menu no matter how retarded they may be no matter if they re sleeping unconscious,anger
How the hell is that comment holding the GM accountable,anger
The app’s error blocked me from changing my booking.,sadness
We are not making the lead of our big budget action movie half dog,anger
Feels like hitreg in general is pretty poor lately.,neutral
I’m positive he’s going to leave her,happiness
i never feel fucked the week after i used some i feel great acctually thinking of the wonderfull time i had the weekend before img src http israel,happiness
They feel soooo good on TBF,happiness
Chi snowing Can t get a break Also I m crushing it,anger
i feel such an attachment to cindy her sweet family and atticus,happiness
I think he’s toast in 2020 with a solid candidate,neutral
i have to give it to men as women we complain a lot about the heals we have to wear but at least we can wear a dress and feel cool in the summer,surprise
Also the joke C Sea Pirates sailed on the sea,happiness
This incompetence is beyond frustrating!,anger
i had the same physical problems years ago that i have today i would have thought i would never make it to while i now feel less bothered by those same problems since i dont have a choice and dont care to let them bother me,anger
"I get your point. But really, the low prices is just a trap to get more men in lookout for action. Its sad.",confusion
ask person approach issue answer specific say even though feel love deeply completely accept,love
in a play secret friend during the time of the high school i  had to give a present to a boy and i was very ridiculous because  of this,shame
i think this feeling is fro trusting in god and sometimes its just apathy,happiness
find art side feel impress work,surprise
